2026-06-10T22:32:00.644-05:00  INFO 4296 --- [practice-basic-auth] [main] o.b.s.p.PracticeBasicAuthApplication     : Starting PracticeBasicAuthApplication using Java 21.0.8 with PID 4296 (C:\Users\sbenj\Desktop\practice-basic-auth\target\classes started by sbenj in C:\Users\sbenj\Desktop\practice-basic-auth)
2026-06-10T22:32:00.646-05:00  INFO 4296 --- [practice-basic-auth] [main] o.b.s.p.PracticeBasicAuthApplication     : No active profile set, falling back to 1 default profile: "default"
2026-06-10T22:32:00.647-05:00 DEBUG 4296 --- [practice-basic-auth] [main] o.s.boot.SpringApplication               : Loading source class org.bsr.springboot.practicebasicauth.PracticeBasicAuthApplication
2026-06-10T22:32:00.680-05:00 DEBUG 4296 --- [practice-basic-auth] [main] ConfigServletWebServerApplicationContext : Refreshing org.springframework.boot.web.server.servlet.context.AnnotationConfigServletWebServerApplicationContext@6b9ce1bf
2026-06-10T22:32:00.696-05:00 DEBUG 4296 --- [practice-basic-auth] [main] o.s.b.f.s.DefaultListableBeanFactory     : Creating shared instance of singleton bean 'org.springframework.context.annotation.internalConfigurationAnnotationProcessor'
2026-06-10T22:32:00.708-05:00 DEBUG 4296 --- [practice-basic-auth] [main] o.s.b.f.s.DefaultListableBeanFactory     : Creating shared instance of singleton bean 'org.springframework.boot.autoconfigure.internalCachingMetadataReaderFactory'
2026-06-10T22:32:00.755-05:00 DEBUG 4296 --- [practice-basic-auth] [main] o.s.c.a.ClassPathBeanDefinitionScanner   : Identified candidate component class: file [C:\Users\sbenj\Desktop\practice-basic-auth\target\classes\org\bsr\springboot\practicebasicauth\features\AppUserController.class]
2026-06-10T22:32:00.756-05:00 DEBUG 4296 --- [practice-basic-auth] [main] o.s.c.a.ClassPathBeanDefinitionScanner   : Identified candidate component class: file [C:\Users\sbenj\Desktop\practice-basic-auth\target\classes\org\bsr\springboot\practicebasicauth\features\AppUserMapper.class]
2026-06-10T22:32:00.759-05:00 DEBUG 4296 --- [practice-basic-auth] [main] o.s.c.a.ClassPathBeanDefinitionScanner   : Identified candidate component class: file [C:\Users\sbenj\Desktop\practice-basic-auth\target\classes\org\bsr\springboot\practicebasicauth\features\AppUserRepository.class]
2026-06-10T22:32:00.764-05:00 DEBUG 4296 --- [practice-basic-auth] [main] o.s.c.a.ClassPathBeanDefinitionScanner   : Identified candidate component class: file [C:\Users\sbenj\Desktop\practice-basic-auth\target\classes\org\bsr\springboot\practicebasicauth\features\AppUserService.class]
2026-06-10T22:32:00.766-05:00 DEBUG 4296 --- [practice-basic-auth] [main] o.s.c.a.ClassPathBeanDefinitionScanner   : Identified candidate component class: file [C:\Users\sbenj\Desktop\practice-basic-auth\target\classes\org\bsr\springboot\practicebasicauth\security\AppUserDetailsService.class]
2026-06-10T22:32:00.768-05:00 DEBUG 4296 --- [practice-basic-auth] [main] o.s.c.a.ClassPathBeanDefinitionScanner   : Identified candidate component class: file [C:\Users\sbenj\Desktop\practice-basic-auth\target\classes\org\bsr\springboot\practicebasicauth\security\CustomAccessDeniedHandler.class]
2026-06-10T22:32:00.770-05:00 DEBUG 4296 --- [practice-basic-auth] [main] o.s.c.a.ClassPathBeanDefinitionScanner   : Identified candidate component class: file [C:\Users\sbenj\Desktop\practice-basic-auth\target\classes\org\bsr\springboot\practicebasicauth\security\CustomAuthenticationEntryPoint.class]
2026-06-10T22:32:00.781-05:00 DEBUG 4296 --- [practice-basic-auth] [main] o.s.c.a.ClassPathBeanDefinitionScanner   : Identified candidate component class: file [C:\Users\sbenj\Desktop\practice-basic-auth\target\classes\org\bsr\springboot\practicebasicauth\security\SecurityConfig.class]
2026-06-10T22:32:01.330-05:00  INFO 4296 --- [practice-basic-auth] [main] .s.d.r.c.RepositoryConfigurationDelegate : Bootstrapping Spring Data JDBC repositories in DEFAULT mode.
2026-06-10T22:32:01.335-05:00 DEBUG 4296 --- [practice-basic-auth] [main] o.s.b.f.s.DefaultListableBeanFactory     : Creating shared instance of singleton bean 'org.springframework.boot.autoconfigure.AutoConfigurationPackages'
2026-06-10T22:32:01.340-05:00 DEBUG 4296 --- [practice-basic-auth] [main] o.s.b.a.AutoConfigurationPackages        : @EnableAutoConfiguration was declared on a class in the package 'org.bsr.springboot.practicebasicauth'. Automatic @Repository and @Entity scanning is enabled.
2026-06-10T22:32:01.341-05:00 DEBUG 4296 --- [practice-basic-auth] [main] .s.d.r.c.RepositoryConfigurationDelegate : Scanning for JDBC repositories in packages org.bsr.springboot.practicebasicauth.
2026-06-10T22:32:01.348-05:00  INFO 4296 --- [practice-basic-auth] [main] .s.d.r.c.RepositoryConfigurationDelegate : Finished Spring Data repository scanning in 6 ms. Found 0 JDBC repository interfaces.
2026-06-10T22:32:01.455-05:00 DEBUG 4296 --- [practice-basic-auth] [main] o.s.b.f.s.DefaultListableBeanFactory     : Creating shared instance of singleton bean 'springSecurityPathPatternParserBeanDefinitionRegistryPostProcessor'
2026-06-10T22:32:01.508-05:00 DEBUG 4296 --- [practice-basic-auth] [main] o.s.b.f.s.DefaultListableBeanFactory     : Creating shared instance of singleton bean 'propertySourcesPlaceholderConfigurer'
2026-06-10T22:32:01.512-05:00 DEBUG 4296 --- [practice-basic-auth] [main] o.s.b.f.s.DefaultListableBeanFactory     : Creating shared instance of singleton bean 'org.springframework.boot.sql.init.dependency.DatabaseInitializationDependencyConfigurer$DependsOnDatabaseInitializationPostProcessor'
2026-06-10T22:32:01.537-05:00 DEBUG 4296 --- [practice-basic-auth] [main] o.s.b.f.s.DefaultListableBeanFactory     : Creating shared instance of singleton bean 'org.springframework.context.event.internalEventListenerProcessor'
2026-06-10T22:32:01.539-05:00 DEBUG 4296 --- [practice-basic-auth] [main] o.s.b.f.s.DefaultListableBeanFactory     : Creating shared instance of singleton bean 'conversionServicePostProcessor'
2026-06-10T22:32:01.544-05:00 DEBUG 4296 --- [practice-basic-auth] [main] o.s.b.f.s.DefaultListableBeanFactory     : Creating shared instance of singleton bean 'bootstrapExecutorAliasPostProcessor'
2026-06-10T22:32:01.545-05:00 DEBUG 4296 --- [practice-basic-auth] [main] o.s.b.f.s.DefaultListableBeanFactory     : Creating shared instance of singleton bean 'preserveErrorControllerTargetClassPostProcessor'
2026-06-10T22:32:01.546-05:00 DEBUG 4296 --- [practice-basic-auth] [main] o.s.b.f.s.DefaultListableBeanFactory     : Creating shared instance of singleton bean 'forceAutoProxyCreatorToUseClassProxying'
2026-06-10T22:32:01.547-05:00 DEBUG 4296 --- [practice-basic-auth] [main] o.s.b.f.s.DefaultListableBeanFactory     : Creating shared instance of singleton bean 'org.springframework.context.event.internalEventListenerFactory'
2026-06-10T22:32:01.548-05:00 DEBUG 4296 --- [practice-basic-auth] [main] o.s.b.f.s.DefaultListableBeanFactory     : Creating shared instance of singleton bean 'org.springframework.transaction.config.internalTransactionalEventListenerFactory'
2026-06-10T22:32:01.552-05:00 DEBUG 4296 --- [practice-basic-auth] [main] o.s.b.f.s.DefaultListableBeanFactory     : Creating shared instance of singleton bean 'org.springframework.context.annotation.internalAutowiredAnnotationProcessor'
2026-06-10T22:32:01.554-05:00 DEBUG 4296 --- [practice-basic-auth] [main] o.s.b.f.s.DefaultListableBeanFactory     : Creating shared instance of singleton bean 'org.springframework.context.annotation.internalCommonAnnotationProcessor'
2026-06-10T22:32:01.557-05:00 DEBUG 4296 --- [practice-basic-auth] [main] o.s.b.f.s.DefaultListableBeanFactory     : Creating shared instance of singleton bean 'org.springframework.boot.context.properties.ConfigurationPropertiesBindingPostProcessor'
2026-06-10T22:32:01.558-05:00 DEBUG 4296 --- [practice-basic-auth] [main] o.s.b.f.s.DefaultListableBeanFactory     : Creating shared instance of singleton bean 'org.springframework.boot.context.internalConfigurationPropertiesBinder'
2026-06-10T22:32:01.560-05:00 DEBUG 4296 --- [practice-basic-auth] [main] o.s.b.f.s.DefaultListableBeanFactory     : Creating shared instance of singleton bean 'jdbcConnectionDetailsHikariBeanPostProcessor'
2026-06-10T22:32:01.564-05:00 DEBUG 4296 --- [practice-basic-auth] [main] o.s.b.f.s.DefaultListableBeanFactory     : Creating shared instance of singleton bean 'methodValidationPostProcessor'
2026-06-10T22:32:01.565-05:00 DEBUG 4296 --- [practice-basic-auth] [main] o.s.b.f.s.DefaultListableBeanFactory     : Autowiring by type from bean name 'methodValidationPostProcessor' via factory method to bean named 'environment'
2026-06-10T22:32:01.566-05:00 DEBUG 4296 --- [practice-basic-auth] [main] o.s.b.f.s.DefaultListableBeanFactory     : Creating shared instance of singleton bean 'org.springframework.boot.context.properties.EnableConfigurationPropertiesRegistrar.methodValidationExcludeFilter'
2026-06-10T22:32:01.576-05:00 DEBUG 4296 --- [practice-basic-auth] [main] o.s.b.f.s.DefaultListableBeanFactory     : Creating shared instance of singleton bean 'org.springframework.aop.framework.autoproxy.defaultProxyConfig'
2026-06-10T22:32:01.587-05:00 DEBUG 4296 --- [practice-basic-auth] [main] o.s.b.f.s.DefaultListableBeanFactory     : Creating shared instance of singleton bean 'persistenceExceptionTranslationPostProcessor'
2026-06-10T22:32:01.588-05:00 DEBUG 4296 --- [practice-basic-auth] [main] o.s.b.f.s.DefaultListableBeanFactory     : Autowiring by type from bean name 'persistenceExceptionTranslationPostProcessor' via factory method to bean named 'environment'
2026-06-10T22:32:01.589-05:00 DEBUG 4296 --- [practice-basic-auth] [main] o.s.b.f.s.DefaultListableBeanFactory     : Creating shared instance of singleton bean 'org.springframework.aop.config.internalAutoProxyCreator'
2026-06-10T22:32:01.594-05:00 DEBUG 4296 --- [practice-basic-auth] [main] o.s.b.f.s.DefaultListableBeanFactory     : Creating shared instance of singleton bean 'meterRegistryPostProcessor'
2026-06-10T22:32:01.596-05:00 DEBUG 4296 --- [practice-basic-auth] [main] o.s.b.f.s.DefaultListableBeanFactory     : Autowiring by type from bean name 'meterRegistryPostProcessor' via factory method to bean named 'org.springframework.boot.web.server.servlet.context.AnnotationConfigServletWebServerApplicationContext@6b9ce1bf'
2026-06-10T22:32:01.599-05:00 DEBUG 4296 --- [practice-basic-auth] [main] o.s.b.f.s.DefaultListableBeanFactory     : Creating shared instance of singleton bean 'org.springframework.transaction.config.internalTransactionAdvisor'
2026-06-10T22:32:01.599-05:00 DEBUG 4296 --- [practice-basic-auth] [main] o.s.b.f.s.DefaultListableBeanFactory     : Creating shared instance of singleton bean 'org.springframework.transaction.annotation.ProxyTransactionManagementConfiguration'
2026-06-10T22:32:01.606-05:00 DEBUG 4296 --- [practice-basic-auth] [main] o.s.b.f.s.DefaultListableBeanFactory     : Creating shared instance of singleton bean 'transactionAttributeSource'
2026-06-10T22:32:01.609-05:00 DEBUG 4296 --- [practice-basic-auth] [main] o.s.b.f.s.DefaultListableBeanFactory     : Creating shared instance of singleton bean 'transactionInterceptor'
2026-06-10T22:32:01.610-05:00 DEBUG 4296 --- [practice-basic-auth] [main] o.s.b.f.s.DefaultListableBeanFactory     : Autowiring by type from bean name 'transactionInterceptor' via factory method to bean named 'transactionAttributeSource'
2026-06-10T22:32:01.615-05:00 DEBUG 4296 --- [practice-basic-auth] [main] o.s.b.f.s.DefaultListableBeanFactory     : Autowiring by type from bean name 'org.springframework.transaction.config.internalTransactionAdvisor' via factory method to bean named 'transactionAttributeSource'
2026-06-10T22:32:01.615-05:00 DEBUG 4296 --- [practice-basic-auth] [main] o.s.b.f.s.DefaultListableBeanFactory     : Autowiring by type from bean name 'org.springframework.transaction.config.internalTransactionAdvisor' via factory method to bean named 'transactionInterceptor'
2026-06-10T22:32:01.619-05:00 DEBUG 4296 --- [practice-basic-auth] [main] o.s.b.f.s.DefaultListableBeanFactory     : Creating shared instance of singleton bean 'metricsRepositoryMethodInvocationListenerBeanPostProcessor'
2026-06-10T22:32:01.620-05:00 DEBUG 4296 --- [practice-basic-auth] [main] o.s.b.f.s.DefaultListableBeanFactory     : Creating shared instance of singleton bean 'projectingArgumentResolverBeanPostProcessor'
2026-06-10T22:32:01.639-05:00 DEBUG 4296 --- [practice-basic-auth] [main] o.s.b.f.s.DefaultListableBeanFactory     : Creating shared instance of singleton bean 'healthEndpointGroupsBeanPostProcessor'
2026-06-10T22:32:01.640-05:00 DEBUG 4296 --- [practice-basic-auth] [main] o.s.b.f.s.DefaultListableBeanFactory     : Creating shared instance of singleton bean 'observationRegistryPostProcessor'
2026-06-10T22:32:01.642-05:00 DEBUG 4296 --- [practice-basic-auth] [main] o.s.b.f.s.DefaultListableBeanFactory     : Creating shared instance of singleton bean 'webServerFactoryCustomizerBeanPostProcessor'
2026-06-10T22:32:01.643-05:00 DEBUG 4296 --- [practice-basic-auth] [main] o.s.b.f.s.DefaultListableBeanFactory     : Creating shared instance of singleton bean 'errorPageRegistrarBeanPostProcessor'
2026-06-10T22:32:01.644-05:00 DEBUG 4296 --- [practice-basic-auth] [main] o.s.b.f.s.DefaultListableBeanFactory     : Creating shared instance of singleton bean 'tomcatServletWebServerFactory'
2026-06-10T22:32:01.644-05:00 DEBUG 4296 --- [practice-basic-auth] [main] o.s.b.f.s.DefaultListableBeanFactory     : Creating shared instance of singleton bean 'org.springframework.boot.tomcat.autoconfigure.servlet.TomcatServletWebServerAutoConfiguration'
2026-06-10T22:32:01.645-05:00 DEBUG 4296 --- [practice-basic-auth] [main] o.s.b.f.s.DefaultListableBeanFactory     : Creating shared instance of singleton bean 'server.tomcat-org.springframework.boot.tomcat.autoconfigure.TomcatServerProperties'
2026-06-10T22:32:01.647-05:00 DEBUG 4296 --- [practice-basic-auth] [main] o.s.b.f.s.DefaultListableBeanFactory     : Creating shared instance of singleton bean 'org.springframework.boot.context.properties.BoundConfigurationProperties'
2026-06-10T22:32:01.654-05:00 DEBUG 4296 --- [practice-basic-auth] [main] o.s.b.f.s.DefaultListableBeanFactory     : Autowiring by type from bean name 'org.springframework.boot.tomcat.autoconfigure.servlet.TomcatServletWebServerAutoConfiguration' via constructor to bean named 'server.tomcat-org.springframework.boot.tomcat.autoconfigure.TomcatServerProperties'
2026-06-10T22:32:01.680-05:00 DEBUG 4296 --- [practice-basic-auth] [main] o.s.b.f.s.DefaultListableBeanFactory     : Creating shared instance of singleton bean 'servletWebServerFactoryCustomizer'
2026-06-10T22:32:01.680-05:00 DEBUG 4296 --- [practice-basic-auth] [main] o.s.b.f.s.DefaultListableBeanFactory     : Creating shared instance of singleton bean 'org.springframework.boot.web.server.autoconfigure.servlet.ServletWebServerConfiguration'
2026-06-10T22:32:01.681-05:00 DEBUG 4296 --- [practice-basic-auth] [main] o.s.b.f.s.DefaultListableBeanFactory     : Creating shared instance of singleton bean 'server-org.springframework.boot.web.server.autoconfigure.ServerProperties'
2026-06-10T22:32:01.685-05:00 DEBUG 4296 --- [practice-basic-auth] [main] o.s.b.f.s.DefaultListableBeanFactory     : Autowiring by type from bean name 'servletWebServerFactoryCustomizer' via factory method to bean named 'server-org.springframework.boot.web.server.autoconfigure.ServerProperties'
2026-06-10T22:32:01.687-05:00 DEBUG 4296 --- [practice-basic-auth] [main] o.s.b.f.s.DefaultListableBeanFactory     : Creating shared instance of singleton bean 'sslBundleRegistry'
2026-06-10T22:32:01.687-05:00 DEBUG 4296 --- [practice-basic-auth] [main] o.s.b.f.s.DefaultListableBeanFactory     : Creating shared instance of singleton bean 'org.springframework.boot.autoconfigure.ssl.SslAutoConfiguration'
2026-06-10T22:32:01.688-05:00 DEBUG 4296 --- [practice-basic-auth] [main] o.s.b.f.s.DefaultListableBeanFactory     : Creating shared instance of singleton bean 'spring.ssl-org.springframework.boot.autoconfigure.ssl.SslProperties'
2026-06-10T22:32:01.689-05:00 DEBUG 4296 --- [practice-basic-auth] [main] o.s.b.f.s.DefaultListableBeanFactory     : Autowiring by type from bean name 'org.springframework.boot.autoconfigure.ssl.SslAutoConfiguration' via constructor to bean named 'org.springframework.boot.web.server.servlet.context.AnnotationConfigServletWebServerApplicationContext@6b9ce1bf'
2026-06-10T22:32:01.689-05:00 DEBUG 4296 --- [practice-basic-auth] [main] o.s.b.f.s.DefaultListableBeanFactory     : Autowiring by type from bean name 'org.springframework.boot.autoconfigure.ssl.SslAutoConfiguration' via constructor to bean named 'spring.ssl-org.springframework.boot.autoconfigure.ssl.SslProperties'
2026-06-10T22:32:01.691-05:00 DEBUG 4296 --- [practice-basic-auth] [main] o.s.b.f.s.DefaultListableBeanFactory     : Creating shared instance of singleton bean 'sslPropertiesSslBundleRegistrar'
2026-06-10T22:32:01.692-05:00 DEBUG 4296 --- [practice-basic-auth] [main] o.s.b.f.s.DefaultListableBeanFactory     : Creating shared instance of singleton bean 'fileWatcher'
2026-06-10T22:32:01.692-05:00 DEBUG 4296 --- [practice-basic-auth] [main] o.s.b.f.s.DefaultListableBeanFactory     : Autowiring by type from bean name 'sslPropertiesSslBundleRegistrar' via factory method to bean named 'fileWatcher'
2026-06-10T22:32:01.697-05:00 DEBUG 4296 --- [practice-basic-auth] [main] o.s.b.f.s.DefaultListableBeanFactory     : Creating shared instance of singleton bean 'webSocketWebServerCustomizer'
2026-06-10T22:32:01.697-05:00 DEBUG 4296 --- [practice-basic-auth] [main] o.s.b.f.s.DefaultListableBeanFactory     : Creating shared instance of singleton bean 'org.springframework.boot.tomcat.autoconfigure.TomcatWebServerConfiguration$TomcatWebSocketConfiguration'
2026-06-10T22:32:01.698-05:00 DEBUG 4296 --- [practice-basic-auth] [main] o.s.b.f.s.DefaultListableBeanFactory     : Creating shared instance of singleton bean 'tomcatWebServerFactoryCustomizer'
2026-06-10T22:32:01.698-05:00 DEBUG 4296 --- [practice-basic-auth] [main] o.s.b.f.s.DefaultListableBeanFactory     : Creating shared instance of singleton bean 'org.springframework.boot.tomcat.autoconfigure.TomcatWebServerConfiguration'
2026-06-10T22:32:01.699-05:00 DEBUG 4296 --- [practice-basic-auth] [main] o.s.b.f.s.DefaultListableBeanFactory     : Creating shared instance of singleton bean 'spring.web-org.springframework.boot.autoconfigure.web.WebProperties'
2026-06-10T22:32:01.701-05:00 DEBUG 4296 --- [practice-basic-auth] [main] o.s.b.f.s.DefaultListableBeanFactory     : Autowiring by type from bean name 'tomcatWebServerFactoryCustomizer' via factory method to bean named 'environment'
2026-06-10T22:32:01.701-05:00 DEBUG 4296 --- [practice-basic-auth] [main] o.s.b.f.s.DefaultListableBeanFactory     : Autowiring by type from bean name 'tomcatWebServerFactoryCustomizer' via factory method to bean named 'server-org.springframework.boot.web.server.autoconfigure.ServerProperties'
2026-06-10T22:32:01.701-05:00 DEBUG 4296 --- [practice-basic-auth] [main] o.s.b.f.s.DefaultListableBeanFactory     : Autowiring by type from bean name 'tomcatWebServerFactoryCustomizer' via factory method to bean named 'server.tomcat-org.springframework.boot.tomcat.autoconfigure.TomcatServerProperties'
2026-06-10T22:32:01.701-05:00 DEBUG 4296 --- [practice-basic-auth] [main] o.s.b.f.s.DefaultListableBeanFactory     : Autowiring by type from bean name 'tomcatWebServerFactoryCustomizer' via factory method to bean named 'spring.web-org.springframework.boot.autoconfigure.web.WebProperties'
2026-06-10T22:32:01.703-05:00 DEBUG 4296 --- [practice-basic-auth] [main] o.s.b.f.s.DefaultListableBeanFactory     : Creating shared instance of singleton bean 'tomcatServletWebServerFactoryCustomizer'
2026-06-10T22:32:01.703-05:00 DEBUG 4296 --- [practice-basic-auth] [main] o.s.b.f.s.DefaultListableBeanFactory     : Autowiring by type from bean name 'tomcatServletWebServerFactoryCustomizer' via factory method to bean named 'server.tomcat-org.springframework.boot.tomcat.autoconfigure.TomcatServerProperties'
2026-06-10T22:32:01.723-05:00 DEBUG 4296 --- [practice-basic-auth] [main] o.s.b.f.s.DefaultListableBeanFactory     : Creating shared instance of singleton bean 'errorPageCustomizer'
2026-06-10T22:32:01.723-05:00 DEBUG 4296 --- [practice-basic-auth] [main] o.s.b.f.s.DefaultListableBeanFactory     : Creating shared instance of singleton bean 'org.springframework.boot.webmvc.autoconfigure.error.ErrorMvcAutoConfiguration'
2026-06-10T22:32:01.724-05:00 DEBUG 4296 --- [practice-basic-auth] [main] o.s.b.f.s.DefaultListableBeanFactory     : Autowiring by type from bean name 'org.springframework.boot.webmvc.autoconfigure.error.ErrorMvcAutoConfiguration' via constructor to bean named 'spring.web-org.springframework.boot.autoconfigure.web.WebProperties'
2026-06-10T22:32:01.724-05:00 DEBUG 4296 --- [practice-basic-auth] [main] o.s.b.f.s.DefaultListableBeanFactory     : Creating shared instance of singleton bean 'dispatcherServletRegistration'
2026-06-10T22:32:01.724-05:00 DEBUG 4296 --- [practice-basic-auth] [main] o.s.b.f.s.DefaultListableBeanFactory     : Creating shared instance of singleton bean 'org.springframework.boot.webmvc.autoconfigure.DispatcherServletAutoConfiguration$DispatcherServletRegistrationConfiguration'
2026-06-10T22:32:01.725-05:00 DEBUG 4296 --- [practice-basic-auth] [main] o.s.b.f.s.DefaultListableBeanFactory     : Creating shared instance of singleton bean 'dispatcherServlet'
2026-06-10T22:32:01.725-05:00 DEBUG 4296 --- [practice-basic-auth] [main] o.s.b.f.s.DefaultListableBeanFactory     : Creating shared instance of singleton bean 'org.springframework.boot.webmvc.autoconfigure.DispatcherServletAutoConfiguration$DispatcherServletConfiguration'
2026-06-10T22:32:01.725-05:00 DEBUG 4296 --- [practice-basic-auth] [main] o.s.b.f.s.DefaultListableBeanFactory     : Creating shared instance of singleton bean 'spring.mvc-org.springframework.boot.webmvc.autoconfigure.WebMvcProperties'
2026-06-10T22:32:01.727-05:00 DEBUG 4296 --- [practice-basic-auth] [main] o.s.b.f.s.DefaultListableBeanFactory     : Autowiring by type from bean name 'dispatcherServlet' via factory method to bean named 'spring.mvc-org.springframework.boot.webmvc.autoconfigure.WebMvcProperties'
2026-06-10T22:32:01.737-05:00 DEBUG 4296 --- [practice-basic-auth] [main] o.s.b.f.s.DefaultListableBeanFactory     : Autowiring by type from bean name 'dispatcherServletRegistration' via factory method to bean named 'dispatcherServlet'
2026-06-10T22:32:01.737-05:00 DEBUG 4296 --- [practice-basic-auth] [main] o.s.b.f.s.DefaultListableBeanFactory     : Autowiring by type from bean name 'dispatcherServletRegistration' via factory method to bean named 'spring.mvc-org.springframework.boot.webmvc.autoconfigure.WebMvcProperties'
2026-06-10T22:32:01.739-05:00 DEBUG 4296 --- [practice-basic-auth] [main] o.s.b.f.s.DefaultListableBeanFactory     : Creating shared instance of singleton bean 'multipartConfigElement'
2026-06-10T22:32:01.739-05:00 DEBUG 4296 --- [practice-basic-auth] [main] o.s.b.f.s.DefaultListableBeanFactory     : Creating shared instance of singleton bean 'org.springframework.boot.servlet.autoconfigure.MultipartAutoConfiguration'
2026-06-10T22:32:01.740-05:00 DEBUG 4296 --- [practice-basic-auth] [main] o.s.b.f.s.DefaultListableBeanFactory     : Creating shared instance of singleton bean 'spring.servlet.multipart-org.springframework.boot.servlet.autoconfigure.MultipartProperties'
2026-06-10T22:32:01.742-05:00 DEBUG 4296 --- [practice-basic-auth] [main] o.s.b.f.s.DefaultListableBeanFactory     : Autowiring by type from bean name 'org.springframework.boot.servlet.autoconfigure.MultipartAutoConfiguration' via constructor to bean named 'spring.servlet.multipart-org.springframework.boot.servlet.autoconfigure.MultipartProperties'
2026-06-10T22:32:01.745-05:00 DEBUG 4296 --- [practice-basic-auth] [main] o.s.b.f.s.DefaultListableBeanFactory     : Autowiring by type from bean name 'errorPageCustomizer' via factory method to bean named 'dispatcherServletRegistration'
2026-06-10T22:32:01.820-05:00 DEBUG 4296 --- [practice-basic-auth] [main] o.s.b.t.s.TomcatServletWebServerFactory  : Code archive: C:\Users\sbenj\.m2\repository\org\springframework\boot\spring-boot-web-server\4.0.6\spring-boot-web-server-4.0.6.jar
2026-06-10T22:32:01.820-05:00 DEBUG 4296 --- [practice-basic-auth] [main] o.s.b.t.s.TomcatServletWebServerFactory  : Code archive: C:\Users\sbenj\.m2\repository\org\springframework\boot\spring-boot-web-server\4.0.6\spring-boot-web-server-4.0.6.jar
2026-06-10T22:32:01.821-05:00 DEBUG 4296 --- [practice-basic-auth] [main] o.s.b.t.s.TomcatServletWebServerFactory  : None of the document roots [src/main/webapp, public, static] point to a directory and will be ignored.
2026-06-10T22:32:01.847-05:00  INFO 4296 --- [practice-basic-auth] [main] o.s.boot.tomcat.TomcatWebServer          : Tomcat initialized with port 8080 (http)
2026-06-10T22:32:01.863-05:00  INFO 4296 --- [practice-basic-auth] [main] o.apache.catalina.core.StandardService   : Starting service [Tomcat]
2026-06-10T22:32:01.863-05:00  INFO 4296 --- [practice-basic-auth] [main] o.apache.catalina.core.StandardEngine    : Starting Servlet engine: [Apache Tomcat/11.0.22]
2026-06-10T22:32:01.914-05:00 DEBUG 4296 --- [practice-basic-auth] [main] b.w.c.s.WebApplicationContextInitializer : Published root WebApplicationContext as ServletContext attribute with name [org.springframework.web.context.WebApplicationContext.ROOT]
2026-06-10T22:32:01.914-05:00  INFO 4296 --- [practice-basic-auth] [main] b.w.c.s.WebApplicationContextInitializer : Root WebApplicationContext: initialization completed in 1234 ms
2026-06-10T22:32:01.916-05:00 DEBUG 4296 --- [practice-basic-auth] [main] o.s.b.f.s.DefaultListableBeanFactory     : Creating shared instance of singleton bean 'securityFilterChainRegistration'
2026-06-10T22:32:01.916-05:00 DEBUG 4296 --- [practice-basic-auth] [main] o.s.b.f.s.DefaultListableBeanFactory     : Creating shared instance of singleton bean 'org.springframework.boot.security.autoconfigure.web.servlet.SecurityFilterAutoConfiguration'
2026-06-10T22:32:01.917-05:00 DEBUG 4296 --- [practice-basic-auth] [main] o.s.b.f.s.DefaultListableBeanFactory     : Creating shared instance of singleton bean 'spring.security.filter-org.springframework.boot.security.autoconfigure.web.servlet.SecurityFilterProperties'
2026-06-10T22:32:01.918-05:00 DEBUG 4296 --- [practice-basic-auth] [main] o.s.b.f.s.DefaultListableBeanFactory     : Autowiring by type from bean name 'securityFilterChainRegistration' via factory method to bean named 'spring.security.filter-org.springframework.boot.security.autoconfigure.web.servlet.SecurityFilterProperties'
2026-06-10T22:32:01.920-05:00 DEBUG 4296 --- [practice-basic-auth] [main] o.s.b.f.s.DefaultListableBeanFactory     : Creating shared instance of singleton bean 'webMvcObservationFilter'
2026-06-10T22:32:01.920-05:00 DEBUG 4296 --- [practice-basic-auth] [main] o.s.b.f.s.DefaultListableBeanFactory     : Creating shared instance of singleton bean 'org.springframework.boot.webmvc.autoconfigure.WebMvcObservationAutoConfiguration'
2026-06-10T22:32:01.921-05:00 DEBUG 4296 --- [practice-basic-auth] [main] o.s.b.f.s.DefaultListableBeanFactory     : Creating shared instance of singleton bean 'observationRegistry'
2026-06-10T22:32:01.921-05:00 DEBUG 4296 --- [practice-basic-auth] [main] o.s.b.f.s.DefaultListableBeanFactory     : Creating shared instance of singleton bean 'org.springframework.boot.micrometer.observation.autoconfigure.ObservationAutoConfiguration'
2026-06-10T22:32:01.923-05:00 DEBUG 4296 --- [practice-basic-auth] [main] o.s.b.f.s.DefaultListableBeanFactory     : Creating shared instance of singleton bean 'propertiesObservationFilter'
2026-06-10T22:32:01.924-05:00 DEBUG 4296 --- [practice-basic-auth] [main] o.s.b.f.s.DefaultListableBeanFactory     : Creating shared instance of singleton bean 'management.observations-org.springframework.boot.micrometer.observation.autoconfigure.ObservationProperties'
2026-06-10T22:32:01.925-05:00 DEBUG 4296 --- [practice-basic-auth] [main] o.s.b.f.s.DefaultListableBeanFactory     : Autowiring by type from bean name 'propertiesObservationFilter' via factory method to bean named 'management.observations-org.springframework.boot.micrometer.observation.autoconfigure.ObservationProperties'
2026-06-10T22:32:01.929-05:00 DEBUG 4296 --- [practice-basic-auth] [main] o.s.b.f.s.DefaultListableBeanFactory     : Creating shared instance of singleton bean 'metricsObservationHandlerGroup'
2026-06-10T22:32:01.929-05:00 DEBUG 4296 --- [practice-basic-auth] [main] o.s.b.f.s.DefaultListableBeanFactory     : Creating shared instance of singleton bean 'org.springframework.boot.micrometer.metrics.autoconfigure.MetricsAutoConfiguration'
2026-06-10T22:32:01.931-05:00 DEBUG 4296 --- [practice-basic-auth] [main] o.s.b.f.s.DefaultListableBeanFactory     : Creating shared instance of singleton bean 'defaultMeterObservationHandler'
2026-06-10T22:32:01.931-05:00 DEBUG 4296 --- [practice-basic-auth] [main] o.s.b.f.s.DefaultListableBeanFactory     : Creating shared instance of singleton bean 'micrometerClock'
2026-06-10T22:32:01.932-05:00 DEBUG 4296 --- [practice-basic-auth] [main] o.s.b.f.s.DefaultListableBeanFactory     : Creating shared instance of singleton bean 'management.metrics-org.springframework.boot.micrometer.metrics.autoconfigure.MetricsProperties'
2026-06-10T22:32:01.934-05:00 DEBUG 4296 --- [practice-basic-auth] [main] o.s.b.f.s.DefaultListableBeanFactory     : Autowiring by type from bean name 'defaultMeterObservationHandler' via factory method to bean named 'micrometerClock'
2026-06-10T22:32:01.934-05:00 DEBUG 4296 --- [practice-basic-auth] [main] o.s.b.f.s.DefaultListableBeanFactory     : Autowiring by type from bean name 'defaultMeterObservationHandler' via factory method to bean named 'management.metrics-org.springframework.boot.micrometer.metrics.autoconfigure.MetricsProperties'
2026-06-10T22:32:01.935-05:00 DEBUG 4296 --- [practice-basic-auth] [main] o.s.b.f.s.DefaultListableBeanFactory     : Creating shared instance of singleton bean 'simpleMeterRegistry'
2026-06-10T22:32:01.936-05:00 DEBUG 4296 --- [practice-basic-auth] [main] o.s.b.f.s.DefaultListableBeanFactory     : Creating shared instance of singleton bean 'org.springframework.boot.micrometer.metrics.autoconfigure.export.simple.SimpleMetricsExportAutoConfiguration'
2026-06-10T22:32:01.937-05:00 DEBUG 4296 --- [practice-basic-auth] [main] o.s.b.f.s.DefaultListableBeanFactory     : Creating shared instance of singleton bean 'simpleConfig'
2026-06-10T22:32:01.937-05:00 DEBUG 4296 --- [practice-basic-auth] [main] o.s.b.f.s.DefaultListableBeanFactory     : Creating shared instance of singleton bean 'management.simple.metrics.export-org.springframework.boot.micrometer.metrics.autoconfigure.export.simple.SimpleProperties'
2026-06-10T22:32:01.938-05:00 DEBUG 4296 --- [practice-basic-auth] [main] o.s.b.f.s.DefaultListableBeanFactory     : Autowiring by type from bean name 'simpleConfig' via factory method to bean named 'management.simple.metrics.export-org.springframework.boot.micrometer.metrics.autoconfigure.export.simple.SimpleProperties'
2026-06-10T22:32:01.940-05:00 DEBUG 4296 --- [practice-basic-auth] [main] o.s.b.f.s.DefaultListableBeanFactory     : Autowiring by type from bean name 'simpleMeterRegistry' via factory method to bean named 'simpleConfig'
2026-06-10T22:32:01.940-05:00 DEBUG 4296 --- [practice-basic-auth] [main] o.s.b.f.s.DefaultListableBeanFactory     : Autowiring by type from bean name 'simpleMeterRegistry' via factory method to bean named 'micrometerClock'
2026-06-10T22:32:01.957-05:00 DEBUG 4296 --- [practice-basic-auth] [main] o.s.b.f.s.DefaultListableBeanFactory     : Creating shared instance of singleton bean 'propertiesMeterFilter'
2026-06-10T22:32:01.957-05:00 DEBUG 4296 --- [practice-basic-auth] [main] o.s.b.f.s.DefaultListableBeanFactory     : Autowiring by type from bean name 'propertiesMeterFilter' via factory method to bean named 'management.metrics-org.springframework.boot.micrometer.metrics.autoconfigure.MetricsProperties'
2026-06-10T22:32:01.960-05:00 DEBUG 4296 --- [practice-basic-auth] [main] o.s.b.f.s.DefaultListableBeanFactory     : Creating shared instance of singleton bean 'metricsHttpServerUriTagFilter'
2026-06-10T22:32:01.960-05:00 DEBUG 4296 --- [practice-basic-auth] [main] o.s.b.f.s.DefaultListableBeanFactory     : Creating shared instance of singleton bean 'org.springframework.boot.webmvc.autoconfigure.WebMvcObservationAutoConfiguration$MeterFilterConfiguration'
2026-06-10T22:32:01.961-05:00 DEBUG 4296 --- [practice-basic-auth] [main] o.s.b.f.s.DefaultListableBeanFactory     : Autowiring by type from bean name 'metricsHttpServerUriTagFilter' via factory method to bean named 'management.observations-org.springframework.boot.micrometer.observation.autoconfigure.ObservationProperties'
2026-06-10T22:32:01.961-05:00 DEBUG 4296 --- [practice-basic-auth] [main] o.s.b.f.s.DefaultListableBeanFactory     : Autowiring by type from bean name 'metricsHttpServerUriTagFilter' via factory method to bean named 'management.metrics-org.springframework.boot.micrometer.metrics.autoconfigure.MetricsProperties'
2026-06-10T22:32:01.968-05:00 DEBUG 4296 --- [practice-basic-auth] [main] o.s.b.f.s.DefaultListableBeanFactory     : Autowiring by type from bean name 'webMvcObservationFilter' via factory method to bean named 'observationRegistry'
2026-06-10T22:32:01.968-05:00 DEBUG 4296 --- [practice-basic-auth] [main] o.s.b.f.s.DefaultListableBeanFactory     : Autowiring by type from bean name 'webMvcObservationFilter' via factory method to bean named 'management.observations-org.springframework.boot.micrometer.observation.autoconfigure.ObservationProperties'
2026-06-10T22:32:01.974-05:00 DEBUG 4296 --- [practice-basic-auth] [main] o.s.b.f.s.DefaultListableBeanFactory     : Creating shared instance of singleton bean 'servletEndpointRegistrar'
2026-06-10T22:32:01.974-05:00 DEBUG 4296 --- [practice-basic-auth] [main] o.s.b.f.s.DefaultListableBeanFactory     : Creating shared instance of singleton bean 'org.springframework.boot.webmvc.autoconfigure.actuate.web.WebMvcEndpointManagementContextConfiguration'
2026-06-10T22:32:01.976-05:00 DEBUG 4296 --- [practice-basic-auth] [main] o.s.b.f.s.DefaultListableBeanFactory     : Creating shared instance of singleton bean 'management.endpoints.web-org.springframework.boot.actuate.autoconfigure.endpoint.web.WebEndpointProperties'
2026-06-10T22:32:01.978-05:00 DEBUG 4296 --- [practice-basic-auth] [main] o.s.b.f.s.DefaultListableBeanFactory     : Creating shared instance of singleton bean 'servletEndpointDiscoverer'
2026-06-10T22:32:01.979-05:00 DEBUG 4296 --- [practice-basic-auth] [main] o.s.b.f.s.DefaultListableBeanFactory     : Creating shared instance of singleton bean 'org.springframework.boot.actuate.autoconfigure.endpoint.web.WebEndpointAutoConfiguration$WebEndpointServletConfiguration'
2026-06-10T22:32:01.979-05:00 DEBUG 4296 --- [practice-basic-auth] [main] o.s.b.f.s.DefaultListableBeanFactory     : Autowiring by type from bean name 'servletEndpointDiscoverer' via factory method to bean named 'org.springframework.boot.web.server.servlet.context.AnnotationConfigServletWebServerApplicationContext@6b9ce1bf'
2026-06-10T22:32:01.981-05:00 DEBUG 4296 --- [practice-basic-auth] [main] o.s.b.f.s.DefaultListableBeanFactory     : Creating shared instance of singleton bean 'webEndpointPathMapper'
2026-06-10T22:32:01.981-05:00 DEBUG 4296 --- [practice-basic-auth] [main] o.s.b.f.s.DefaultListableBeanFactory     : Creating shared instance of singleton bean 'org.springframework.boot.actuate.autoconfigure.endpoint.web.WebEndpointAutoConfiguration'
2026-06-10T22:32:01.982-05:00 DEBUG 4296 --- [practice-basic-auth] [main] o.s.b.f.s.DefaultListableBeanFactory     : Autowiring by type from bean name 'org.springframework.boot.actuate.autoconfigure.endpoint.web.WebEndpointAutoConfiguration' via constructor to bean named 'org.springframework.boot.web.server.servlet.context.AnnotationConfigServletWebServerApplicationContext@6b9ce1bf'
2026-06-10T22:32:01.982-05:00 DEBUG 4296 --- [practice-basic-auth] [main] o.s.b.f.s.DefaultListableBeanFactory     : Autowiring by type from bean name 'org.springframework.boot.actuate.autoconfigure.endpoint.web.WebEndpointAutoConfiguration' via constructor to bean named 'management.endpoints.web-org.springframework.boot.actuate.autoconfigure.endpoint.web.WebEndpointProperties'
2026-06-10T22:32:01.984-05:00 DEBUG 4296 --- [practice-basic-auth] [main] o.s.b.f.s.DefaultListableBeanFactory     : Creating shared instance of singleton bean 'servletExposeExcludePropertyEndpointFilter'
2026-06-10T22:32:01.984-05:00 DEBUG 4296 --- [practice-basic-auth] [main] o.s.b.f.s.DefaultListableBeanFactory     : Creating shared instance of singleton bean 'org.springframework.boot.servlet.autoconfigure.actuate.web.ServletEndpointManagementContextConfiguration'
2026-06-10T22:32:01.984-05:00 DEBUG 4296 --- [practice-basic-auth] [main] o.s.b.f.s.DefaultListableBeanFactory     : Autowiring by type from bean name 'servletExposeExcludePropertyEndpointFilter' via factory method to bean named 'management.endpoints.web-org.springframework.boot.actuate.autoconfigure.endpoint.web.WebEndpointProperties'
2026-06-10T22:32:01.990-05:00 DEBUG 4296 --- [practice-basic-auth] [main] o.s.b.f.s.DefaultListableBeanFactory     : Creating shared instance of singleton bean 'propertiesEndpointAccessResolver'
2026-06-10T22:32:01.990-05:00 DEBUG 4296 --- [practice-basic-auth] [main] o.s.b.f.s.DefaultListableBeanFactory     : Creating shared instance of singleton bean 'org.springframework.boot.actuate.autoconfigure.endpoint.EndpointAutoConfiguration'
2026-06-10T22:32:01.990-05:00 DEBUG 4296 --- [practice-basic-auth] [main] o.s.b.f.s.DefaultListableBeanFactory     : Autowiring by type from bean name 'propertiesEndpointAccessResolver' via factory method to bean named 'environment'
2026-06-10T22:32:01.991-05:00 DEBUG 4296 --- [practice-basic-auth] [main] o.s.b.f.s.DefaultListableBeanFactory     : Autowiring by type from bean name 'servletEndpointRegistrar' via factory method to bean named 'management.endpoints.web-org.springframework.boot.actuate.autoconfigure.endpoint.web.WebEndpointProperties'
2026-06-10T22:32:01.991-05:00 DEBUG 4296 --- [practice-basic-auth] [main] o.s.b.f.s.DefaultListableBeanFactory     : Autowiring by type from bean name 'servletEndpointRegistrar' via factory method to bean named 'servletEndpointDiscoverer'
2026-06-10T22:32:01.991-05:00 DEBUG 4296 --- [practice-basic-auth] [main] o.s.b.f.s.DefaultListableBeanFactory     : Autowiring by type from bean name 'servletEndpointRegistrar' via factory method to bean named 'dispatcherServletRegistration'
2026-06-10T22:32:01.991-05:00 DEBUG 4296 --- [practice-basic-auth] [main] o.s.b.f.s.DefaultListableBeanFactory     : Autowiring by type from bean name 'servletEndpointRegistrar' via factory method to bean named 'propertiesEndpointAccessResolver'
2026-06-10T22:32:02.000-05:00 DEBUG 4296 --- [practice-basic-auth] [main] o.s.b.f.s.DefaultListableBeanFactory     : Creating shared instance of singleton bean 'requestContextFilter'
2026-06-10T22:32:02.001-05:00 DEBUG 4296 --- [practice-basic-auth] [main] o.s.b.f.s.DefaultListableBeanFactory     : Creating shared instance of singleton bean 'formContentFilter'
2026-06-10T22:32:02.002-05:00 DEBUG 4296 --- [practice-basic-auth] [main] o.s.b.f.s.DefaultListableBeanFactory     : Creating shared instance of singleton bean 'org.springframework.boot.webmvc.autoconfigure.WebMvcAutoConfiguration'
2026-06-10T22:32:02.003-05:00 DEBUG 4296 --- [practice-basic-auth] [main] o.s.b.f.s.DefaultListableBeanFactory     : Creating shared instance of singleton bean 'characterEncodingFilter'
2026-06-10T22:32:02.004-05:00 DEBUG 4296 --- [practice-basic-auth] [main] o.s.b.f.s.DefaultListableBeanFactory     : Creating shared instance of singleton bean 'org.springframework.boot.servlet.autoconfigure.HttpEncodingAutoConfiguration'
2026-06-10T22:32:02.004-05:00 DEBUG 4296 --- [practice-basic-auth] [main] o.s.b.f.s.DefaultListableBeanFactory     : Creating shared instance of singleton bean 'spring.servlet.encoding-org.springframework.boot.servlet.autoconfigure.ServletEncodingProperties'
2026-06-10T22:32:02.005-05:00 DEBUG 4296 --- [practice-basic-auth] [main] o.s.b.f.s.DefaultListableBeanFactory     : Autowiring by type from bean name 'characterEncodingFilter' via factory method to bean named 'spring.servlet.encoding-org.springframework.boot.servlet.autoconfigure.ServletEncodingProperties'
2026-06-10T22:32:02.010-05:00 DEBUG 4296 --- [practice-basic-auth] [main] o.s.b.w.s.ServletContextInitializerBeans : Mapping filters: webMvcObservationFilter urls=[/*] order=-2147483647, springSecurityFilterChain urls=[/*] order=-100, characterEncodingFilter urls=[/*] order=-2147483648, formContentFilter urls=[/*] order=-9900, requestContextFilter urls=[/*] order=-105
2026-06-10T22:32:02.011-05:00 DEBUG 4296 --- [practice-basic-auth] [main] o.s.b.w.s.ServletContextInitializerBeans : Mapping servlets: dispatcherServlet urls=[/]
2026-06-10T22:32:02.033-05:00 DEBUG 4296 --- [practice-basic-auth] [main] o.s.b.s.f.OrderedRequestContextFilter    : Filter 'requestContextFilter' configured for use
2026-06-10T22:32:02.036-05:00 DEBUG 4296 --- [practice-basic-auth] [main] o.s.w.f.ServerHttpObservationFilter      : Filter 'webMvcObservationFilter' configured for use
2026-06-10T22:32:02.036-05:00 DEBUG 4296 --- [practice-basic-auth] [main] o.s.b.s.f.OrderedCharacterEncodingFilter : Filter 'characterEncodingFilter' configured for use
2026-06-10T22:32:02.037-05:00 DEBUG 4296 --- [practice-basic-auth] [main] .DelegatingFilterProxyRegistrationBean$1 : Filter 'springSecurityFilterChain' configured for use
2026-06-10T22:32:02.037-05:00 DEBUG 4296 --- [practice-basic-auth] [main] o.s.b.s.filter.OrderedFormContentFilter  : Filter 'formContentFilter' configured for use
2026-06-10T22:32:02.043-05:00 DEBUG 4296 --- [practice-basic-auth] [main] o.s.b.f.s.DefaultListableBeanFactory     : Creating shared instance of singleton bean 'applicationTaskExecutor'
2026-06-10T22:32:02.044-05:00 DEBUG 4296 --- [practice-basic-auth] [main] o.s.b.f.s.DefaultListableBeanFactory     : Creating shared instance of singleton bean 'org.springframework.boot.autoconfigure.task.TaskExecutorConfigurations$TaskExecutorConfiguration'
2026-06-10T22:32:02.044-05:00 DEBUG 4296 --- [practice-basic-auth] [main] o.s.b.f.s.DefaultListableBeanFactory     : Creating shared instance of singleton bean 'threadPoolTaskExecutorBuilder'
2026-06-10T22:32:02.044-05:00 DEBUG 4296 --- [practice-basic-auth] [main] o.s.b.f.s.DefaultListableBeanFactory     : Creating shared instance of singleton bean 'org.springframework.boot.autoconfigure.task.TaskExecutorConfigurations$ThreadPoolTaskExecutorBuilderConfiguration'
2026-06-10T22:32:02.046-05:00 DEBUG 4296 --- [practice-basic-auth] [main] o.s.b.f.s.DefaultListableBeanFactory     : Creating shared instance of singleton bean 'spring.task.execution-org.springframework.boot.autoconfigure.task.TaskExecutionProperties'
2026-06-10T22:32:02.047-05:00 DEBUG 4296 --- [practice-basic-auth] [main] o.s.b.f.s.DefaultListableBeanFactory     : Autowiring by type from bean name 'threadPoolTaskExecutorBuilder' via factory method to bean named 'spring.task.execution-org.springframework.boot.autoconfigure.task.TaskExecutionProperties'
2026-06-10T22:32:02.049-05:00 DEBUG 4296 --- [practice-basic-auth] [main] o.s.b.f.s.DefaultListableBeanFactory     : Autowiring by type from bean name 'applicationTaskExecutor' via factory method to bean named 'threadPoolTaskExecutorBuilder'
2026-06-10T22:32:02.054-05:00 DEBUG 4296 --- [practice-basic-auth] [main] o.s.s.concurrent.ThreadPoolTaskExecutor  : Initializing ExecutorService 'applicationTaskExecutor'
2026-06-10T22:32:02.056-05:00 DEBUG 4296 --- [practice-basic-auth] [main] o.s.b.f.s.DefaultListableBeanFactory     : Creating shared instance of singleton bean 'practiceBasicAuthApplication'
2026-06-10T22:32:02.057-05:00 DEBUG 4296 --- [practice-basic-auth] [main] o.s.b.f.s.DefaultListableBeanFactory     : Creating shared instance of singleton bean 'appUserController'
2026-06-10T22:32:02.060-05:00 DEBUG 4296 --- [practice-basic-auth] [main] o.s.b.f.s.DefaultListableBeanFactory     : Creating shared instance of singleton bean 'appUserService'
2026-06-10T22:32:02.061-05:00 DEBUG 4296 --- [practice-basic-auth] [main] o.s.b.f.s.DefaultListableBeanFactory     : Creating shared instance of singleton bean 'appUserRepository'
2026-06-10T22:32:02.062-05:00 DEBUG 4296 --- [practice-basic-auth] [main] o.s.b.f.s.DefaultListableBeanFactory     : Creating shared instance of singleton bean 'dataSourceScriptDatabaseInitializer'
2026-06-10T22:32:02.062-05:00 DEBUG 4296 --- [practice-basic-auth] [main] o.s.b.f.s.DefaultListableBeanFactory     : Creating shared instance of singleton bean 'org.springframework.boot.jdbc.autoconfigure.DataSourceInitializationAutoConfiguration'
2026-06-10T22:32:02.062-05:00 DEBUG 4296 --- [practice-basic-auth] [main] o.s.b.f.s.DefaultListableBeanFactory     : Creating shared instance of singleton bean 'dataSource'
2026-06-10T22:32:02.062-05:00 DEBUG 4296 --- [practice-basic-auth] [main] o.s.b.f.s.DefaultListableBeanFactory     : Creating shared instance of singleton bean 'org.springframework.boot.jdbc.autoconfigure.DataSourceConfiguration$Hikari'
2026-06-10T22:32:02.064-05:00 DEBUG 4296 --- [practice-basic-auth] [main] o.s.b.f.s.DefaultListableBeanFactory     : Creating shared instance of singleton bean 'spring.datasource-org.springframework.boot.jdbc.autoconfigure.DataSourceProperties'
2026-06-10T22:32:02.068-05:00 DEBUG 4296 --- [practice-basic-auth] [main] o.s.b.f.s.DefaultListableBeanFactory     : Creating shared instance of singleton bean 'jdbcConnectionDetails'
2026-06-10T22:32:02.068-05:00 DEBUG 4296 --- [practice-basic-auth] [main] o.s.b.f.s.DefaultListableBeanFactory     : Creating shared instance of singleton bean 'org.springframework.boot.jdbc.autoconfigure.DataSourceAutoConfiguration$PooledDataSourceConfiguration'
2026-06-10T22:32:02.069-05:00 DEBUG 4296 --- [practice-basic-auth] [main] o.s.b.f.s.DefaultListableBeanFactory     : Autowiring by type from bean name 'jdbcConnectionDetails' via factory method to bean named 'spring.datasource-org.springframework.boot.jdbc.autoconfigure.DataSourceProperties'
2026-06-10T22:32:02.070-05:00 DEBUG 4296 --- [practice-basic-auth] [main] o.s.b.f.s.DefaultListableBeanFactory     : Autowiring by type from bean name 'dataSource' via factory method to bean named 'spring.datasource-org.springframework.boot.jdbc.autoconfigure.DataSourceProperties'
2026-06-10T22:32:02.070-05:00 DEBUG 4296 --- [practice-basic-auth] [main] o.s.b.f.s.DefaultListableBeanFactory     : Autowiring by type from bean name 'dataSource' via factory method to bean named 'jdbcConnectionDetails'
2026-06-10T22:32:02.070-05:00 DEBUG 4296 --- [practice-basic-auth] [main] o.s.b.f.s.DefaultListableBeanFactory     : Autowiring by type from bean name 'dataSource' via factory method to bean named 'environment'
2026-06-10T22:32:02.082-05:00 DEBUG 4296 --- [practice-basic-auth] [main] o.s.b.f.s.DefaultListableBeanFactory     : Creating shared instance of singleton bean 'spring.sql.init-org.springframework.boot.sql.autoconfigure.init.SqlInitializationProperties'
2026-06-10T22:32:02.083-05:00 DEBUG 4296 --- [practice-basic-auth] [main] o.s.b.f.s.DefaultListableBeanFactory     : Autowiring by type from bean name 'dataSourceScriptDatabaseInitializer' via factory method to bean named 'dataSource'
2026-06-10T22:32:02.083-05:00 DEBUG 4296 --- [practice-basic-auth] [main] o.s.b.f.s.DefaultListableBeanFactory     : Autowiring by type from bean name 'dataSourceScriptDatabaseInitializer' via factory method to bean named 'spring.sql.init-org.springframework.boot.sql.autoconfigure.init.SqlInitializationProperties'
2026-06-10T22:32:02.086-05:00  INFO 4296 --- [practice-basic-auth] [main] com.zaxxer.hikari.HikariDataSource       : HikariPool-1 - Starting...
2026-06-10T22:32:02.290-05:00  INFO 4296 --- [practice-basic-auth] [main] com.zaxxer.hikari.pool.HikariPool        : HikariPool-1 - Added connection conn0: url=jdbc:h2:mem:d41a54d9-d7f0-4dff-8af1-ca2f300923d1 user=SA
2026-06-10T22:32:02.292-05:00  INFO 4296 --- [practice-basic-auth] [main] com.zaxxer.hikari.HikariDataSource       : HikariPool-1 - Start completed.
2026-06-10T22:32:02.306-05:00 DEBUG 4296 --- [practice-basic-auth] [main] o.s.jdbc.datasource.DataSourceUtils      : Fetching JDBC Connection from DataSource
2026-06-10T22:32:02.306-05:00 DEBUG 4296 --- [practice-basic-auth] [main] o.s.jdbc.datasource.init.ScriptUtils     : Executing SQL script from file [C:\Users\sbenj\Desktop\practice-basic-auth\target\classes\schema.sql]
2026-06-10T22:32:02.315-05:00 DEBUG 4296 --- [practice-basic-auth] [main] o.s.jdbc.datasource.init.ScriptUtils     : 0 returned as update count for SQL: CREATE TABLE IF NOT EXISTS USERS ( USERNAME VARCHAR(50) PRIMARY KEY, HASHED_PASSWORD VARCHAR(255) NOT NULL, STATUS VARCHAR(15) NOT NULL DEFAULT 'ACTIVE', CREATED_AT TIMESTAMP DEFAULT CURRENT_TIMESTAMP, UPDATED_AT TIMESTAMP DEFAULT CURRENT_TIMESTAMP )
2026-06-10T22:32:02.316-05:00 DEBUG 4296 --- [practice-basic-auth] [main] o.s.jdbc.datasource.init.ScriptUtils     : 0 returned as update count for SQL: CREATE TABLE IF NOT EXISTS ROLES ( ROLE_NAME VARCHAR(15) PRIMARY KEY, ROLE_DESC VARCHAR(255) NOT NULL )
2026-06-10T22:32:02.317-05:00 DEBUG 4296 --- [practice-basic-auth] [main] o.s.jdbc.datasource.init.ScriptUtils     : 0 returned as update count for SQL: CREATE TABLE IF NOT EXISTS USER_ROLES ( ROLE_NAME VARCHAR(15) NOT NULL, USERNAME VARCHAR(50) NOT NULL, PRIMARY KEY (ROLE_NAME, USERNAME) )
2026-06-10T22:32:02.329-05:00 DEBUG 4296 --- [practice-basic-auth] [main] o.s.jdbc.datasource.init.ScriptUtils     : 0 returned as update count for SQL: ALTER TABLE USER_ROLES ADD CONSTRAINT fk_user_roles_users FOREIGN KEY (USERNAME) REFERENCES USERS(USERNAME) ON DELETE CASCADE
2026-06-10T22:32:02.330-05:00 DEBUG 4296 --- [practice-basic-auth] [main] o.s.jdbc.datasource.init.ScriptUtils     : 0 returned as update count for SQL: ALTER TABLE USER_ROLES ADD CONSTRAINT fk_user_roles_roles FOREIGN KEY (ROLE_NAME) REFERENCES ROLES(ROLE_NAME) ON DELETE CASCADE
2026-06-10T22:32:02.330-05:00 DEBUG 4296 --- [practice-basic-auth] [main] o.s.jdbc.datasource.init.ScriptUtils     : Executed SQL script from file [C:\Users\sbenj\Desktop\practice-basic-auth\target\classes\schema.sql] in 24 ms.
2026-06-10T22:32:02.331-05:00 DEBUG 4296 --- [practice-basic-auth] [main] o.s.jdbc.datasource.DataSourceUtils      : Fetching JDBC Connection from DataSource
2026-06-10T22:32:02.331-05:00 DEBUG 4296 --- [practice-basic-auth] [main] o.s.jdbc.datasource.init.ScriptUtils     : Executing SQL script from file [C:\Users\sbenj\Desktop\practice-basic-auth\target\classes\data.sql]
2026-06-10T22:32:02.334-05:00 DEBUG 4296 --- [practice-basic-auth] [main] o.s.jdbc.datasource.init.ScriptUtils     : 1 returned as update count for SQL: INSERT INTO USERS (USERNAME, HASHED_PASSWORD) VALUES ('admin1', '$2a$10$b1PPzL3SXdxA0sx3ecpwc.DxdCacIqxPoKsduTPkQogW.cDPcr8DS')
2026-06-10T22:32:02.334-05:00 DEBUG 4296 --- [practice-basic-auth] [main] o.s.jdbc.datasource.init.ScriptUtils     : 1 returned as update count for SQL: INSERT INTO USERS (USERNAME, HASHED_PASSWORD) VALUES ('user1', '$2a$10$GisvYeNUuwRUiVb/Andi4uaqItdavpZAIkscPifY/MpPkRI7sw6uq')
2026-06-10T22:32:02.334-05:00 DEBUG 4296 --- [practice-basic-auth] [main] o.s.jdbc.datasource.init.ScriptUtils     : 1 returned as update count for SQL: INSERT INTO ROLES (ROLE_NAME, ROLE_DESC) VALUES ('ADMIN', 'PRIVILEGED USER...')
2026-06-10T22:32:02.335-05:00 DEBUG 4296 --- [practice-basic-auth] [main] o.s.jdbc.datasource.init.ScriptUtils     : 1 returned as update count for SQL: INSERT INTO ROLES (ROLE_NAME, ROLE_DESC) VALUES ('USER', 'GENERAL USER...')
2026-06-10T22:32:02.336-05:00 DEBUG 4296 --- [practice-basic-auth] [main] o.s.jdbc.datasource.init.ScriptUtils     : 1 returned as update count for SQL: INSERT INTO USER_ROLES (ROLE_NAME, USERNAME) VALUES ('ADMIN', 'admin1')
2026-06-10T22:32:02.336-05:00 DEBUG 4296 --- [practice-basic-auth] [main] o.s.jdbc.datasource.init.ScriptUtils     : 1 returned as update count for SQL: INSERT INTO USER_ROLES (ROLE_NAME, USERNAME) VALUES ('USER', 'admin1')
2026-06-10T22:32:02.337-05:00 DEBUG 4296 --- [practice-basic-auth] [main] o.s.jdbc.datasource.init.ScriptUtils     : 1 returned as update count for SQL: INSERT INTO USER_ROLES (ROLE_NAME, USERNAME) VALUES ('USER', 'user1')
2026-06-10T22:32:02.337-05:00 DEBUG 4296 --- [practice-basic-auth] [main] o.s.jdbc.datasource.init.ScriptUtils     : Executed SQL script from file [C:\Users\sbenj\Desktop\practice-basic-auth\target\classes\data.sql] in 6 ms.
2026-06-10T22:32:02.337-05:00 DEBUG 4296 --- [practice-basic-auth] [main] o.s.b.f.s.DefaultListableBeanFactory     : Creating shared instance of singleton bean 'jdbcTemplate'
2026-06-10T22:32:02.337-05:00 DEBUG 4296 --- [practice-basic-auth] [main] o.s.b.f.s.DefaultListableBeanFactory     : Creating shared instance of singleton bean 'org.springframework.boot.jdbc.autoconfigure.JdbcTemplateConfiguration'
2026-06-10T22:32:02.339-05:00 DEBUG 4296 --- [practice-basic-auth] [main] o.s.b.f.s.DefaultListableBeanFactory     : Creating shared instance of singleton bean 'spring.jdbc-org.springframework.boot.jdbc.autoconfigure.JdbcProperties'
2026-06-10T22:32:02.340-05:00 DEBUG 4296 --- [practice-basic-auth] [main] o.s.b.f.s.DefaultListableBeanFactory     : Autowiring by type from bean name 'jdbcTemplate' via factory method to bean named 'dataSource'
2026-06-10T22:32:02.340-05:00 DEBUG 4296 --- [practice-basic-auth] [main] o.s.b.f.s.DefaultListableBeanFactory     : Autowiring by type from bean name 'jdbcTemplate' via factory method to bean named 'spring.jdbc-org.springframework.boot.jdbc.autoconfigure.JdbcProperties'
2026-06-10T22:32:02.347-05:00 DEBUG 4296 --- [practice-basic-auth] [main] o.s.b.f.s.DefaultListableBeanFactory     : Autowiring by type from bean name 'appUserRepository' via constructor to bean named 'jdbcTemplate'
2026-06-10T22:32:02.367-05:00 DEBUG 4296 --- [practice-basic-auth] [main] o.s.b.f.s.DefaultListableBeanFactory     : Creating shared instance of singleton bean 'appUserMapper'
2026-06-10T22:32:02.367-05:00 DEBUG 4296 --- [practice-basic-auth] [main] o.s.b.f.s.DefaultListableBeanFactory     : Autowiring by type from bean name 'appUserService' via constructor to bean named 'appUserRepository'
2026-06-10T22:32:02.367-05:00 DEBUG 4296 --- [practice-basic-auth] [main] o.s.b.f.s.DefaultListableBeanFactory     : Autowiring by type from bean name 'appUserService' via constructor to bean named 'appUserMapper'
2026-06-10T22:32:02.374-05:00 DEBUG 4296 --- [practice-basic-auth] [main] o.s.b.f.s.DefaultListableBeanFactory     : Autowiring by type from bean name 'appUserController' via constructor to bean named 'appUserService'
2026-06-10T22:32:02.375-05:00 DEBUG 4296 --- [practice-basic-auth] [main] o.s.b.f.s.DefaultListableBeanFactory     : Creating shared instance of singleton bean 'appUserDetailsService'
2026-06-10T22:32:02.376-05:00 DEBUG 4296 --- [practice-basic-auth] [main] o.s.b.f.s.DefaultListableBeanFactory     : Autowiring by type from bean name 'appUserDetailsService' via constructor to bean named 'appUserRepository'
2026-06-10T22:32:02.377-05:00 DEBUG 4296 --- [practice-basic-auth] [main] o.s.b.f.s.DefaultListableBeanFactory     : Creating shared instance of singleton bean 'customAccessDeniedHandler'
2026-06-10T22:32:02.378-05:00 DEBUG 4296 --- [practice-basic-auth] [main] o.s.b.f.s.DefaultListableBeanFactory     : Creating shared instance of singleton bean 'jacksonJsonMapper'
2026-06-10T22:32:02.378-05:00 DEBUG 4296 --- [practice-basic-auth] [main] o.s.b.f.s.DefaultListableBeanFactory     : Creating shared instance of singleton bean 'org.springframework.boot.jackson.autoconfigure.JacksonAutoConfiguration'
2026-06-10T22:32:02.379-05:00 DEBUG 4296 --- [practice-basic-auth] [main] o.s.b.f.s.DefaultListableBeanFactory     : Creating shared instance of singleton bean 'problemDetailJsonMapperBuilderCustomizer'
2026-06-10T22:32:02.379-05:00 DEBUG 4296 --- [practice-basic-auth] [main] o.s.b.f.s.DefaultListableBeanFactory     : Creating shared instance of singleton bean 'org.springframework.boot.jackson.autoconfigure.JacksonAutoConfiguration$JsonProblemDetailsConfiguration'
2026-06-10T22:32:02.380-05:00 DEBUG 4296 --- [practice-basic-auth] [main] o.s.b.f.s.DefaultListableBeanFactory     : Creating shared instance of singleton bean 'standardJsonMapperBuilderCustomizer'
2026-06-10T22:32:02.380-05:00 DEBUG 4296 --- [practice-basic-auth] [main] o.s.b.f.s.DefaultListableBeanFactory     : Creating shared instance of singleton bean 'org.springframework.boot.jackson.autoconfigure.JacksonAutoConfiguration$JacksonJsonMapperBuilderCustomizerConfiguration'
2026-06-10T22:32:02.380-05:00 DEBUG 4296 --- [practice-basic-auth] [main] o.s.b.f.s.DefaultListableBeanFactory     : Creating shared instance of singleton bean 'spring.jackson-org.springframework.boot.jackson.autoconfigure.JacksonProperties'
2026-06-10T22:32:02.382-05:00 DEBUG 4296 --- [practice-basic-auth] [main] o.s.b.f.s.DefaultListableBeanFactory     : Autowiring by type from bean name 'standardJsonMapperBuilderCustomizer' via factory method to bean named 'spring.jackson-org.springframework.boot.jackson.autoconfigure.JacksonProperties'
2026-06-10T22:32:02.382-05:00 DEBUG 4296 --- [practice-basic-auth] [main] o.s.b.f.s.DefaultListableBeanFactory     : Creating shared instance of singleton bean 'jackson3GeoModule'
2026-06-10T22:32:02.383-05:00 DEBUG 4296 --- [practice-basic-auth] [main] o.s.b.f.s.DefaultListableBeanFactory     : Creating shared instance of singleton bean 'org.springframework.data.web.config.SpringDataJackson3Configuration'
2026-06-10T22:32:02.384-05:00 DEBUG 4296 --- [practice-basic-auth] [main] o.s.b.f.s.DefaultListableBeanFactory     : Creating shared instance of singleton bean 'springDataWebSettings'
2026-06-10T22:32:02.384-05:00 DEBUG 4296 --- [practice-basic-auth] [main] o.s.b.f.s.DefaultListableBeanFactory     : Creating shared instance of singleton bean 'org.springframework.boot.data.autoconfigure.web.DataWebAutoConfiguration'
2026-06-10T22:32:02.385-05:00 DEBUG 4296 --- [practice-basic-auth] [main] o.s.b.f.s.DefaultListableBeanFactory     : Creating shared instance of singleton bean 'spring.data.web-org.springframework.boot.data.autoconfigure.web.DataWebProperties'
2026-06-10T22:32:02.385-05:00 DEBUG 4296 --- [practice-basic-auth] [main] o.s.b.f.s.DefaultListableBeanFactory     : Autowiring by type from bean name 'org.springframework.boot.data.autoconfigure.web.DataWebAutoConfiguration' via constructor to bean named 'spring.data.web-org.springframework.boot.data.autoconfigure.web.DataWebProperties'
2026-06-10T22:32:02.392-05:00 DEBUG 4296 --- [practice-basic-auth] [main] o.s.b.f.s.DefaultListableBeanFactory     : Creating shared instance of singleton bean 'jackson3pageModule'
2026-06-10T22:32:02.394-05:00 DEBUG 4296 --- [practice-basic-auth] [main] o.s.b.f.s.DefaultListableBeanFactory     : Creating shared instance of singleton bean 'jacksonMixinModule'
2026-06-10T22:32:02.394-05:00 DEBUG 4296 --- [practice-basic-auth] [main] o.s.b.f.s.DefaultListableBeanFactory     : Creating shared instance of singleton bean 'org.springframework.boot.jackson.autoconfigure.JacksonAutoConfiguration$JacksonMixinConfiguration'
2026-06-10T22:32:02.395-05:00 DEBUG 4296 --- [practice-basic-auth] [main] o.s.b.f.s.DefaultListableBeanFactory     : Creating shared instance of singleton bean 'jacksonMixinModuleEntries'
2026-06-10T22:32:02.395-05:00 DEBUG 4296 --- [practice-basic-auth] [main] o.s.b.f.s.DefaultListableBeanFactory     : Autowiring by type from bean name 'jacksonMixinModuleEntries' via factory method to bean named 'org.springframework.boot.web.server.servlet.context.AnnotationConfigServletWebServerApplicationContext@6b9ce1bf'
2026-06-10T22:32:02.399-05:00 DEBUG 4296 --- [practice-basic-auth] [main] o.s.b.f.s.DefaultListableBeanFactory     : Autowiring by type from bean name 'jacksonMixinModule' via factory method to bean named 'org.springframework.boot.web.server.servlet.context.AnnotationConfigServletWebServerApplicationContext@6b9ce1bf'
2026-06-10T22:32:02.399-05:00 DEBUG 4296 --- [practice-basic-auth] [main] o.s.b.f.s.DefaultListableBeanFactory     : Autowiring by type from bean name 'jacksonMixinModule' via factory method to bean named 'jacksonMixinModuleEntries'
2026-06-10T22:32:02.400-05:00 DEBUG 4296 --- [practice-basic-auth] [main] o.s.b.f.s.DefaultListableBeanFactory     : Creating shared instance of singleton bean 'jsonComponentModule'
2026-06-10T22:32:02.404-05:00 DEBUG 4296 --- [practice-basic-auth] [main] o.s.b.f.s.DefaultListableBeanFactory     : Autowiring by type from bean name 'jsonMapperBuilder' via factory method to bean named 'problemDetailJsonMapperBuilderCustomizer'
2026-06-10T22:32:02.404-05:00 DEBUG 4296 --- [practice-basic-auth] [main] o.s.b.f.s.DefaultListableBeanFactory     : Autowiring by type from bean name 'jsonMapperBuilder' via factory method to bean named 'standardJsonMapperBuilderCustomizer'
2026-06-10T22:32:02.410-05:00 DEBUG 4296 --- [practice-basic-auth] [main] o.s.b.f.s.DefaultListableBeanFactory     : Autowiring by type from bean name 'jacksonJsonMapper' via factory method to bean named 'jsonMapperBuilder'
2026-06-10T22:32:02.417-05:00 DEBUG 4296 --- [practice-basic-auth] [main] o.s.b.f.s.DefaultListableBeanFactory     : Autowiring by type from bean name 'customAccessDeniedHandler' via constructor to bean named 'jacksonJsonMapper'
2026-06-10T22:32:02.417-05:00 DEBUG 4296 --- [practice-basic-auth] [main] o.s.b.f.s.DefaultListableBeanFactory     : Creating shared instance of singleton bean 'customAuthenticationEntryPoint'
2026-06-10T22:32:02.418-05:00 DEBUG 4296 --- [practice-basic-auth] [main] o.s.b.f.s.DefaultListableBeanFactory     : Autowiring by type from bean name 'customAuthenticationEntryPoint' via constructor to bean named 'jacksonJsonMapper'
2026-06-10T22:32:02.418-05:00 DEBUG 4296 --- [practice-basic-auth] [main] o.s.b.f.s.DefaultListableBeanFactory     : Creating shared instance of singleton bean 'securityConfig'
2026-06-10T22:32:02.419-05:00 DEBUG 4296 --- [practice-basic-auth] [main] o.s.b.f.s.DefaultListableBeanFactory     : Creating shared instance of singleton bean 'org.springframework.security.config.annotation.configuration.ObjectPostProcessorConfiguration'
2026-06-10T22:32:02.419-05:00 DEBUG 4296 --- [practice-basic-auth] [main] o.s.b.f.s.DefaultListableBeanFactory     : Creating shared instance of singleton bean 'objectPostProcessor'
2026-06-10T22:32:02.420-05:00 DEBUG 4296 --- [practice-basic-auth] [main] o.s.b.f.s.DefaultListableBeanFactory     : Autowiring by type from bean name 'objectPostProcessor' via factory method to bean named 'org.springframework.beans.factory.support.DefaultListableBeanFactory@733c423e'
2026-06-10T22:32:02.421-05:00 DEBUG 4296 --- [practice-basic-auth] [main] o.s.b.f.s.DefaultListableBeanFactory     : Creating shared instance of singleton bean 'org.springframework.security.config.annotation.authentication.configuration.AuthenticationConfiguration'
2026-06-10T22:32:02.422-05:00 DEBUG 4296 --- [practice-basic-auth] [main] o.s.b.f.s.DefaultListableBeanFactory     : Creating shared instance of singleton bean 'enableGlobalAuthenticationAutowiredConfigurer'
2026-06-10T22:32:02.422-05:00 DEBUG 4296 --- [practice-basic-auth] [main] o.s.b.f.s.DefaultListableBeanFactory     : Autowiring by type from bean name 'enableGlobalAuthenticationAutowiredConfigurer' via factory method to bean named 'org.springframework.boot.web.server.servlet.context.AnnotationConfigServletWebServerApplicationContext@6b9ce1bf'
2026-06-10T22:32:02.423-05:00 DEBUG 4296 --- [practice-basic-auth] [main] o.s.b.f.s.DefaultListableBeanFactory     : Creating shared instance of singleton bean 'initializeUserDetailsBeanManagerConfigurer'
2026-06-10T22:32:02.423-05:00 DEBUG 4296 --- [practice-basic-auth] [main] o.s.b.f.s.DefaultListableBeanFactory     : Autowiring by type from bean name 'initializeUserDetailsBeanManagerConfigurer' via factory method to bean named 'org.springframework.boot.web.server.servlet.context.AnnotationConfigServletWebServerApplicationContext@6b9ce1bf'
2026-06-10T22:32:02.423-05:00 DEBUG 4296 --- [practice-basic-auth] [main] o.s.b.f.s.DefaultListableBeanFactory     : Creating shared instance of singleton bean 'initializeAuthenticationProviderBeanManagerConfigurer'
2026-06-10T22:32:02.423-05:00 DEBUG 4296 --- [practice-basic-auth] [main] o.s.b.f.s.DefaultListableBeanFactory     : Autowiring by type from bean name 'initializeAuthenticationProviderBeanManagerConfigurer' via factory method to bean named 'org.springframework.boot.web.server.servlet.context.AnnotationConfigServletWebServerApplicationContext@6b9ce1bf'
2026-06-10T22:32:02.425-05:00 DEBUG 4296 --- [practice-basic-auth] [main] o.s.b.f.s.DefaultListableBeanFactory     : Creating shared instance of singleton bean 'authenticationManagerBuilder'
2026-06-10T22:32:02.425-05:00 DEBUG 4296 --- [practice-basic-auth] [main] o.s.b.f.s.DefaultListableBeanFactory     : Autowiring by type from bean name 'authenticationManagerBuilder' via factory method to bean named 'objectPostProcessor'
2026-06-10T22:32:02.425-05:00 DEBUG 4296 --- [practice-basic-auth] [main] o.s.b.f.s.DefaultListableBeanFactory     : Autowiring by type from bean name 'authenticationManagerBuilder' via factory method to bean named 'org.springframework.boot.web.server.servlet.context.AnnotationConfigServletWebServerApplicationContext@6b9ce1bf'
2026-06-10T22:32:02.426-05:00 DEBUG 4296 --- [practice-basic-auth] [main] o.s.b.f.s.DefaultListableBeanFactory     : Creating shared instance of singleton bean 'authenticationEventPublisher'
2026-06-10T22:32:02.426-05:00 DEBUG 4296 --- [practice-basic-auth] [main] o.s.b.f.s.DefaultListableBeanFactory     : Creating shared instance of singleton bean 'org.springframework.boot.security.autoconfigure.SecurityAutoConfiguration'
2026-06-10T22:32:02.426-05:00 DEBUG 4296 --- [practice-basic-auth] [main] o.s.b.f.s.DefaultListableBeanFactory     : Autowiring by type from bean name 'authenticationEventPublisher' via factory method to bean named 'org.springframework.boot.web.server.servlet.context.AnnotationConfigServletWebServerApplicationContext@6b9ce1bf'
2026-06-10T22:32:02.435-05:00 DEBUG 4296 --- [practice-basic-auth] [main] o.s.b.f.s.DefaultListableBeanFactory     : Creating shared instance of singleton bean 'org.springframework.security.config.annotation.web.configuration.WebSecurityConfiguration'
2026-06-10T22:32:02.445-05:00 DEBUG 4296 --- [practice-basic-auth] [main] o.s.b.f.s.DefaultListableBeanFactory     : Creating shared instance of singleton bean 'filterChainDecoratorPostProcessor'
2026-06-10T22:32:02.450-05:00 DEBUG 4296 --- [practice-basic-auth] [main] o.s.b.f.s.DefaultListableBeanFactory     : Creating shared instance of singleton bean 'securityFilterChain'
2026-06-10T22:32:02.451-05:00 DEBUG 4296 --- [practice-basic-auth] [main] o.s.b.f.s.DefaultListableBeanFactory     : Creating shared instance of singleton bean 'org.springframework.security.config.annotation.web.configuration.HttpSecurityConfiguration'
2026-06-10T22:32:02.454-05:00 DEBUG 4296 --- [practice-basic-auth] [main] o.s.b.f.s.DefaultListableBeanFactory     : Creating shared instance of singleton bean 'mvcContentNegotiationManager'
2026-06-10T22:32:02.454-05:00 DEBUG 4296 --- [practice-basic-auth] [main] o.s.b.f.s.DefaultListableBeanFactory     : Creating shared instance of singleton bean 'org.springframework.boot.webmvc.autoconfigure.WebMvcAutoConfiguration$EnableWebMvcConfiguration'
2026-06-10T22:32:02.455-05:00 DEBUG 4296 --- [practice-basic-auth] [main] o.s.b.f.s.DefaultListableBeanFactory     : Autowiring by type from bean name 'org.springframework.boot.webmvc.autoconfigure.WebMvcAutoConfiguration$EnableWebMvcConfiguration' via constructor to bean named 'spring.mvc-org.springframework.boot.webmvc.autoconfigure.WebMvcProperties'
2026-06-10T22:32:02.455-05:00 DEBUG 4296 --- [practice-basic-auth] [main] o.s.b.f.s.DefaultListableBeanFactory     : Autowiring by type from bean name 'org.springframework.boot.webmvc.autoconfigure.WebMvcAutoConfiguration$EnableWebMvcConfiguration' via constructor to bean named 'spring.web-org.springframework.boot.autoconfigure.web.WebProperties'
2026-06-10T22:32:02.456-05:00 DEBUG 4296 --- [practice-basic-auth] [main] o.s.b.f.s.DefaultListableBeanFactory     : Autowiring by type from bean name 'org.springframework.boot.webmvc.autoconfigure.WebMvcAutoConfiguration$EnableWebMvcConfiguration' via constructor to bean named 'org.springframework.beans.factory.support.DefaultListableBeanFactory@733c423e'
2026-06-10T22:32:02.458-05:00 DEBUG 4296 --- [practice-basic-auth] [main] o.s.b.f.s.DefaultListableBeanFactory     : Creating shared instance of singleton bean 'org.springframework.security.config.annotation.web.configuration.WebMvcSecurityConfiguration'
2026-06-10T22:32:02.459-05:00 DEBUG 4296 --- [practice-basic-auth] [main] o.s.b.f.s.DefaultListableBeanFactory     : Creating shared instance of singleton bean 'org.springframework.boot.webmvc.autoconfigure.WebMvcAutoConfiguration$WebMvcAutoConfigurationAdapter'
2026-06-10T22:32:02.460-05:00 DEBUG 4296 --- [practice-basic-auth] [main] o.s.b.f.s.DefaultListableBeanFactory     : Autowiring by type from bean name 'org.springframework.boot.webmvc.autoconfigure.WebMvcAutoConfiguration$WebMvcAutoConfigurationAdapter' via constructor to bean named 'spring.web-org.springframework.boot.autoconfigure.web.WebProperties'
2026-06-10T22:32:02.460-05:00 DEBUG 4296 --- [practice-basic-auth] [main] o.s.b.f.s.DefaultListableBeanFactory     : Autowiring by type from bean name 'org.springframework.boot.webmvc.autoconfigure.WebMvcAutoConfiguration$WebMvcAutoConfigurationAdapter' via constructor to bean named 'spring.mvc-org.springframework.boot.webmvc.autoconfigure.WebMvcProperties'
2026-06-10T22:32:02.460-05:00 DEBUG 4296 --- [practice-basic-auth] [main] o.s.b.f.s.DefaultListableBeanFactory     : Autowiring by type from bean name 'org.springframework.boot.webmvc.autoconfigure.WebMvcAutoConfiguration$WebMvcAutoConfigurationAdapter' via constructor to bean named 'org.springframework.beans.factory.support.DefaultListableBeanFactory@733c423e'
2026-06-10T22:32:02.462-05:00 DEBUG 4296 --- [practice-basic-auth] [main] o.s.b.f.s.DefaultListableBeanFactory     : Creating shared instance of singleton bean 'org.springframework.data.web.config.SpringDataWebConfiguration'
2026-06-10T22:32:02.462-05:00 DEBUG 4296 --- [practice-basic-auth] [main] o.s.b.f.s.DefaultListableBeanFactory     : Autowiring by type from bean name 'org.springframework.data.web.config.SpringDataWebConfiguration' via constructor to bean named 'org.springframework.boot.web.server.servlet.context.AnnotationConfigServletWebServerApplicationContext@6b9ce1bf'
2026-06-10T22:32:02.463-05:00 DEBUG 4296 --- [practice-basic-auth] [main] o.s.b.f.s.DefaultListableBeanFactory     : Creating shared instance of singleton bean 'endpointJsonMapperWebMvcConfigurer'
2026-06-10T22:32:02.463-05:00 DEBUG 4296 --- [practice-basic-auth] [main] o.s.b.f.s.DefaultListableBeanFactory     : Creating shared instance of singleton bean 'endpointJsonMapper'
2026-06-10T22:32:02.464-05:00 DEBUG 4296 --- [practice-basic-auth] [main] o.s.b.f.s.DefaultListableBeanFactory     : Creating shared instance of singleton bean 'org.springframework.boot.actuate.autoconfigure.endpoint.jackson.JacksonEndpointAutoConfiguration'
2026-06-10T22:32:02.465-05:00 DEBUG 4296 --- [practice-basic-auth] [main] o.s.b.f.s.DefaultListableBeanFactory     : Autowiring by type from bean name 'endpointJsonMapperWebMvcConfigurer' via factory method to bean named 'endpointJsonMapper'
2026-06-10T22:32:02.468-05:00 DEBUG 4296 --- [practice-basic-auth] [main] o.s.b.f.s.DefaultListableBeanFactory     : Creating shared instance of singleton bean 'stringHttpMessageConvertersCustomizer'
2026-06-10T22:32:02.468-05:00 DEBUG 4296 --- [practice-basic-auth] [main] o.s.b.f.s.DefaultListableBeanFactory     : Creating shared instance of singleton bean 'org.springframework.boot.http.converter.autoconfigure.HttpMessageConvertersAutoConfiguration$StringHttpMessageConverterConfiguration'
2026-06-10T22:32:02.469-05:00 DEBUG 4296 --- [practice-basic-auth] [main] o.s.b.f.s.DefaultListableBeanFactory     : Creating shared instance of singleton bean 'spring.http.converters-org.springframework.boot.http.converter.autoconfigure.HttpMessageConvertersProperties'
2026-06-10T22:32:02.469-05:00 DEBUG 4296 --- [practice-basic-auth] [main] o.s.b.f.s.DefaultListableBeanFactory     : Autowiring by type from bean name 'stringHttpMessageConvertersCustomizer' via factory method to bean named 'spring.http.converters-org.springframework.boot.http.converter.autoconfigure.HttpMessageConvertersProperties'
2026-06-10T22:32:02.470-05:00 DEBUG 4296 --- [practice-basic-auth] [main] o.s.b.f.s.DefaultListableBeanFactory     : Creating shared instance of singleton bean 'jacksonJsonHttpMessageConvertersCustomizer'
2026-06-10T22:32:02.470-05:00 DEBUG 4296 --- [practice-basic-auth] [main] o.s.b.f.s.DefaultListableBeanFactory     : Creating shared instance of singleton bean 'org.springframework.boot.http.converter.autoconfigure.JacksonHttpMessageConvertersConfiguration$JacksonJsonHttpMessageConverterConfiguration'
2026-06-10T22:32:02.470-05:00 DEBUG 4296 --- [practice-basic-auth] [main] o.s.b.f.s.DefaultListableBeanFactory     : Autowiring by type from bean name 'jacksonJsonHttpMessageConvertersCustomizer' via factory method to bean named 'jacksonJsonMapper'
2026-06-10T22:32:02.471-05:00 DEBUG 4296 --- [practice-basic-auth] [main] o.s.b.f.s.DefaultListableBeanFactory     : Creating shared instance of singleton bean 'serverConvertersCustomizer'
2026-06-10T22:32:02.471-05:00 DEBUG 4296 --- [practice-basic-auth] [main] o.s.b.f.s.DefaultListableBeanFactory     : Creating shared instance of singleton bean 'org.springframework.boot.http.converter.autoconfigure.HttpMessageConvertersAutoConfiguration'
2026-06-10T22:32:02.480-05:00 TRACE 4296 --- [practice-basic-auth] [main] eGlobalAuthenticationAutowiredConfigurer : Eagerly initializing {securityConfig=org.bsr.springboot.practicebasicauth.security.SecurityConfig$$SpringCGLIB$$0@4492b393}
2026-06-10T22:32:02.481-05:00 DEBUG 4296 --- [practice-basic-auth] [main] o.s.b.f.s.DefaultListableBeanFactory     : Creating shared instance of singleton bean 'passwordEncoder'
2026-06-10T22:32:02.488-05:00  INFO 4296 --- [practice-basic-auth] [main] r$InitializeUserDetailsManagerConfigurer : Global AuthenticationManager configured with UserDetailsService bean with name appUserDetailsService
2026-06-10T22:32:02.500-05:00 DEBUG 4296 --- [practice-basic-auth] [main] o.s.b.f.s.DefaultListableBeanFactory     : Creating shared instance of singleton bean 'pathPatternRequestMatcherBuilder'
2026-06-10T22:32:02.500-05:00 DEBUG 4296 --- [practice-basic-auth] [main] o.s.b.f.s.DefaultListableBeanFactory     : Creating shared instance of singleton bean 'org.springframework.boot.security.autoconfigure.web.servlet.ServletWebSecurityAutoConfiguration$PathPatternRequestMatcherBuilderConfiguration'
2026-06-10T22:32:02.500-05:00 DEBUG 4296 --- [practice-basic-auth] [main] o.s.b.f.s.DefaultListableBeanFactory     : Autowiring by type from bean name 'pathPatternRequestMatcherBuilder' via factory method to bean named 'dispatcherServletRegistration'
2026-06-10T22:32:02.598-05:00 DEBUG 4296 --- [practice-basic-auth] [main] o.s.b.f.s.DefaultListableBeanFactory     : Autowiring by type from bean name 'securityFilterChain' via factory method to bean named 'org.springframework.security.config.annotation.web.configuration.HttpSecurityConfiguration.httpSecurity'
2026-06-10T22:32:02.598-05:00 DEBUG 4296 --- [practice-basic-auth] [main] o.s.b.f.s.DefaultListableBeanFactory     : Autowiring by type from bean name 'securityFilterChain' via factory method to bean named 'customAuthenticationEntryPoint'
2026-06-10T22:32:02.598-05:00 DEBUG 4296 --- [practice-basic-auth] [main] o.s.b.f.s.DefaultListableBeanFactory     : Autowiring by type from bean name 'securityFilterChain' via factory method to bean named 'customAccessDeniedHandler'
2026-06-10T22:32:02.605-05:00 DEBUG 4296 --- [practice-basic-auth] [main] o.s.b.f.s.DefaultListableBeanFactory     : Creating shared instance of singleton bean 'webAuthorizationManagerPostProcessor'
2026-06-10T22:32:02.620-05:00 DEBUG 4296 --- [practice-basic-auth] [main] o.s.b.f.s.DefaultListableBeanFactory     : Creating shared instance of singleton bean 'authenticationManagerPostProcessor'
2026-06-10T22:32:02.637-05:00 DEBUG 4296 --- [practice-basic-auth] [main] o.s.s.web.DefaultSecurityFilterChain     : Will secure any request with filters: DisableEncodeUrlFilter, WebAsyncManagerIntegrationFilter, SecurityContextHolderFilter, HeaderWriterFilter, LogoutFilter, BasicAuthenticationFilter, RequestCacheAwareFilter, SecurityContextHolderAwareRequestFilter, AnonymousAuthenticationFilter, SessionManagementFilter, ExceptionTranslationFilter, AuthorizationFilter
2026-06-10T22:32:02.638-05:00 DEBUG 4296 --- [practice-basic-auth] [main] o.s.b.f.s.DefaultListableBeanFactory     : Creating shared instance of singleton bean 'delegatingApplicationListener'
2026-06-10T22:32:02.639-05:00 DEBUG 4296 --- [practice-basic-auth] [main] o.s.b.f.s.DefaultListableBeanFactory     : Creating shared instance of singleton bean 'springSecurityFilterChain'
2026-06-10T22:32:02.649-05:00 DEBUG 4296 --- [practice-basic-auth] [main] o.s.b.f.s.DefaultListableBeanFactory     : Creating shared instance of singleton bean 'webSecurityExpressionHandler'
2026-06-10T22:32:02.649-05:00 DEBUG 4296 --- [practice-basic-auth] [main] o.s.b.f.s.DefaultListableBeanFactory     : Creating shared instance of singleton bean 'privilegeEvaluator'
2026-06-10T22:32:02.649-05:00 DEBUG 4296 --- [practice-basic-auth] [main] o.s.b.f.s.DefaultListableBeanFactory     : Creating shared instance of singleton bean 'requestDataValueProcessor'
2026-06-10T22:32:02.650-05:00 DEBUG 4296 --- [practice-basic-auth] [main] o.s.b.f.s.DefaultListableBeanFactory     : Creating shared instance of singleton bean 'org.springframework.security.config.annotation.web.configuration.ObservationConfiguration'
2026-06-10T22:32:02.650-05:00 DEBUG 4296 --- [practice-basic-auth] [main] o.s.b.f.s.DefaultListableBeanFactory     : Creating shared instance of singleton bean 'org.springframework.boot.autoconfigure.context.PropertyPlaceholderAutoConfiguration'
2026-06-10T22:32:02.650-05:00 DEBUG 4296 --- [practice-basic-auth] [main] o.s.b.f.s.DefaultListableBeanFactory     : Creating shared instance of singleton bean 'org.springframework.boot.webmvc.autoconfigure.DispatcherServletAutoConfiguration'
2026-06-10T22:32:02.651-05:00 DEBUG 4296 --- [practice-basic-auth] [main] o.s.b.f.s.DefaultListableBeanFactory     : Creating shared instance of singleton bean 'org.springframework.boot.autoconfigure.task.TaskExecutorConfigurations$SimpleAsyncTaskExecutorBuilderConfiguration'
2026-06-10T22:32:02.651-05:00 DEBUG 4296 --- [practice-basic-auth] [main] o.s.b.f.s.DefaultListableBeanFactory     : Autowiring by type from bean name 'org.springframework.boot.autoconfigure.task.TaskExecutorConfigurations$SimpleAsyncTaskExecutorBuilderConfiguration' via constructor to bean named 'spring.task.execution-org.springframework.boot.autoconfigure.task.TaskExecutionProperties'
2026-06-10T22:32:02.652-05:00 DEBUG 4296 --- [practice-basic-auth] [main] o.s.b.f.s.DefaultListableBeanFactory     : Creating shared instance of singleton bean 'simpleAsyncTaskExecutorBuilder'
2026-06-10T22:32:02.653-05:00 DEBUG 4296 --- [practice-basic-auth] [main] o.s.b.f.s.DefaultListableBeanFactory     : Creating shared instance of singleton bean 'org.springframework.boot.autoconfigure.task.TaskExecutorConfigurations$AsyncConfigurerConfiguration'
2026-06-10T22:32:02.653-05:00 DEBUG 4296 --- [practice-basic-auth] [main] o.s.b.f.s.DefaultListableBeanFactory     : Creating shared instance of singleton bean 'applicationTaskExecutorAsyncConfigurer'
2026-06-10T22:32:02.654-05:00 DEBUG 4296 --- [practice-basic-auth] [main] o.s.b.f.s.DefaultListableBeanFactory     : Autowiring by type from bean name 'applicationTaskExecutorAsyncConfigurer' via factory method to bean named 'org.springframework.beans.factory.support.DefaultListableBeanFactory@733c423e'
2026-06-10T22:32:02.654-05:00 DEBUG 4296 --- [practice-basic-auth] [main] o.s.b.f.s.DefaultListableBeanFactory     : Creating shared instance of singleton bean 'org.springframework.boot.autoconfigure.task.TaskExecutorConfigurations$BootstrapExecutorConfiguration'
2026-06-10T22:32:02.654-05:00 DEBUG 4296 --- [practice-basic-auth] [main] o.s.b.f.s.DefaultListableBeanFactory     : Creating shared instance of singleton bean 'org.springframework.boot.autoconfigure.task.TaskExecutionAutoConfiguration'
2026-06-10T22:32:02.654-05:00 DEBUG 4296 --- [practice-basic-auth] [main] o.s.b.f.s.DefaultListableBeanFactory     : Creating shared instance of singleton bean 'org.springframework.boot.validation.autoconfigure.ValidationAutoConfiguration'
2026-06-10T22:32:02.655-05:00 DEBUG 4296 --- [practice-basic-auth] [main] o.s.b.f.s.DefaultListableBeanFactory     : Creating shared instance of singleton bean 'defaultValidator'
2026-06-10T22:32:02.655-05:00 DEBUG 4296 --- [practice-basic-auth] [main] o.s.b.f.s.DefaultListableBeanFactory     : Autowiring by type from bean name 'defaultValidator' via factory method to bean named 'org.springframework.boot.web.server.servlet.context.AnnotationConfigServletWebServerApplicationContext@6b9ce1bf'
2026-06-10T22:32:02.663-05:00 DEBUG 4296 --- [practice-basic-auth] [main] o.s.b.f.s.DefaultListableBeanFactory     : Creating shared instance of singleton bean 'org.springframework.boot.webmvc.autoconfigure.error.ErrorMvcAutoConfiguration$WhitelabelErrorViewConfiguration'
2026-06-10T22:32:02.663-05:00 DEBUG 4296 --- [practice-basic-auth] [main] o.s.b.f.s.DefaultListableBeanFactory     : Creating shared instance of singleton bean 'error'
2026-06-10T22:32:02.664-05:00 DEBUG 4296 --- [practice-basic-auth] [main] o.s.b.f.s.DefaultListableBeanFactory     : Creating shared instance of singleton bean 'beanNameViewResolver'
2026-06-10T22:32:02.664-05:00 DEBUG 4296 --- [practice-basic-auth] [main] o.s.b.f.s.DefaultListableBeanFactory     : Creating shared instance of singleton bean 'org.springframework.boot.webmvc.autoconfigure.error.ErrorMvcAutoConfiguration$DefaultErrorViewResolverConfiguration'
2026-06-10T22:32:02.664-05:00 DEBUG 4296 --- [practice-basic-auth] [main] o.s.b.f.s.DefaultListableBeanFactory     : Autowiring by type from bean name 'org.springframework.boot.webmvc.autoconfigure.error.ErrorMvcAutoConfiguration$DefaultErrorViewResolverConfiguration' via constructor to bean named 'org.springframework.boot.web.server.servlet.context.AnnotationConfigServletWebServerApplicationContext@6b9ce1bf'
2026-06-10T22:32:02.664-05:00 DEBUG 4296 --- [practice-basic-auth] [main] o.s.b.f.s.DefaultListableBeanFactory     : Autowiring by type from bean name 'org.springframework.boot.webmvc.autoconfigure.error.ErrorMvcAutoConfiguration$DefaultErrorViewResolverConfiguration' via constructor to bean named 'spring.web-org.springframework.boot.autoconfigure.web.WebProperties'
2026-06-10T22:32:02.665-05:00 DEBUG 4296 --- [practice-basic-auth] [main] o.s.b.f.s.DefaultListableBeanFactory     : Creating shared instance of singleton bean 'conventionErrorViewResolver'
2026-06-10T22:32:02.665-05:00 DEBUG 4296 --- [practice-basic-auth] [main] o.s.b.f.s.DefaultListableBeanFactory     : Creating shared instance of singleton bean 'errorAttributes'
2026-06-10T22:32:02.666-05:00 DEBUG 4296 --- [practice-basic-auth] [main] o.s.b.f.s.DefaultListableBeanFactory     : Creating shared instance of singleton bean 'basicErrorController'
2026-06-10T22:32:02.666-05:00 DEBUG 4296 --- [practice-basic-auth] [main] o.s.b.f.s.DefaultListableBeanFactory     : Autowiring by type from bean name 'basicErrorController' via factory method to bean named 'errorAttributes'
2026-06-10T22:32:02.668-05:00 DEBUG 4296 --- [practice-basic-auth] [main] o.s.b.f.s.DefaultListableBeanFactory     : Creating shared instance of singleton bean 'welcomePageHandlerMapping'
2026-06-10T22:32:02.669-05:00 DEBUG 4296 --- [practice-basic-auth] [main] o.s.b.f.s.DefaultListableBeanFactory     : Creating shared instance of singleton bean 'mvcConversionService'
2026-06-10T22:32:02.677-05:00 DEBUG 4296 --- [practice-basic-auth] [main] o.s.b.f.s.DefaultListableBeanFactory     : Creating shared instance of singleton bean 'mvcResourceUrlProvider'
2026-06-10T22:32:02.678-05:00 DEBUG 4296 --- [practice-basic-auth] [main] o.s.b.f.s.DefaultListableBeanFactory     : Autowiring by type from bean name 'welcomePageHandlerMapping' via factory method to bean named 'org.springframework.boot.web.server.servlet.context.AnnotationConfigServletWebServerApplicationContext@6b9ce1bf'
2026-06-10T22:32:02.678-05:00 DEBUG 4296 --- [practice-basic-auth] [main] o.s.b.f.s.DefaultListableBeanFactory     : Autowiring by type from bean name 'welcomePageHandlerMapping' via factory method to bean named 'mvcConversionService'
2026-06-10T22:32:02.678-05:00 DEBUG 4296 --- [practice-basic-auth] [main] o.s.b.f.s.DefaultListableBeanFactory     : Autowiring by type from bean name 'welcomePageHandlerMapping' via factory method to bean named 'mvcResourceUrlProvider'
2026-06-10T22:32:02.686-05:00 DEBUG 4296 --- [practice-basic-auth] [main] o.s.b.f.s.DefaultListableBeanFactory     : Creating shared instance of singleton bean 'welcomePageNotAcceptableHandlerMapping'
2026-06-10T22:32:02.686-05:00 DEBUG 4296 --- [practice-basic-auth] [main] o.s.b.f.s.DefaultListableBeanFactory     : Autowiring by type from bean name 'welcomePageNotAcceptableHandlerMapping' via factory method to bean named 'org.springframework.boot.web.server.servlet.context.AnnotationConfigServletWebServerApplicationContext@6b9ce1bf'
2026-06-10T22:32:02.686-05:00 DEBUG 4296 --- [practice-basic-auth] [main] o.s.b.f.s.DefaultListableBeanFactory     : Autowiring by type from bean name 'welcomePageNotAcceptableHandlerMapping' via factory method to bean named 'mvcConversionService'
2026-06-10T22:32:02.686-05:00 DEBUG 4296 --- [practice-basic-auth] [main] o.s.b.f.s.DefaultListableBeanFactory     : Autowiring by type from bean name 'welcomePageNotAcceptableHandlerMapping' via factory method to bean named 'mvcResourceUrlProvider'
2026-06-10T22:32:02.688-05:00 DEBUG 4296 --- [practice-basic-auth] [main] o.s.b.f.s.DefaultListableBeanFactory     : Creating shared instance of singleton bean 'localeResolver'
2026-06-10T22:32:02.689-05:00 DEBUG 4296 --- [practice-basic-auth] [main] o.s.b.f.s.DefaultListableBeanFactory     : Creating shared instance of singleton bean 'flashMapManager'
2026-06-10T22:32:02.691-05:00 DEBUG 4296 --- [practice-basic-auth] [main] o.s.b.f.s.DefaultListableBeanFactory     : Creating shared instance of singleton bean 'viewNameTranslator'
2026-06-10T22:32:02.692-05:00 DEBUG 4296 --- [practice-basic-auth] [main] o.s.b.f.s.DefaultListableBeanFactory     : Creating shared instance of singleton bean 'mvcValidator'
2026-06-10T22:32:02.693-05:00 DEBUG 4296 --- [practice-basic-auth] [main] o.s.b.f.s.DefaultListableBeanFactory     : Creating shared instance of singleton bean 'requestMappingHandlerMapping'
2026-06-10T22:32:02.694-05:00 DEBUG 4296 --- [practice-basic-auth] [main] o.s.b.f.s.DefaultListableBeanFactory     : Creating shared instance of singleton bean 'mvcApiVersionStrategy'
2026-06-10T22:32:02.700-05:00 DEBUG 4296 --- [practice-basic-auth] [main] o.s.b.f.s.DefaultListableBeanFactory     : Autowiring by type from bean name 'requestMappingHandlerMapping' via factory method to bean named 'mvcContentNegotiationManager'
2026-06-10T22:32:02.700-05:00 DEBUG 4296 --- [practice-basic-auth] [main] o.s.b.f.s.DefaultListableBeanFactory     : Autowiring by type from bean name 'requestMappingHandlerMapping' via factory method to bean named 'mvcApiVersionStrategy'
2026-06-10T22:32:02.700-05:00 DEBUG 4296 --- [practice-basic-auth] [main] o.s.b.f.s.DefaultListableBeanFactory     : Autowiring by type from bean name 'requestMappingHandlerMapping' via factory method to bean named 'mvcConversionService'
2026-06-10T22:32:02.700-05:00 DEBUG 4296 --- [practice-basic-auth] [main] o.s.b.f.s.DefaultListableBeanFactory     : Autowiring by type from bean name 'requestMappingHandlerMapping' via factory method to bean named 'mvcResourceUrlProvider'
2026-06-10T22:32:02.732-05:00 DEBUG 4296 --- [practice-basic-auth] [main] s.w.s.m.m.a.RequestMappingHandlerMapping : 4 mappings in 'requestMappingHandlerMapping'
2026-06-10T22:32:02.734-05:00 DEBUG 4296 --- [practice-basic-auth] [main] o.s.b.f.s.DefaultListableBeanFactory     : Creating shared instance of singleton bean 'mvcPatternParser'
2026-06-10T22:32:02.734-05:00 DEBUG 4296 --- [practice-basic-auth] [main] o.s.b.f.s.DefaultListableBeanFactory     : Creating shared instance of singleton bean 'mvcUrlPathHelper'
2026-06-10T22:32:02.735-05:00 DEBUG 4296 --- [practice-basic-auth] [main] o.s.b.f.s.DefaultListableBeanFactory     : Creating shared instance of singleton bean 'mvcPathMatcher'
2026-06-10T22:32:02.736-05:00 DEBUG 4296 --- [practice-basic-auth] [main] o.s.b.f.s.DefaultListableBeanFactory     : Creating shared instance of singleton bean 'viewControllerHandlerMapping'
2026-06-10T22:32:02.736-05:00 DEBUG 4296 --- [practice-basic-auth] [main] o.s.b.f.s.DefaultListableBeanFactory     : Autowiring by type from bean name 'viewControllerHandlerMapping' via factory method to bean named 'mvcConversionService'
2026-06-10T22:32:02.736-05:00 DEBUG 4296 --- [practice-basic-auth] [main] o.s.b.f.s.DefaultListableBeanFactory     : Autowiring by type from bean name 'viewControllerHandlerMapping' via factory method to bean named 'mvcResourceUrlProvider'
2026-06-10T22:32:02.737-05:00 DEBUG 4296 --- [practice-basic-auth] [main] o.s.b.f.s.DefaultListableBeanFactory     : Creating shared instance of singleton bean 'beanNameHandlerMapping'
2026-06-10T22:32:02.737-05:00 DEBUG 4296 --- [practice-basic-auth] [main] o.s.b.f.s.DefaultListableBeanFactory     : Autowiring by type from bean name 'beanNameHandlerMapping' via factory method to bean named 'mvcConversionService'
2026-06-10T22:32:02.737-05:00 DEBUG 4296 --- [practice-basic-auth] [main] o.s.b.f.s.DefaultListableBeanFactory     : Autowiring by type from bean name 'beanNameHandlerMapping' via factory method to bean named 'mvcResourceUrlProvider'
2026-06-10T22:32:02.739-05:00 DEBUG 4296 --- [practice-basic-auth] [main] o.s.b.f.s.DefaultListableBeanFactory     : Creating shared instance of singleton bean 'routerFunctionMapping'
2026-06-10T22:32:02.740-05:00 DEBUG 4296 --- [practice-basic-auth] [main] o.s.b.f.s.DefaultListableBeanFactory     : Autowiring by type from bean name 'routerFunctionMapping' via factory method to bean named 'mvcConversionService'
2026-06-10T22:32:02.740-05:00 DEBUG 4296 --- [practice-basic-auth] [main] o.s.b.f.s.DefaultListableBeanFactory     : Autowiring by type from bean name 'routerFunctionMapping' via factory method to bean named 'mvcResourceUrlProvider'
2026-06-10T22:32:02.740-05:00 DEBUG 4296 --- [practice-basic-auth] [main] o.s.b.f.s.DefaultListableBeanFactory     : Autowiring by type from bean name 'routerFunctionMapping' via factory method to bean named 'mvcApiVersionStrategy'
2026-06-10T22:32:02.744-05:00 DEBUG 4296 --- [practice-basic-auth] [main] o.s.b.f.s.DefaultListableBeanFactory     : Creating shared instance of singleton bean 'resourceHandlerMapping'
2026-06-10T22:32:02.745-05:00 DEBUG 4296 --- [practice-basic-auth] [main] o.s.b.f.s.DefaultListableBeanFactory     : Autowiring by type from bean name 'resourceHandlerMapping' via factory method to bean named 'mvcContentNegotiationManager'
2026-06-10T22:32:02.745-05:00 DEBUG 4296 --- [practice-basic-auth] [main] o.s.b.f.s.DefaultListableBeanFactory     : Autowiring by type from bean name 'resourceHandlerMapping' via factory method to bean named 'mvcConversionService'
2026-06-10T22:32:02.745-05:00 DEBUG 4296 --- [practice-basic-auth] [main] o.s.b.f.s.DefaultListableBeanFactory     : Autowiring by type from bean name 'resourceHandlerMapping' via factory method to bean named 'mvcResourceUrlProvider'
2026-06-10T22:32:02.758-05:00 DEBUG 4296 --- [practice-basic-auth] [main] o.s.w.s.handler.SimpleUrlHandlerMapping  : Patterns [/webjars/**, /**] in 'resourceHandlerMapping'
2026-06-10T22:32:02.759-05:00 DEBUG 4296 --- [practice-basic-auth] [main] o.s.b.f.s.DefaultListableBeanFactory     : Creating shared instance of singleton bean 'defaultServletHandlerMapping'
2026-06-10T22:32:02.759-05:00 DEBUG 4296 --- [practice-basic-auth] [main] o.s.b.f.s.DefaultListableBeanFactory     : Creating shared instance of singleton bean 'requestMappingHandlerAdapter'
2026-06-10T22:32:02.760-05:00 DEBUG 4296 --- [practice-basic-auth] [main] o.s.b.f.s.DefaultListableBeanFactory     : Autowiring by type from bean name 'requestMappingHandlerAdapter' via factory method to bean named 'mvcContentNegotiationManager'
2026-06-10T22:32:02.760-05:00 DEBUG 4296 --- [practice-basic-auth] [main] o.s.b.f.s.DefaultListableBeanFactory     : Autowiring by type from bean name 'requestMappingHandlerAdapter' via factory method to bean named 'mvcConversionService'
2026-06-10T22:32:02.760-05:00 DEBUG 4296 --- [practice-basic-auth] [main] o.s.b.f.s.DefaultListableBeanFactory     : Autowiring by type from bean name 'requestMappingHandlerAdapter' via factory method to bean named 'mvcValidator'
2026-06-10T22:32:02.770-05:00 DEBUG 4296 --- [practice-basic-auth] [main] o.s.b.f.s.DefaultListableBeanFactory     : Creating shared instance of singleton bean 'sortResolver'
2026-06-10T22:32:02.772-05:00 DEBUG 4296 --- [practice-basic-auth] [main] o.s.b.f.s.DefaultListableBeanFactory     : Creating shared instance of singleton bean 'sortCustomizer'
2026-06-10T22:32:02.774-05:00 DEBUG 4296 --- [practice-basic-auth] [main] o.s.b.f.s.DefaultListableBeanFactory     : Creating shared instance of singleton bean 'pageableResolver'
2026-06-10T22:32:02.775-05:00 DEBUG 4296 --- [practice-basic-auth] [main] o.s.b.f.s.DefaultListableBeanFactory     : Creating shared instance of singleton bean 'pageableCustomizer'
2026-06-10T22:32:02.786-05:00 DEBUG 4296 --- [practice-basic-auth] [main] s.w.s.m.m.a.RequestMappingHandlerAdapter : ControllerAdvice beans: 0 @ModelAttribute, 0 @InitBinder, 2 RequestBodyAdvice, 1 ResponseBodyAdvice
2026-06-10T22:32:02.805-05:00 DEBUG 4296 --- [practice-basic-auth] [main] o.s.b.f.s.DefaultListableBeanFactory     : Creating shared instance of singleton bean 'mvcViewResolver'
2026-06-10T22:32:02.806-05:00 DEBUG 4296 --- [practice-basic-auth] [main] o.s.b.f.s.DefaultListableBeanFactory     : Autowiring by type from bean name 'mvcViewResolver' via factory method to bean named 'mvcContentNegotiationManager'
2026-06-10T22:32:02.808-05:00 DEBUG 4296 --- [practice-basic-auth] [main] o.s.b.f.s.DefaultListableBeanFactory     : Creating shared instance of singleton bean 'defaultViewResolver'
2026-06-10T22:32:02.812-05:00 DEBUG 4296 --- [practice-basic-auth] [main] o.s.b.f.s.DefaultListableBeanFactory     : Creating shared instance of singleton bean 'viewResolver'
2026-06-10T22:32:02.812-05:00 DEBUG 4296 --- [practice-basic-auth] [main] o.s.b.f.s.DefaultListableBeanFactory     : Autowiring by type from bean name 'viewResolver' via factory method to bean named 'org.springframework.beans.factory.support.DefaultListableBeanFactory@733c423e'
2026-06-10T22:32:02.813-05:00 DEBUG 4296 --- [practice-basic-auth] [main] o.s.b.f.s.DefaultListableBeanFactory     : Creating shared instance of singleton bean 'viewResolver'
2026-06-10T22:32:02.821-05:00 DEBUG 4296 --- [practice-basic-auth] [main] o.s.b.f.s.DefaultListableBeanFactory     : Creating shared instance of singleton bean 'handlerFunctionAdapter'
2026-06-10T22:32:02.822-05:00 DEBUG 4296 --- [practice-basic-auth] [main] o.s.b.f.s.DefaultListableBeanFactory     : Creating shared instance of singleton bean 'mvcUriComponentsContributor'
2026-06-10T22:32:02.822-05:00 DEBUG 4296 --- [practice-basic-auth] [main] o.s.b.f.s.DefaultListableBeanFactory     : Autowiring by type from bean name 'mvcUriComponentsContributor' via factory method to bean named 'mvcConversionService'
2026-06-10T22:32:02.822-05:00 DEBUG 4296 --- [practice-basic-auth] [main] o.s.b.f.s.DefaultListableBeanFactory     : Autowiring by type from bean name 'mvcUriComponentsContributor' via factory method to bean named 'requestMappingHandlerAdapter'
2026-06-10T22:32:02.825-05:00 DEBUG 4296 --- [practice-basic-auth] [main] o.s.b.f.s.DefaultListableBeanFactory     : Creating shared instance of singleton bean 'httpRequestHandlerAdapter'
2026-06-10T22:32:02.825-05:00 DEBUG 4296 --- [practice-basic-auth] [main] o.s.b.f.s.DefaultListableBeanFactory     : Creating shared instance of singleton bean 'simpleControllerHandlerAdapter'
2026-06-10T22:32:02.825-05:00 DEBUG 4296 --- [practice-basic-auth] [main] o.s.b.f.s.DefaultListableBeanFactory     : Creating shared instance of singleton bean 'handlerExceptionResolver'
2026-06-10T22:32:02.826-05:00 DEBUG 4296 --- [practice-basic-auth] [main] o.s.b.f.s.DefaultListableBeanFactory     : Autowiring by type from bean name 'handlerExceptionResolver' via factory method to bean named 'mvcContentNegotiationManager'
2026-06-10T22:32:02.829-05:00 DEBUG 4296 --- [practice-basic-auth] [main] .m.m.a.ExceptionHandlerExceptionResolver : ControllerAdvice beans: 0 @ExceptionHandler, 1 ResponseBodyAdvice
2026-06-10T22:32:02.831-05:00 DEBUG 4296 --- [practice-basic-auth] [main] o.s.b.f.s.DefaultListableBeanFactory     : Creating shared instance of singleton bean 'org.springframework.boot.actuate.autoconfigure.audit.AuditEventsEndpointAutoConfiguration'
2026-06-10T22:32:02.832-05:00 DEBUG 4296 --- [practice-basic-auth] [main] o.s.b.f.s.DefaultListableBeanFactory     : Creating shared instance of singleton bean 'org.springframework.boot.actuate.autoconfigure.beans.BeansEndpointAutoConfiguration'
2026-06-10T22:32:02.832-05:00 DEBUG 4296 --- [practice-basic-auth] [main] o.s.b.f.s.DefaultListableBeanFactory     : Creating shared instance of singleton bean 'beansEndpoint'
2026-06-10T22:32:02.832-05:00 DEBUG 4296 --- [practice-basic-auth] [main] o.s.b.f.s.DefaultListableBeanFactory     : Autowiring by type from bean name 'beansEndpoint' via factory method to bean named 'org.springframework.boot.web.server.servlet.context.AnnotationConfigServletWebServerApplicationContext@6b9ce1bf'
2026-06-10T22:32:02.833-05:00 DEBUG 4296 --- [practice-basic-auth] [main] o.s.b.f.s.DefaultListableBeanFactory     : Creating shared instance of singleton bean 'org.springframework.boot.actuate.autoconfigure.condition.ConditionsReportEndpointAutoConfiguration'
2026-06-10T22:32:02.834-05:00 DEBUG 4296 --- [practice-basic-auth] [main] o.s.b.f.s.DefaultListableBeanFactory     : Creating shared instance of singleton bean 'conditionsReportEndpoint'
2026-06-10T22:32:02.834-05:00 DEBUG 4296 --- [practice-basic-auth] [main] o.s.b.f.s.DefaultListableBeanFactory     : Autowiring by type from bean name 'conditionsReportEndpoint' via factory method to bean named 'org.springframework.boot.web.server.servlet.context.AnnotationConfigServletWebServerApplicationContext@6b9ce1bf'
2026-06-10T22:32:02.834-05:00 DEBUG 4296 --- [practice-basic-auth] [main] o.s.b.f.s.DefaultListableBeanFactory     : Creating shared instance of singleton bean 'org.springframework.boot.actuate.autoconfigure.context.properties.ConfigurationPropertiesReportEndpointAutoConfiguration'
2026-06-10T22:32:02.835-05:00 DEBUG 4296 --- [practice-basic-auth] [main] o.s.b.f.s.DefaultListableBeanFactory     : Creating shared instance of singleton bean 'configurationPropertiesReportEndpoint'
2026-06-10T22:32:02.835-05:00 DEBUG 4296 --- [practice-basic-auth] [main] o.s.b.f.s.DefaultListableBeanFactory     : Creating shared instance of singleton bean 'management.endpoint.configprops-org.springframework.boot.actuate.autoconfigure.context.properties.ConfigurationPropertiesReportEndpointProperties'
2026-06-10T22:32:02.836-05:00 DEBUG 4296 --- [practice-basic-auth] [main] o.s.b.f.s.DefaultListableBeanFactory     : Autowiring by type from bean name 'configurationPropertiesReportEndpoint' via factory method to bean named 'management.endpoint.configprops-org.springframework.boot.actuate.autoconfigure.context.properties.ConfigurationPropertiesReportEndpointProperties'
2026-06-10T22:32:02.842-05:00 DEBUG 4296 --- [practice-basic-auth] [main] o.s.b.f.s.DefaultListableBeanFactory     : Creating shared instance of singleton bean 'configurationPropertiesReportEndpointWebExtension'
2026-06-10T22:32:02.842-05:00 DEBUG 4296 --- [practice-basic-auth] [main] o.s.b.f.s.DefaultListableBeanFactory     : Autowiring by type from bean name 'configurationPropertiesReportEndpointWebExtension' via factory method to bean named 'configurationPropertiesReportEndpoint'
2026-06-10T22:32:02.842-05:00 DEBUG 4296 --- [practice-basic-auth] [main] o.s.b.f.s.DefaultListableBeanFactory     : Autowiring by type from bean name 'configurationPropertiesReportEndpointWebExtension' via factory method to bean named 'management.endpoint.configprops-org.springframework.boot.actuate.autoconfigure.context.properties.ConfigurationPropertiesReportEndpointProperties'
2026-06-10T22:32:02.844-05:00 DEBUG 4296 --- [practice-basic-auth] [main] o.s.b.f.s.DefaultListableBeanFactory     : Creating shared instance of singleton bean 'endpointOperationParameterMapper'
2026-06-10T22:32:02.846-05:00 DEBUG 4296 --- [practice-basic-auth] [main] o.s.b.f.s.DefaultListableBeanFactory     : Creating shared instance of singleton bean 'endpointCachingOperationInvokerAdvisor'
2026-06-10T22:32:02.846-05:00 DEBUG 4296 --- [practice-basic-auth] [main] o.s.b.f.s.DefaultListableBeanFactory     : Autowiring by type from bean name 'endpointCachingOperationInvokerAdvisor' via factory method to bean named 'environment'
2026-06-10T22:32:02.847-05:00 DEBUG 4296 --- [practice-basic-auth] [main] o.s.b.f.s.DefaultListableBeanFactory     : Creating shared instance of singleton bean 'org.springframework.boot.autoconfigure.jmx.JmxAutoConfiguration'
2026-06-10T22:32:02.848-05:00 DEBUG 4296 --- [practice-basic-auth] [main] o.s.b.f.s.DefaultListableBeanFactory     : Creating shared instance of singleton bean 'spring.jmx-org.springframework.boot.autoconfigure.jmx.JmxProperties'
2026-06-10T22:32:02.849-05:00 DEBUG 4296 --- [practice-basic-auth] [main] o.s.b.f.s.DefaultListableBeanFactory     : Autowiring by type from bean name 'org.springframework.boot.autoconfigure.jmx.JmxAutoConfiguration' via constructor to bean named 'spring.jmx-org.springframework.boot.autoconfigure.jmx.JmxProperties'
2026-06-10T22:32:02.850-05:00 DEBUG 4296 --- [practice-basic-auth] [main] o.s.b.f.s.DefaultListableBeanFactory     : Creating shared instance of singleton bean 'mbeanExporter'
2026-06-10T22:32:02.850-05:00 DEBUG 4296 --- [practice-basic-auth] [main] o.s.b.f.s.DefaultListableBeanFactory     : Creating shared instance of singleton bean 'objectNamingStrategy'
2026-06-10T22:32:02.852-05:00 DEBUG 4296 --- [practice-basic-auth] [main] o.s.b.f.s.DefaultListableBeanFactory     : Autowiring by type from bean name 'mbeanExporter' via factory method to bean named 'objectNamingStrategy'
2026-06-10T22:32:02.852-05:00 DEBUG 4296 --- [practice-basic-auth] [main] o.s.b.f.s.DefaultListableBeanFactory     : Autowiring by type from bean name 'mbeanExporter' via factory method to bean named 'org.springframework.beans.factory.support.DefaultListableBeanFactory@733c423e'
2026-06-10T22:32:02.857-05:00 DEBUG 4296 --- [practice-basic-auth] [main] o.s.b.f.s.DefaultListableBeanFactory     : Creating shared instance of singleton bean 'mbeanServer'
2026-06-10T22:32:02.858-05:00 DEBUG 4296 --- [practice-basic-auth] [main] o.springframework.jmx.support.JmxUtils   : Found MBeanServer: com.sun.jmx.mbeanserver.JmxMBeanServer@4f4a7090
2026-06-10T22:32:02.861-05:00 DEBUG 4296 --- [practice-basic-auth] [main] o.s.b.f.s.DefaultListableBeanFactory     : Creating shared instance of singleton bean 'org.springframework.boot.actuate.autoconfigure.endpoint.jmx.JmxEndpointAutoConfiguration$JmxJacksonEndpointConfiguration'
2026-06-10T22:32:02.861-05:00 DEBUG 4296 --- [practice-basic-auth] [main] o.s.b.f.s.DefaultListableBeanFactory     : Creating shared instance of singleton bean 'jmxMBeanExporter'
2026-06-10T22:32:02.862-05:00 DEBUG 4296 --- [practice-basic-auth] [main] o.s.b.f.s.DefaultListableBeanFactory     : Creating shared instance of singleton bean 'endpointObjectNameFactory'
2026-06-10T22:32:02.862-05:00 DEBUG 4296 --- [practice-basic-auth] [main] o.s.b.f.s.DefaultListableBeanFactory     : Creating shared instance of singleton bean 'org.springframework.boot.actuate.autoconfigure.endpoint.jmx.JmxEndpointAutoConfiguration'
2026-06-10T22:32:02.863-05:00 DEBUG 4296 --- [practice-basic-auth] [main] o.s.b.f.s.DefaultListableBeanFactory     : Creating shared instance of singleton bean 'management.endpoints.jmx-org.springframework.boot.actuate.autoconfigure.endpoint.jmx.JmxEndpointProperties'
2026-06-10T22:32:02.865-05:00 DEBUG 4296 --- [practice-basic-auth] [main] o.s.b.f.s.DefaultListableBeanFactory     : Autowiring by type from bean name 'org.springframework.boot.actuate.autoconfigure.endpoint.jmx.JmxEndpointAutoConfiguration' via constructor to bean named 'org.springframework.boot.web.server.servlet.context.AnnotationConfigServletWebServerApplicationContext@6b9ce1bf'
2026-06-10T22:32:02.865-05:00 DEBUG 4296 --- [practice-basic-auth] [main] o.s.b.f.s.DefaultListableBeanFactory     : Autowiring by type from bean name 'org.springframework.boot.actuate.autoconfigure.endpoint.jmx.JmxEndpointAutoConfiguration' via constructor to bean named 'management.endpoints.jmx-org.springframework.boot.actuate.autoconfigure.endpoint.jmx.JmxEndpointProperties'
2026-06-10T22:32:02.865-05:00 DEBUG 4296 --- [practice-basic-auth] [main] o.s.b.f.s.DefaultListableBeanFactory     : Autowiring by type from bean name 'org.springframework.boot.actuate.autoconfigure.endpoint.jmx.JmxEndpointAutoConfiguration' via constructor to bean named 'spring.jmx-org.springframework.boot.autoconfigure.jmx.JmxProperties'
2026-06-10T22:32:02.865-05:00 DEBUG 4296 --- [practice-basic-auth] [main] o.s.b.f.s.DefaultListableBeanFactory     : Autowiring by type from bean name 'endpointObjectNameFactory' via factory method to bean named 'mbeanServer'
2026-06-10T22:32:02.866-05:00 DEBUG 4296 --- [practice-basic-auth] [main] o.s.b.f.s.DefaultListableBeanFactory     : Creating shared instance of singleton bean 'jmxAnnotationEndpointDiscoverer'
2026-06-10T22:32:02.866-05:00 DEBUG 4296 --- [practice-basic-auth] [main] o.s.b.f.s.DefaultListableBeanFactory     : Autowiring by type from bean name 'jmxAnnotationEndpointDiscoverer' via factory method to bean named 'endpointOperationParameterMapper'
2026-06-10T22:32:02.867-05:00 DEBUG 4296 --- [practice-basic-auth] [main] o.s.b.f.s.DefaultListableBeanFactory     : Creating shared instance of singleton bean 'jmxIncludeExcludePropertyEndpointFilter'
2026-06-10T22:32:02.868-05:00 DEBUG 4296 --- [practice-basic-auth] [main] o.s.b.f.s.DefaultListableBeanFactory     : Creating shared instance of singleton bean 'jmxAccessPropertiesOperationFilter'
2026-06-10T22:32:02.868-05:00 DEBUG 4296 --- [practice-basic-auth] [main] o.s.b.f.s.DefaultListableBeanFactory     : Autowiring by type from bean name 'jmxAccessPropertiesOperationFilter' via factory method to bean named 'propertiesEndpointAccessResolver'
2026-06-10T22:32:02.870-05:00 DEBUG 4296 --- [practice-basic-auth] [main] o.s.b.f.s.DefaultListableBeanFactory     : Autowiring by type from bean name 'jmxMBeanExporter' via factory method to bean named 'mbeanServer'
2026-06-10T22:32:02.870-05:00 DEBUG 4296 --- [practice-basic-auth] [main] o.s.b.f.s.DefaultListableBeanFactory     : Autowiring by type from bean name 'jmxMBeanExporter' via factory method to bean named 'endpointObjectNameFactory'
2026-06-10T22:32:02.870-05:00 DEBUG 4296 --- [practice-basic-auth] [main] o.s.b.f.s.DefaultListableBeanFactory     : Autowiring by type from bean name 'jmxMBeanExporter' via factory method to bean named 'jmxAnnotationEndpointDiscoverer'
2026-06-10T22:32:02.879-05:00 DEBUG 4296 --- [practice-basic-auth] [main] o.s.b.f.s.DefaultListableBeanFactory     : Creating shared instance of singleton bean 'environmentEndpoint'
2026-06-10T22:32:02.879-05:00 DEBUG 4296 --- [practice-basic-auth] [main] o.s.b.f.s.DefaultListableBeanFactory     : Creating shared instance of singleton bean 'org.springframework.boot.actuate.autoconfigure.env.EnvironmentEndpointAutoConfiguration'
2026-06-10T22:32:02.880-05:00 DEBUG 4296 --- [practice-basic-auth] [main] o.s.b.f.s.DefaultListableBeanFactory     : Creating shared instance of singleton bean 'management.endpoint.env-org.springframework.boot.actuate.autoconfigure.env.EnvironmentEndpointProperties'
2026-06-10T22:32:02.880-05:00 DEBUG 4296 --- [practice-basic-auth] [main] o.s.b.f.s.DefaultListableBeanFactory     : Autowiring by type from bean name 'environmentEndpoint' via factory method to bean named 'environment'
2026-06-10T22:32:02.880-05:00 DEBUG 4296 --- [practice-basic-auth] [main] o.s.b.f.s.DefaultListableBeanFactory     : Autowiring by type from bean name 'environmentEndpoint' via factory method to bean named 'management.endpoint.env-org.springframework.boot.actuate.autoconfigure.env.EnvironmentEndpointProperties'
2026-06-10T22:32:02.883-05:00 DEBUG 4296 --- [practice-basic-auth] [main] o.s.b.f.s.DefaultListableBeanFactory     : Creating shared instance of singleton bean 'sbomEndpoint'
2026-06-10T22:32:02.883-05:00 DEBUG 4296 --- [practice-basic-auth] [main] o.s.b.f.s.DefaultListableBeanFactory     : Creating shared instance of singleton bean 'org.springframework.boot.actuate.autoconfigure.sbom.SbomEndpointAutoConfiguration'
2026-06-10T22:32:02.883-05:00 DEBUG 4296 --- [practice-basic-auth] [main] o.s.b.f.s.DefaultListableBeanFactory     : Creating shared instance of singleton bean 'management.endpoint.sbom-org.springframework.boot.actuate.sbom.SbomProperties'
2026-06-10T22:32:02.884-05:00 DEBUG 4296 --- [practice-basic-auth] [main] o.s.b.f.s.DefaultListableBeanFactory     : Autowiring by type from bean name 'org.springframework.boot.actuate.autoconfigure.sbom.SbomEndpointAutoConfiguration' via constructor to bean named 'management.endpoint.sbom-org.springframework.boot.actuate.sbom.SbomProperties'
2026-06-10T22:32:02.885-05:00 DEBUG 4296 --- [practice-basic-auth] [main] o.s.b.f.s.DefaultListableBeanFactory     : Autowiring by type from bean name 'sbomEndpoint' via factory method to bean named 'org.springframework.boot.web.server.servlet.context.AnnotationConfigServletWebServerApplicationContext@6b9ce1bf'
2026-06-10T22:32:02.886-05:00 DEBUG 4296 --- [practice-basic-auth] [main] o.s.b.f.s.DefaultListableBeanFactory     : Creating shared instance of singleton bean 'healthEndpoint'
2026-06-10T22:32:02.887-05:00 DEBUG 4296 --- [practice-basic-auth] [main] o.s.b.f.s.DefaultListableBeanFactory     : Creating shared instance of singleton bean 'org.springframework.boot.health.autoconfigure.actuate.endpoint.HealthEndpointConfiguration'
2026-06-10T22:32:02.887-05:00 DEBUG 4296 --- [practice-basic-auth] [main] o.s.b.f.s.DefaultListableBeanFactory     : Creating shared instance of singleton bean 'healthContributorRegistry'
2026-06-10T22:32:02.887-05:00 DEBUG 4296 --- [practice-basic-auth] [main] o.s.b.f.s.DefaultListableBeanFactory     : Creating shared instance of singleton bean 'org.springframework.boot.health.autoconfigure.registry.HealthContributorRegistryAutoConfiguration'
2026-06-10T22:32:02.888-05:00 DEBUG 4296 --- [practice-basic-auth] [main] o.s.b.f.s.DefaultListableBeanFactory     : Creating shared instance of singleton bean 'livenessStateHealthIndicator'
2026-06-10T22:32:02.888-05:00 DEBUG 4296 --- [practice-basic-auth] [main] o.s.b.f.s.DefaultListableBeanFactory     : Creating shared instance of singleton bean 'org.springframework.boot.health.autoconfigure.actuate.endpoint.AvailabilityProbesAutoConfiguration'
2026-06-10T22:32:02.888-05:00 DEBUG 4296 --- [practice-basic-auth] [main] o.s.b.f.s.DefaultListableBeanFactory     : Creating shared instance of singleton bean 'applicationAvailability'
2026-06-10T22:32:02.888-05:00 DEBUG 4296 --- [practice-basic-auth] [main] o.s.b.f.s.DefaultListableBeanFactory     : Creating shared instance of singleton bean 'org.springframework.boot.autoconfigure.availability.ApplicationAvailabilityAutoConfiguration'
2026-06-10T22:32:02.890-05:00 DEBUG 4296 --- [practice-basic-auth] [main] o.s.b.f.s.DefaultListableBeanFactory     : Autowiring by type from bean name 'livenessStateHealthIndicator' via factory method to bean named 'applicationAvailability'
2026-06-10T22:32:02.892-05:00 DEBUG 4296 --- [practice-basic-auth] [main] o.s.b.f.s.DefaultListableBeanFactory     : Creating shared instance of singleton bean 'readinessStateHealthIndicator'
2026-06-10T22:32:02.892-05:00 DEBUG 4296 --- [practice-basic-auth] [main] o.s.b.f.s.DefaultListableBeanFactory     : Autowiring by type from bean name 'readinessStateHealthIndicator' via factory method to bean named 'applicationAvailability'
2026-06-10T22:32:02.893-05:00 DEBUG 4296 --- [practice-basic-auth] [main] o.s.b.f.s.DefaultListableBeanFactory     : Creating shared instance of singleton bean 'diskSpaceHealthIndicator'
2026-06-10T22:32:02.893-05:00 DEBUG 4296 --- [practice-basic-auth] [main] o.s.b.f.s.DefaultListableBeanFactory     : Creating shared instance of singleton bean 'org.springframework.boot.health.autoconfigure.application.DiskSpaceHealthContributorAutoConfiguration'
2026-06-10T22:32:02.894-05:00 DEBUG 4296 --- [practice-basic-auth] [main] o.s.b.f.s.DefaultListableBeanFactory     : Creating shared instance of singleton bean 'management.health.diskspace-org.springframework.boot.health.autoconfigure.application.DiskSpaceHealthIndicatorProperties'
2026-06-10T22:32:02.895-05:00 DEBUG 4296 --- [practice-basic-auth] [main] o.s.b.f.s.DefaultListableBeanFactory     : Autowiring by type from bean name 'diskSpaceHealthIndicator' via factory method to bean named 'management.health.diskspace-org.springframework.boot.health.autoconfigure.application.DiskSpaceHealthIndicatorProperties'
2026-06-10T22:32:02.895-05:00 DEBUG 4296 --- [practice-basic-auth] [main] o.s.b.f.s.DefaultListableBeanFactory     : Creating shared instance of singleton bean 'sslHealthIndicator'
2026-06-10T22:32:02.895-05:00 DEBUG 4296 --- [practice-basic-auth] [main] o.s.b.f.s.DefaultListableBeanFactory     : Creating shared instance of singleton bean 'org.springframework.boot.health.autoconfigure.application.SslHealthContributorAutoConfiguration'
2026-06-10T22:32:02.895-05:00 DEBUG 4296 --- [practice-basic-auth] [main] o.s.b.f.s.DefaultListableBeanFactory     : Creating shared instance of singleton bean 'sslInfo'
2026-06-10T22:32:02.896-05:00 DEBUG 4296 --- [practice-basic-auth] [main] o.s.b.f.s.DefaultListableBeanFactory     : Autowiring by type from bean name 'sslInfo' via factory method to bean named 'sslBundleRegistry'
2026-06-10T22:32:02.896-05:00 DEBUG 4296 --- [practice-basic-auth] [main] o.s.b.f.s.DefaultListableBeanFactory     : Creating shared instance of singleton bean 'management.health.ssl-org.springframework.boot.health.autoconfigure.application.SslHealthIndicatorProperties'
2026-06-10T22:32:02.897-05:00 DEBUG 4296 --- [practice-basic-auth] [main] o.s.b.f.s.DefaultListableBeanFactory     : Autowiring by type from bean name 'sslHealthIndicator' via factory method to bean named 'sslInfo'
2026-06-10T22:32:02.897-05:00 DEBUG 4296 --- [practice-basic-auth] [main] o.s.b.f.s.DefaultListableBeanFactory     : Autowiring by type from bean name 'sslHealthIndicator' via factory method to bean named 'management.health.ssl-org.springframework.boot.health.autoconfigure.application.SslHealthIndicatorProperties'
2026-06-10T22:32:02.898-05:00 DEBUG 4296 --- [practice-basic-auth] [main] o.s.b.f.s.DefaultListableBeanFactory     : Creating shared instance of singleton bean 'pingHealthContributor'
2026-06-10T22:32:02.898-05:00 DEBUG 4296 --- [practice-basic-auth] [main] o.s.b.f.s.DefaultListableBeanFactory     : Creating shared instance of singleton bean 'org.springframework.boot.health.autoconfigure.contributor.HealthContributorAutoConfiguration'
2026-06-10T22:32:02.898-05:00 DEBUG 4296 --- [practice-basic-auth] [main] o.s.b.f.s.DefaultListableBeanFactory     : Creating shared instance of singleton bean 'dbHealthContributor'
2026-06-10T22:32:02.898-05:00 DEBUG 4296 --- [practice-basic-auth] [main] o.s.b.f.s.DefaultListableBeanFactory     : Creating shared instance of singleton bean 'org.springframework.boot.jdbc.autoconfigure.health.DataSourceHealthContributorAutoConfiguration'
2026-06-10T22:32:02.899-05:00 DEBUG 4296 --- [practice-basic-auth] [main] o.s.b.f.s.DefaultListableBeanFactory     : Creating shared instance of singleton bean 'hikariPoolDataSourceMetadataProvider'
2026-06-10T22:32:02.899-05:00 DEBUG 4296 --- [practice-basic-auth] [main] o.s.b.f.s.DefaultListableBeanFactory     : Creating shared instance of singleton bean 'org.springframework.boot.jdbc.autoconfigure.DataSourcePoolMetadataProvidersConfiguration$HikariPoolDataSourceMetadataProviderConfiguration'
2026-06-10T22:32:02.900-05:00 DEBUG 4296 --- [practice-basic-auth] [main] o.s.b.f.s.DefaultListableBeanFactory     : Creating shared instance of singleton bean 'management.health.db-org.springframework.boot.jdbc.autoconfigure.health.DataSourceHealthIndicatorProperties'
2026-06-10T22:32:02.901-05:00 DEBUG 4296 --- [practice-basic-auth] [main] o.s.b.f.s.DefaultListableBeanFactory     : Autowiring by type from bean name 'dbHealthContributor' via factory method to bean named 'org.springframework.beans.factory.support.DefaultListableBeanFactory@733c423e'
2026-06-10T22:32:02.901-05:00 DEBUG 4296 --- [practice-basic-auth] [main] o.s.b.f.s.DefaultListableBeanFactory     : Autowiring by type from bean name 'dbHealthContributor' via factory method to bean named 'management.health.db-org.springframework.boot.jdbc.autoconfigure.health.DataSourceHealthIndicatorProperties'
2026-06-10T22:32:02.903-05:00 DEBUG 4296 --- [practice-basic-auth] [main] o.s.b.f.s.DefaultListableBeanFactory     : Creating shared instance of singleton bean 'groupsHealthContributorNameValidator'
2026-06-10T22:32:02.903-05:00 DEBUG 4296 --- [practice-basic-auth] [main] o.s.b.f.s.DefaultListableBeanFactory     : Creating shared instance of singleton bean 'healthEndpointGroups'
2026-06-10T22:32:02.903-05:00 DEBUG 4296 --- [practice-basic-auth] [main] o.s.b.f.s.DefaultListableBeanFactory     : Creating shared instance of singleton bean 'management.endpoint.health-org.springframework.boot.health.autoconfigure.actuate.endpoint.HealthEndpointProperties'
2026-06-10T22:32:02.905-05:00 DEBUG 4296 --- [practice-basic-auth] [main] o.s.b.f.s.DefaultListableBeanFactory     : Autowiring by type from bean name 'healthEndpointGroups' via factory method to bean named 'org.springframework.boot.web.server.servlet.context.AnnotationConfigServletWebServerApplicationContext@6b9ce1bf'
2026-06-10T22:32:02.905-05:00 DEBUG 4296 --- [practice-basic-auth] [main] o.s.b.f.s.DefaultListableBeanFactory     : Autowiring by type from bean name 'healthEndpointGroups' via factory method to bean named 'management.endpoint.health-org.springframework.boot.health.autoconfigure.actuate.endpoint.HealthEndpointProperties'
2026-06-10T22:32:02.906-05:00 DEBUG 4296 --- [practice-basic-auth] [main] o.s.b.f.s.DefaultListableBeanFactory     : Creating shared instance of singleton bean 'healthStatusAggregator'
2026-06-10T22:32:02.906-05:00 DEBUG 4296 --- [practice-basic-auth] [main] o.s.b.f.s.DefaultListableBeanFactory     : Autowiring by type from bean name 'healthStatusAggregator' via factory method to bean named 'management.endpoint.health-org.springframework.boot.health.autoconfigure.actuate.endpoint.HealthEndpointProperties'
2026-06-10T22:32:02.907-05:00 DEBUG 4296 --- [practice-basic-auth] [main] o.s.b.f.s.DefaultListableBeanFactory     : Creating shared instance of singleton bean 'healthHttpCodeStatusMapper'
2026-06-10T22:32:02.907-05:00 DEBUG 4296 --- [practice-basic-auth] [main] o.s.b.f.s.DefaultListableBeanFactory     : Autowiring by type from bean name 'healthHttpCodeStatusMapper' via factory method to bean named 'management.endpoint.health-org.springframework.boot.health.autoconfigure.actuate.endpoint.HealthEndpointProperties'
2026-06-10T22:32:02.910-05:00 DEBUG 4296 --- [practice-basic-auth] [main] o.s.b.f.s.DefaultListableBeanFactory     : Creating shared instance of singleton bean 'availabilityProbesHealthEndpointGroupsPostProcessor'
2026-06-10T22:32:02.910-05:00 DEBUG 4296 --- [practice-basic-auth] [main] o.s.b.f.s.DefaultListableBeanFactory     : Autowiring by type from bean name 'availabilityProbesHealthEndpointGroupsPostProcessor' via factory method to bean named 'environment'
2026-06-10T22:32:02.911-05:00 DEBUG 4296 --- [practice-basic-auth] [main] o.s.b.f.s.DefaultListableBeanFactory     : Autowiring by type from bean name 'healthContributorRegistry' via factory method to bean named 'livenessStateHealthIndicator'
2026-06-10T22:32:02.911-05:00 DEBUG 4296 --- [practice-basic-auth] [main] o.s.b.f.s.DefaultListableBeanFactory     : Autowiring by type from bean name 'healthContributorRegistry' via factory method to bean named 'readinessStateHealthIndicator'
2026-06-10T22:32:02.912-05:00 DEBUG 4296 --- [practice-basic-auth] [main] o.s.b.f.s.DefaultListableBeanFactory     : Autowiring by type from bean name 'healthContributorRegistry' via factory method to bean named 'diskSpaceHealthIndicator'
2026-06-10T22:32:02.912-05:00 DEBUG 4296 --- [practice-basic-auth] [main] o.s.b.f.s.DefaultListableBeanFactory     : Autowiring by type from bean name 'healthContributorRegistry' via factory method to bean named 'sslHealthIndicator'
2026-06-10T22:32:02.912-05:00 DEBUG 4296 --- [practice-basic-auth] [main] o.s.b.f.s.DefaultListableBeanFactory     : Autowiring by type from bean name 'healthContributorRegistry' via factory method to bean named 'pingHealthContributor'
2026-06-10T22:32:02.912-05:00 DEBUG 4296 --- [practice-basic-auth] [main] o.s.b.f.s.DefaultListableBeanFactory     : Autowiring by type from bean name 'healthContributorRegistry' via factory method to bean named 'dbHealthContributor'
2026-06-10T22:32:02.912-05:00 DEBUG 4296 --- [practice-basic-auth] [main] o.s.b.f.s.DefaultListableBeanFactory     : Autowiring by type from bean name 'healthContributorRegistry' via factory method to bean named 'groupsHealthContributorNameValidator'
2026-06-10T22:32:02.915-05:00 DEBUG 4296 --- [practice-basic-auth] [main] o.s.b.f.s.DefaultListableBeanFactory     : Autowiring by type from bean name 'healthEndpoint' via factory method to bean named 'healthContributorRegistry'
2026-06-10T22:32:02.915-05:00 DEBUG 4296 --- [practice-basic-auth] [main] o.s.b.f.s.DefaultListableBeanFactory     : Autowiring by type from bean name 'healthEndpoint' via factory method to bean named 'healthEndpointGroups'
2026-06-10T22:32:02.915-05:00 DEBUG 4296 --- [practice-basic-auth] [main] o.s.b.f.s.DefaultListableBeanFactory     : Autowiring by type from bean name 'healthEndpoint' via factory method to bean named 'management.endpoint.health-org.springframework.boot.health.autoconfigure.actuate.endpoint.HealthEndpointProperties'
2026-06-10T22:32:02.927-05:00 DEBUG 4296 --- [practice-basic-auth] [main] o.s.b.f.s.DefaultListableBeanFactory     : Creating shared instance of singleton bean 'infoEndpoint'
2026-06-10T22:32:02.927-05:00 DEBUG 4296 --- [practice-basic-auth] [main] o.s.b.f.s.DefaultListableBeanFactory     : Creating shared instance of singleton bean 'org.springframework.boot.actuate.autoconfigure.info.InfoEndpointAutoConfiguration'
2026-06-10T22:32:02.928-05:00 DEBUG 4296 --- [practice-basic-auth] [main] o.s.b.f.s.DefaultListableBeanFactory     : Creating shared instance of singleton bean 'logFileWebEndpoint'
2026-06-10T22:32:02.928-05:00 DEBUG 4296 --- [practice-basic-auth] [main] o.s.b.f.s.DefaultListableBeanFactory     : Creating shared instance of singleton bean 'org.springframework.boot.actuate.autoconfigure.logging.LogFileWebEndpointAutoConfiguration'
2026-06-10T22:32:02.928-05:00 DEBUG 4296 --- [practice-basic-auth] [main] o.s.b.f.s.DefaultListableBeanFactory     : Creating shared instance of singleton bean 'management.endpoint.logfile-org.springframework.boot.actuate.autoconfigure.logging.LogFileWebEndpointProperties'
2026-06-10T22:32:02.929-05:00 DEBUG 4296 --- [practice-basic-auth] [main] o.s.b.f.s.DefaultListableBeanFactory     : Autowiring by type from bean name 'logFileWebEndpoint' via factory method to bean named 'management.endpoint.logfile-org.springframework.boot.actuate.autoconfigure.logging.LogFileWebEndpointProperties'
2026-06-10T22:32:02.929-05:00 DEBUG 4296 --- [practice-basic-auth] [main] o.s.b.f.s.DefaultListableBeanFactory     : Creating shared instance of singleton bean 'loggersEndpoint'
2026-06-10T22:32:02.929-05:00 DEBUG 4296 --- [practice-basic-auth] [main] o.s.b.f.s.DefaultListableBeanFactory     : Creating shared instance of singleton bean 'org.springframework.boot.actuate.autoconfigure.logging.LoggersEndpointAutoConfiguration'
2026-06-10T22:32:02.930-05:00 DEBUG 4296 --- [practice-basic-auth] [main] o.s.b.f.s.DefaultListableBeanFactory     : Autowiring by type from bean name 'loggersEndpoint' via factory method to bean named 'springBootLoggingSystem'
2026-06-10T22:32:02.932-05:00 DEBUG 4296 --- [practice-basic-auth] [main] o.s.b.f.s.DefaultListableBeanFactory     : Creating shared instance of singleton bean 'dumpEndpoint'
2026-06-10T22:32:02.932-05:00 DEBUG 4296 --- [practice-basic-auth] [main] o.s.b.f.s.DefaultListableBeanFactory     : Creating shared instance of singleton bean 'org.springframework.boot.actuate.autoconfigure.management.ThreadDumpEndpointAutoConfiguration'
2026-06-10T22:32:02.934-05:00 DEBUG 4296 --- [practice-basic-auth] [main] o.s.b.f.s.DefaultListableBeanFactory     : Creating shared instance of singleton bean 'scheduledTasksEndpoint'
2026-06-10T22:32:02.935-05:00 DEBUG 4296 --- [practice-basic-auth] [main] o.s.b.f.s.DefaultListableBeanFactory     : Creating shared instance of singleton bean 'org.springframework.boot.actuate.autoconfigure.scheduling.ScheduledTasksEndpointAutoConfiguration'
2026-06-10T22:32:02.936-05:00 DEBUG 4296 --- [practice-basic-auth] [main] o.s.b.f.s.DefaultListableBeanFactory     : Creating shared instance of singleton bean 'mappingsEndpoint'
2026-06-10T22:32:02.937-05:00 DEBUG 4296 --- [practice-basic-auth] [main] o.s.b.f.s.DefaultListableBeanFactory     : Creating shared instance of singleton bean 'org.springframework.boot.actuate.autoconfigure.web.mappings.MappingsEndpointAutoConfiguration'
2026-06-10T22:32:02.937-05:00 DEBUG 4296 --- [practice-basic-auth] [main] o.s.b.f.s.DefaultListableBeanFactory     : Autowiring by type from bean name 'mappingsEndpoint' via factory method to bean named 'org.springframework.boot.web.server.servlet.context.AnnotationConfigServletWebServerApplicationContext@6b9ce1bf'
2026-06-10T22:32:02.937-05:00 DEBUG 4296 --- [practice-basic-auth] [main] o.s.b.f.s.DefaultListableBeanFactory     : Creating shared instance of singleton bean 'servletMappingDescriptionProvider'
2026-06-10T22:32:02.937-05:00 DEBUG 4296 --- [practice-basic-auth] [main] o.s.b.f.s.DefaultListableBeanFactory     : Creating shared instance of singleton bean 'org.springframework.boot.servlet.autoconfigure.actuate.web.mappings.ServletMappingsAutoConfiguration'
2026-06-10T22:32:02.938-05:00 DEBUG 4296 --- [practice-basic-auth] [main] o.s.b.f.s.DefaultListableBeanFactory     : Creating shared instance of singleton bean 'filterMappingDescriptionProvider'
2026-06-10T22:32:02.938-05:00 DEBUG 4296 --- [practice-basic-auth] [main] o.s.b.f.s.DefaultListableBeanFactory     : Creating shared instance of singleton bean 'dispatcherServletMappingDescriptionProvider'
2026-06-10T22:32:02.938-05:00 DEBUG 4296 --- [practice-basic-auth] [main] o.s.b.f.s.DefaultListableBeanFactory     : Creating shared instance of singleton bean 'org.springframework.boot.webmvc.autoconfigure.actuate.web.mappings.WebMvcMappingsAutoConfiguration'
2026-06-10T22:32:02.942-05:00 DEBUG 4296 --- [practice-basic-auth] [main] o.s.b.f.s.DefaultListableBeanFactory     : Creating shared instance of singleton bean 'metricsEndpoint'
2026-06-10T22:32:02.942-05:00 DEBUG 4296 --- [practice-basic-auth] [main] o.s.b.f.s.DefaultListableBeanFactory     : Creating shared instance of singleton bean 'org.springframework.boot.micrometer.metrics.autoconfigure.MetricsEndpointAutoConfiguration'
2026-06-10T22:32:02.943-05:00 DEBUG 4296 --- [practice-basic-auth] [main] o.s.b.f.s.DefaultListableBeanFactory     : Autowiring by type from bean name 'metricsEndpoint' via factory method to bean named 'simpleMeterRegistry'
2026-06-10T22:32:02.952-05:00 DEBUG 4296 --- [practice-basic-auth] [main] o.s.b.f.s.DefaultListableBeanFactory     : Creating shared instance of singleton bean 'eagerlyInitializeJmxEndpointExporter'
2026-06-10T22:32:02.953-05:00 DEBUG 4296 --- [practice-basic-auth] [main] o.s.b.f.s.DefaultListableBeanFactory     : Creating shared instance of singleton bean 'endpointMediaTypes'
2026-06-10T22:32:02.953-05:00 DEBUG 4296 --- [practice-basic-auth] [main] o.s.b.f.s.DefaultListableBeanFactory     : Creating shared instance of singleton bean 'webEndpointDiscoverer'
2026-06-10T22:32:02.954-05:00 DEBUG 4296 --- [practice-basic-auth] [main] o.s.b.f.s.DefaultListableBeanFactory     : Autowiring by type from bean name 'webEndpointDiscoverer' via factory method to bean named 'endpointOperationParameterMapper'
2026-06-10T22:32:02.954-05:00 DEBUG 4296 --- [practice-basic-auth] [main] o.s.b.f.s.DefaultListableBeanFactory     : Autowiring by type from bean name 'webEndpointDiscoverer' via factory method to bean named 'endpointMediaTypes'
2026-06-10T22:32:02.955-05:00 DEBUG 4296 --- [practice-basic-auth] [main] o.s.b.f.s.DefaultListableBeanFactory     : Creating shared instance of singleton bean 'webExposeExcludePropertyEndpointFilter'
2026-06-10T22:32:02.956-05:00 DEBUG 4296 --- [practice-basic-auth] [main] o.s.b.f.s.DefaultListableBeanFactory     : Creating shared instance of singleton bean 'webAccessPropertiesOperationFilter'
2026-06-10T22:32:02.956-05:00 DEBUG 4296 --- [practice-basic-auth] [main] o.s.b.f.s.DefaultListableBeanFactory     : Autowiring by type from bean name 'webAccessPropertiesOperationFilter' via factory method to bean named 'propertiesEndpointAccessResolver'
2026-06-10T22:32:02.957-05:00 DEBUG 4296 --- [practice-basic-auth] [main] o.s.b.f.s.DefaultListableBeanFactory     : Creating shared instance of singleton bean 'controllerEndpointDiscoverer'
2026-06-10T22:32:02.958-05:00 DEBUG 4296 --- [practice-basic-auth] [main] o.s.b.f.s.DefaultListableBeanFactory     : Creating shared instance of singleton bean 'controllerExposeExcludePropertyEndpointFilter'
2026-06-10T22:32:02.958-05:00 DEBUG 4296 --- [practice-basic-auth] [main] o.s.b.f.s.DefaultListableBeanFactory     : Creating shared instance of singleton bean 'pathMappedEndpoints'
2026-06-10T22:32:02.959-05:00 DEBUG 4296 --- [practice-basic-auth] [main] o.s.b.f.s.DefaultListableBeanFactory     : Autowiring by type from bean name 'pathMappedEndpoints' via factory method to bean named 'jmxAnnotationEndpointDiscoverer'
2026-06-10T22:32:02.959-05:00 DEBUG 4296 --- [practice-basic-auth] [main] o.s.b.f.s.DefaultListableBeanFactory     : Autowiring by type from bean name 'pathMappedEndpoints' via factory method to bean named 'servletEndpointDiscoverer'
2026-06-10T22:32:02.959-05:00 DEBUG 4296 --- [practice-basic-auth] [main] o.s.b.f.s.DefaultListableBeanFactory     : Autowiring by type from bean name 'pathMappedEndpoints' via factory method to bean named 'webEndpointDiscoverer'
2026-06-10T22:32:02.959-05:00 DEBUG 4296 --- [practice-basic-auth] [main] o.s.b.f.s.DefaultListableBeanFactory     : Autowiring by type from bean name 'pathMappedEndpoints' via factory method to bean named 'controllerEndpointDiscoverer'
2026-06-10T22:32:02.968-05:00 DEBUG 4296 --- [practice-basic-auth] [main] o.s.b.f.s.DefaultListableBeanFactory     : Creating shared instance of singleton bean 'environmentEndpointWebExtension'
2026-06-10T22:32:02.969-05:00 DEBUG 4296 --- [practice-basic-auth] [main] o.s.b.f.s.DefaultListableBeanFactory     : Autowiring by type from bean name 'environmentEndpointWebExtension' via factory method to bean named 'environmentEndpoint'
2026-06-10T22:32:02.969-05:00 DEBUG 4296 --- [practice-basic-auth] [main] o.s.b.f.s.DefaultListableBeanFactory     : Autowiring by type from bean name 'environmentEndpointWebExtension' via factory method to bean named 'management.endpoint.env-org.springframework.boot.actuate.autoconfigure.env.EnvironmentEndpointProperties'
2026-06-10T22:32:02.974-05:00 DEBUG 4296 --- [practice-basic-auth] [main] o.s.b.f.s.DefaultListableBeanFactory     : Creating shared instance of singleton bean 'sbomEndpointWebExtension'
2026-06-10T22:32:02.974-05:00 DEBUG 4296 --- [practice-basic-auth] [main] o.s.b.f.s.DefaultListableBeanFactory     : Autowiring by type from bean name 'sbomEndpointWebExtension' via factory method to bean named 'sbomEndpoint'
2026-06-10T22:32:02.977-05:00 DEBUG 4296 --- [practice-basic-auth] [main] o.s.b.f.s.DefaultListableBeanFactory     : Creating shared instance of singleton bean 'healthEndpointWebExtension'
2026-06-10T22:32:02.977-05:00 DEBUG 4296 --- [practice-basic-auth] [main] o.s.b.f.s.DefaultListableBeanFactory     : Creating shared instance of singleton bean 'org.springframework.boot.health.autoconfigure.actuate.endpoint.HealthEndpointWebExtensionConfiguration'
2026-06-10T22:32:02.978-05:00 DEBUG 4296 --- [practice-basic-auth] [main] o.s.b.f.s.DefaultListableBeanFactory     : Autowiring by type from bean name 'healthEndpointWebExtension' via factory method to bean named 'healthContributorRegistry'
2026-06-10T22:32:02.978-05:00 DEBUG 4296 --- [practice-basic-auth] [main] o.s.b.f.s.DefaultListableBeanFactory     : Autowiring by type from bean name 'healthEndpointWebExtension' via factory method to bean named 'healthEndpointGroups'
2026-06-10T22:32:02.978-05:00 DEBUG 4296 --- [practice-basic-auth] [main] o.s.b.f.s.DefaultListableBeanFactory     : Autowiring by type from bean name 'healthEndpointWebExtension' via factory method to bean named 'management.endpoint.health-org.springframework.boot.health.autoconfigure.actuate.endpoint.HealthEndpointProperties'
2026-06-10T22:32:02.985-05:00 DEBUG 4296 --- [practice-basic-auth] [main] o.s.b.f.s.DefaultListableBeanFactory     : Creating shared instance of singleton bean 'org.springframework.boot.autoconfigure.info.ProjectInfoAutoConfiguration'
2026-06-10T22:32:02.986-05:00 DEBUG 4296 --- [practice-basic-auth] [main] o.s.b.f.s.DefaultListableBeanFactory     : Creating shared instance of singleton bean 'spring.info-org.springframework.boot.autoconfigure.info.ProjectInfoProperties'
2026-06-10T22:32:02.987-05:00 DEBUG 4296 --- [practice-basic-auth] [main] o.s.b.f.s.DefaultListableBeanFactory     : Autowiring by type from bean name 'org.springframework.boot.autoconfigure.info.ProjectInfoAutoConfiguration' via constructor to bean named 'spring.info-org.springframework.boot.autoconfigure.info.ProjectInfoProperties'
2026-06-10T22:32:02.987-05:00 DEBUG 4296 --- [practice-basic-auth] [main] o.s.b.f.s.DefaultListableBeanFactory     : Creating shared instance of singleton bean 'org.springframework.boot.actuate.autoconfigure.info.InfoContributorAutoConfiguration'
2026-06-10T22:32:02.987-05:00 DEBUG 4296 --- [practice-basic-auth] [main] o.s.b.f.s.DefaultListableBeanFactory     : Creating shared instance of singleton bean 'management.info-org.springframework.boot.actuate.autoconfigure.info.InfoContributorProperties'
2026-06-10T22:32:02.988-05:00 DEBUG 4296 --- [practice-basic-auth] [main] o.s.b.f.s.DefaultListableBeanFactory     : Creating shared instance of singleton bean 'org.springframework.boot.actuate.autoconfigure.web.exchanges.HttpExchangesEndpointAutoConfiguration'
2026-06-10T22:32:02.988-05:00 DEBUG 4296 --- [practice-basic-auth] [main] o.s.b.f.s.DefaultListableBeanFactory     : Creating shared instance of singleton bean 'org.springframework.boot.autoconfigure.admin.SpringApplicationAdminJmxAutoConfiguration'
2026-06-10T22:32:02.989-05:00 DEBUG 4296 --- [practice-basic-auth] [main] o.s.b.f.s.DefaultListableBeanFactory     : Creating shared instance of singleton bean 'springApplicationAdminRegistrar'
2026-06-10T22:32:02.989-05:00 DEBUG 4296 --- [practice-basic-auth] [main] o.s.b.f.s.DefaultListableBeanFactory     : Autowiring by type from bean name 'springApplicationAdminRegistrar' via factory method to bean named 'environment'
2026-06-10T22:32:02.990-05:00 DEBUG 4296 --- [practice-basic-auth] [main] inMXBeanRegistrar$SpringApplicationAdmin : Application Admin MBean registered with name 'org.springframework.boot:type=Admin,name=SpringApplication'
2026-06-10T22:32:02.991-05:00 DEBUG 4296 --- [practice-basic-auth] [main] o.s.b.f.s.DefaultListableBeanFactory     : Creating shared instance of singleton bean 'org.springframework.boot.autoconfigure.aop.AopAutoConfiguration$ClassProxyingConfiguration'
2026-06-10T22:32:02.991-05:00 DEBUG 4296 --- [practice-basic-auth] [main] o.s.b.f.s.DefaultListableBeanFactory     : Creating shared instance of singleton bean 'org.springframework.boot.autoconfigure.aop.AopAutoConfiguration'
2026-06-10T22:32:02.991-05:00 DEBUG 4296 --- [practice-basic-auth] [main] o.s.b.f.s.DefaultListableBeanFactory     : Creating shared instance of singleton bean 'org.springframework.boot.autoconfigure.context.ConfigurationPropertiesAutoConfiguration'
2026-06-10T22:32:02.991-05:00 DEBUG 4296 --- [practice-basic-auth] [main] o.s.b.f.s.DefaultListableBeanFactory     : Creating shared instance of singleton bean 'org.springframework.boot.autoconfigure.context.LifecycleAutoConfiguration'
2026-06-10T22:32:02.992-05:00 DEBUG 4296 --- [practice-basic-auth] [main] o.s.b.f.s.DefaultListableBeanFactory     : Creating shared instance of singleton bean 'lifecycleProcessor'
2026-06-10T22:32:02.992-05:00 DEBUG 4296 --- [practice-basic-auth] [main] o.s.b.f.s.DefaultListableBeanFactory     : Creating shared instance of singleton bean 'spring.lifecycle-org.springframework.boot.autoconfigure.context.LifecycleProperties'
2026-06-10T22:32:02.993-05:00 DEBUG 4296 --- [practice-basic-auth] [main] o.s.b.f.s.DefaultListableBeanFactory     : Autowiring by type from bean name 'lifecycleProcessor' via factory method to bean named 'spring.lifecycle-org.springframework.boot.autoconfigure.context.LifecycleProperties'
2026-06-10T22:32:02.994-05:00 DEBUG 4296 --- [practice-basic-auth] [main] o.s.b.f.s.DefaultListableBeanFactory     : Creating shared instance of singleton bean 'org.springframework.boot.autoconfigure.task.TaskSchedulingConfigurations$ThreadPoolTaskSchedulerBuilderConfiguration'
2026-06-10T22:32:02.994-05:00 DEBUG 4296 --- [practice-basic-auth] [main] o.s.b.f.s.DefaultListableBeanFactory     : Creating shared instance of singleton bean 'threadPoolTaskSchedulerBuilder'
2026-06-10T22:32:02.995-05:00 DEBUG 4296 --- [practice-basic-auth] [main] o.s.b.f.s.DefaultListableBeanFactory     : Creating shared instance of singleton bean 'spring.task.scheduling-org.springframework.boot.autoconfigure.task.TaskSchedulingProperties'
2026-06-10T22:32:02.995-05:00 DEBUG 4296 --- [practice-basic-auth] [main] o.s.b.f.s.DefaultListableBeanFactory     : Autowiring by type from bean name 'threadPoolTaskSchedulerBuilder' via factory method to bean named 'spring.task.scheduling-org.springframework.boot.autoconfigure.task.TaskSchedulingProperties'
2026-06-10T22:32:02.997-05:00 DEBUG 4296 --- [practice-basic-auth] [main] o.s.b.f.s.DefaultListableBeanFactory     : Creating shared instance of singleton bean 'org.springframework.boot.autoconfigure.task.TaskSchedulingConfigurations$SimpleAsyncTaskSchedulerBuilderConfiguration'
2026-06-10T22:32:02.998-05:00 DEBUG 4296 --- [practice-basic-auth] [main] o.s.b.f.s.DefaultListableBeanFactory     : Autowiring by type from bean name 'org.springframework.boot.autoconfigure.task.TaskSchedulingConfigurations$SimpleAsyncTaskSchedulerBuilderConfiguration' via constructor to bean named 'spring.task.scheduling-org.springframework.boot.autoconfigure.task.TaskSchedulingProperties'
2026-06-10T22:32:02.998-05:00 DEBUG 4296 --- [practice-basic-auth] [main] o.s.b.f.s.DefaultListableBeanFactory     : Creating shared instance of singleton bean 'simpleAsyncTaskSchedulerBuilder'
2026-06-10T22:32:02.999-05:00 DEBUG 4296 --- [practice-basic-auth] [main] o.s.b.f.s.DefaultListableBeanFactory     : Creating shared instance of singleton bean 'org.springframework.boot.autoconfigure.task.TaskSchedulingAutoConfiguration'
2026-06-10T22:32:03.000-05:00 DEBUG 4296 --- [practice-basic-auth] [main] o.s.b.f.s.DefaultListableBeanFactory     : Creating shared instance of singleton bean 'meterRegistryCloser'
2026-06-10T22:32:03.000-05:00 DEBUG 4296 --- [practice-basic-auth] [main] o.s.b.f.s.DefaultListableBeanFactory     : Autowiring by type from bean name 'meterRegistryCloser' via factory method to bean named 'org.springframework.boot.web.server.servlet.context.AnnotationConfigServletWebServerApplicationContext@6b9ce1bf'
2026-06-10T22:32:03.000-05:00 DEBUG 4296 --- [practice-basic-auth] [main] o.s.b.f.s.DefaultListableBeanFactory     : Creating shared instance of singleton bean 'org.springframework.boot.micrometer.metrics.autoconfigure.CompositeMeterRegistryAutoConfiguration'
2026-06-10T22:32:03.000-05:00 DEBUG 4296 --- [practice-basic-auth] [main] o.s.b.f.s.DefaultListableBeanFactory     : Creating shared instance of singleton bean 'org.springframework.boot.data.autoconfigure.metrics.DataRepositoryMetricsAutoConfiguration'
2026-06-10T22:32:03.000-05:00 DEBUG 4296 --- [practice-basic-auth] [main] o.s.b.f.s.DefaultListableBeanFactory     : Creating shared instance of singleton bean 'management.metrics.data-org.springframework.boot.data.autoconfigure.metrics.DataMetricsProperties'
2026-06-10T22:32:03.001-05:00 DEBUG 4296 --- [practice-basic-auth] [main] o.s.b.f.s.DefaultListableBeanFactory     : Autowiring by type from bean name 'org.springframework.boot.data.autoconfigure.metrics.DataRepositoryMetricsAutoConfiguration' via constructor to bean named 'management.metrics.data-org.springframework.boot.data.autoconfigure.metrics.DataMetricsProperties'
2026-06-10T22:32:03.001-05:00 DEBUG 4296 --- [practice-basic-auth] [main] o.s.b.f.s.DefaultListableBeanFactory     : Creating shared instance of singleton bean 'repositoryTagsProvider'
2026-06-10T22:32:03.003-05:00 DEBUG 4296 --- [practice-basic-auth] [main] o.s.b.f.s.DefaultListableBeanFactory     : Creating shared instance of singleton bean 'metricsRepositoryMethodInvocationListener'
2026-06-10T22:32:03.003-05:00 DEBUG 4296 --- [practice-basic-auth] [main] o.s.b.f.s.DefaultListableBeanFactory     : Autowiring by type from bean name 'metricsRepositoryMethodInvocationListener' via factory method to bean named 'repositoryTagsProvider'
2026-06-10T22:32:03.006-05:00 DEBUG 4296 --- [practice-basic-auth] [main] o.s.b.f.s.DefaultListableBeanFactory     : Creating shared instance of singleton bean 'org.springframework.data.web.config.ProjectingArgumentResolverRegistrar'
2026-06-10T22:32:03.006-05:00 DEBUG 4296 --- [practice-basic-auth] [main] o.s.b.f.s.DefaultListableBeanFactory     : Creating shared instance of singleton bean 'offsetResolver'
2026-06-10T22:32:03.007-05:00 DEBUG 4296 --- [practice-basic-auth] [main] o.s.b.f.s.DefaultListableBeanFactory     : Creating shared instance of singleton bean 'org.springframework.boot.jdbc.autoconfigure.DataSourceJmxConfiguration$Hikari'
2026-06-10T22:32:03.008-05:00 DEBUG 4296 --- [practice-basic-auth] [main] o.s.b.f.s.DefaultListableBeanFactory     : Autowiring by type from bean name 'org.springframework.boot.jdbc.autoconfigure.DataSourceJmxConfiguration$Hikari' via constructor to bean named 'dataSource'
2026-06-10T22:32:03.008-05:00 DEBUG 4296 --- [practice-basic-auth] [main] o.s.b.f.s.DefaultListableBeanFactory     : Creating shared instance of singleton bean 'org.springframework.boot.jdbc.autoconfigure.DataSourceJmxConfiguration'
2026-06-10T22:32:03.008-05:00 DEBUG 4296 --- [practice-basic-auth] [main] o.s.b.f.s.DefaultListableBeanFactory     : Creating shared instance of singleton bean 'org.springframework.boot.jdbc.autoconfigure.DataSourcePoolMetadataProvidersConfiguration'
2026-06-10T22:32:03.008-05:00 DEBUG 4296 --- [practice-basic-auth] [main] o.s.b.f.s.DefaultListableBeanFactory     : Creating shared instance of singleton bean 'org.springframework.boot.jdbc.autoconfigure.DataSourceAutoConfiguration'
2026-06-10T22:32:03.008-05:00 DEBUG 4296 --- [practice-basic-auth] [main] o.s.b.f.s.DefaultListableBeanFactory     : Creating shared instance of singleton bean 'org.springframework.boot.jdbc.autoconfigure.NamedParameterJdbcTemplateConfiguration'
2026-06-10T22:32:03.008-05:00 DEBUG 4296 --- [practice-basic-auth] [main] o.s.b.f.s.DefaultListableBeanFactory     : Creating shared instance of singleton bean 'namedParameterJdbcTemplate'
2026-06-10T22:32:03.009-05:00 DEBUG 4296 --- [practice-basic-auth] [main] o.s.b.f.s.DefaultListableBeanFactory     : Autowiring by type from bean name 'namedParameterJdbcTemplate' via factory method to bean named 'jdbcTemplate'
2026-06-10T22:32:03.011-05:00 DEBUG 4296 --- [practice-basic-auth] [main] o.s.b.f.s.DefaultListableBeanFactory     : Creating shared instance of singleton bean 'org.springframework.boot.jdbc.autoconfigure.JdbcTemplateAutoConfiguration'
2026-06-10T22:32:03.011-05:00 DEBUG 4296 --- [practice-basic-auth] [main] o.s.b.f.s.DefaultListableBeanFactory     : Creating shared instance of singleton bean 'org.springframework.boot.transaction.autoconfigure.TransactionManagerCustomizationAutoConfiguration'
2026-06-10T22:32:03.012-05:00 DEBUG 4296 --- [practice-basic-auth] [main] o.s.b.f.s.DefaultListableBeanFactory     : Creating shared instance of singleton bean 'platformTransactionManagerCustomizers'
2026-06-10T22:32:03.012-05:00 DEBUG 4296 --- [practice-basic-auth] [main] o.s.b.f.s.DefaultListableBeanFactory     : Creating shared instance of singleton bean 'transactionExecutionListeners'
2026-06-10T22:32:03.013-05:00 DEBUG 4296 --- [practice-basic-auth] [main] o.s.b.f.s.DefaultListableBeanFactory     : Creating shared instance of singleton bean 'spring.transaction-org.springframework.boot.transaction.autoconfigure.TransactionProperties'
2026-06-10T22:32:03.014-05:00 DEBUG 4296 --- [practice-basic-auth] [main] o.s.b.f.s.DefaultListableBeanFactory     : Creating shared instance of singleton bean 'org.springframework.boot.jdbc.autoconfigure.DataSourceTransactionManagerAutoConfiguration$JdbcTransactionManagerConfiguration'
2026-06-10T22:32:03.014-05:00 DEBUG 4296 --- [practice-basic-auth] [main] o.s.b.f.s.DefaultListableBeanFactory     : Creating shared instance of singleton bean 'transactionManager'
2026-06-10T22:32:03.014-05:00 DEBUG 4296 --- [practice-basic-auth] [main] o.s.b.f.s.DefaultListableBeanFactory     : Autowiring by type from bean name 'transactionManager' via factory method to bean named 'environment'
2026-06-10T22:32:03.014-05:00 DEBUG 4296 --- [practice-basic-auth] [main] o.s.b.f.s.DefaultListableBeanFactory     : Autowiring by type from bean name 'transactionManager' via factory method to bean named 'dataSource'
2026-06-10T22:32:03.019-05:00 DEBUG 4296 --- [practice-basic-auth] [main] o.s.b.f.s.DefaultListableBeanFactory     : Creating shared instance of singleton bean 'org.springframework.boot.jdbc.autoconfigure.DataSourceTransactionManagerAutoConfiguration'
2026-06-10T22:32:03.019-05:00 DEBUG 4296 --- [practice-basic-auth] [main] o.s.b.f.s.DefaultListableBeanFactory     : Creating shared instance of singleton bean 'org.springframework.boot.data.jdbc.autoconfigure.DataJdbcRepositoriesAutoConfiguration$SpringBootJdbcConfiguration'
2026-06-10T22:32:03.020-05:00 DEBUG 4296 --- [practice-basic-auth] [main] o.s.b.f.s.DefaultListableBeanFactory     : Creating shared instance of singleton bean 'spring.data.jdbc-org.springframework.boot.data.jdbc.autoconfigure.DataJdbcProperties'
2026-06-10T22:32:03.021-05:00 DEBUG 4296 --- [practice-basic-auth] [main] o.s.b.f.s.DefaultListableBeanFactory     : Autowiring by type from bean name 'org.springframework.boot.data.jdbc.autoconfigure.DataJdbcRepositoriesAutoConfiguration$SpringBootJdbcConfiguration' via constructor to bean named 'org.springframework.boot.web.server.servlet.context.AnnotationConfigServletWebServerApplicationContext@6b9ce1bf'
2026-06-10T22:32:03.021-05:00 DEBUG 4296 --- [practice-basic-auth] [main] o.s.b.f.s.DefaultListableBeanFactory     : Autowiring by type from bean name 'org.springframework.boot.data.jdbc.autoconfigure.DataJdbcRepositoriesAutoConfiguration$SpringBootJdbcConfiguration' via constructor to bean named 'spring.data.jdbc-org.springframework.boot.data.jdbc.autoconfigure.DataJdbcProperties'
2026-06-10T22:32:03.022-05:00 DEBUG 4296 --- [practice-basic-auth] [main] o.s.b.f.s.DefaultListableBeanFactory     : Creating shared instance of singleton bean 'jdbcManagedTypes'
2026-06-10T22:32:03.026-05:00 DEBUG 4296 --- [practice-basic-auth] [main] o.s.b.f.s.DefaultListableBeanFactory     : Creating shared instance of singleton bean 'jdbcMappingContext'
2026-06-10T22:32:03.028-05:00 DEBUG 4296 --- [practice-basic-auth] [main] o.s.b.f.s.DefaultListableBeanFactory     : Creating shared instance of singleton bean 'jdbcCustomConversions'
2026-06-10T22:32:03.028-05:00 DEBUG 4296 --- [practice-basic-auth] [main] o.s.b.f.s.DefaultListableBeanFactory     : Creating shared instance of singleton bean 'jdbcDialect'
2026-06-10T22:32:03.028-05:00 DEBUG 4296 --- [practice-basic-auth] [main] o.s.b.f.s.DefaultListableBeanFactory     : Autowiring by type from bean name 'jdbcDialect' via factory method to bean named 'namedParameterJdbcTemplate'
2026-06-10T22:32:03.030-05:00 DEBUG 4296 --- [practice-basic-auth] [main] o.s.jdbc.datasource.DataSourceUtils      : Fetching JDBC Connection from DataSource
2026-06-10T22:32:03.067-05:00 DEBUG 4296 --- [practice-basic-auth] [main] o.s.data.convert.CustomConversions       : Adding converter from class java.sql.Timestamp to class java.time.LocalDateTime as reading converter
2026-06-10T22:32:03.067-05:00 DEBUG 4296 --- [practice-basic-auth] [main] o.s.data.convert.CustomConversions       : Adding converter from class java.sql.Timestamp to class java.time.LocalDate as reading converter
2026-06-10T22:32:03.067-05:00 DEBUG 4296 --- [practice-basic-auth] [main] o.s.data.convert.CustomConversions       : Adding converter from class java.time.LocalDate to class java.sql.Timestamp as writing converter
2026-06-10T22:32:03.067-05:00 DEBUG 4296 --- [practice-basic-auth] [main] o.s.data.convert.CustomConversions       : Adding converter from class java.sql.Timestamp to class java.time.LocalTime as reading converter
2026-06-10T22:32:03.067-05:00 DEBUG 4296 --- [practice-basic-auth] [main] o.s.data.convert.CustomConversions       : Adding converter from class java.time.LocalTime to class java.sql.Timestamp as writing converter
2026-06-10T22:32:03.067-05:00 DEBUG 4296 --- [practice-basic-auth] [main] o.s.data.convert.CustomConversions       : Adding converter from class java.sql.Timestamp to class java.time.Instant as reading converter
2026-06-10T22:32:03.067-05:00 DEBUG 4296 --- [practice-basic-auth] [main] o.s.data.convert.CustomConversions       : Adding converter from class java.time.Instant to class java.sql.Timestamp as writing converter
2026-06-10T22:32:03.067-05:00 DEBUG 4296 --- [practice-basic-auth] [main] o.s.data.convert.CustomConversions       : Adding converter from class java.util.Date to class java.time.LocalDateTime as reading converter
2026-06-10T22:32:03.067-05:00 DEBUG 4296 --- [practice-basic-auth] [main] o.s.data.convert.CustomConversions       : Adding converter from class java.time.LocalDateTime to class java.util.Date as writing converter
2026-06-10T22:32:03.067-05:00 DEBUG 4296 --- [practice-basic-auth] [main] o.s.data.convert.CustomConversions       : Adding converter from class java.util.Date to class java.time.LocalDate as reading converter
2026-06-10T22:32:03.067-05:00 DEBUG 4296 --- [practice-basic-auth] [main] o.s.data.convert.CustomConversions       : Adding converter from class java.time.LocalDate to class java.util.Date as writing converter
2026-06-10T22:32:03.067-05:00 DEBUG 4296 --- [practice-basic-auth] [main] o.s.data.convert.CustomConversions       : Adding converter from class java.util.Date to class java.time.LocalTime as reading converter
2026-06-10T22:32:03.067-05:00 DEBUG 4296 --- [practice-basic-auth] [main] o.s.data.convert.CustomConversions       : Adding converter from class java.time.LocalTime to class java.util.Date as writing converter
2026-06-10T22:32:03.067-05:00 DEBUG 4296 --- [practice-basic-auth] [main] o.s.data.convert.CustomConversions       : Adding converter from class java.util.Date to class java.time.Instant as reading converter
2026-06-10T22:32:03.068-05:00 DEBUG 4296 --- [practice-basic-auth] [main] o.s.data.convert.CustomConversions       : Adding converter from class java.time.Instant to class java.util.Date as writing converter
2026-06-10T22:32:03.068-05:00 DEBUG 4296 --- [practice-basic-auth] [main] o.s.data.convert.CustomConversions       : Adding converter from class java.time.LocalDateTime to class java.time.Instant as reading converter
2026-06-10T22:32:03.068-05:00 DEBUG 4296 --- [practice-basic-auth] [main] o.s.data.convert.CustomConversions       : Adding converter from class java.time.Instant to class java.time.LocalDateTime as reading converter
2026-06-10T22:32:03.068-05:00 DEBUG 4296 --- [practice-basic-auth] [main] o.s.data.convert.CustomConversions       : Adding converter from class java.time.ZoneId to class java.lang.String as writing converter
2026-06-10T22:32:03.068-05:00 DEBUG 4296 --- [practice-basic-auth] [main] o.s.data.convert.CustomConversions       : Adding converter from class java.lang.String to class java.time.ZoneId as reading converter
2026-06-10T22:32:03.068-05:00 DEBUG 4296 --- [practice-basic-auth] [main] o.s.data.convert.CustomConversions       : Adding converter from class java.time.Duration to class java.lang.String as writing converter
2026-06-10T22:32:03.068-05:00 DEBUG 4296 --- [practice-basic-auth] [main] o.s.data.convert.CustomConversions       : Adding converter from class java.lang.String to class java.time.Duration as reading converter
2026-06-10T22:32:03.068-05:00 DEBUG 4296 --- [practice-basic-auth] [main] o.s.data.convert.CustomConversions       : Adding converter from class java.time.Period to class java.lang.String as writing converter
2026-06-10T22:32:03.068-05:00 DEBUG 4296 --- [practice-basic-auth] [main] o.s.data.convert.CustomConversions       : Adding converter from class java.lang.String to class java.time.Period as reading converter
2026-06-10T22:32:03.068-05:00 DEBUG 4296 --- [practice-basic-auth] [main] o.s.data.convert.CustomConversions       : Adding converter from class java.lang.String to class java.time.LocalDate as reading converter
2026-06-10T22:32:03.068-05:00 DEBUG 4296 --- [practice-basic-auth] [main] o.s.data.convert.CustomConversions       : Adding converter from class java.lang.String to class java.time.LocalDateTime as reading converter
2026-06-10T22:32:03.068-05:00 DEBUG 4296 --- [practice-basic-auth] [main] o.s.data.convert.CustomConversions       : Adding converter from class java.lang.String to class java.time.Instant as reading converter
2026-06-10T22:32:03.069-05:00 DEBUG 4296 --- [practice-basic-auth] [main] o.s.b.f.s.DefaultListableBeanFactory     : Autowiring by type from bean name 'jdbcMappingContext' via factory method to bean named 'jdbcCustomConversions'
2026-06-10T22:32:03.070-05:00 DEBUG 4296 --- [practice-basic-auth] [main] o.s.b.f.s.DefaultListableBeanFactory     : Autowiring by type from bean name 'jdbcMappingContext' via factory method to bean named 'jdbcManagedTypes'
2026-06-10T22:32:03.086-05:00 DEBUG 4296 --- [practice-basic-auth] [main] o.s.b.f.s.DefaultListableBeanFactory     : Creating shared instance of singleton bean 'jdbcConverter'
2026-06-10T22:32:03.091-05:00 DEBUG 4296 --- [practice-basic-auth] [main] o.s.b.f.s.DefaultListableBeanFactory     : Autowiring by type from bean name 'jdbcConverter' via factory method to bean named 'jdbcMappingContext'
2026-06-10T22:32:03.091-05:00 DEBUG 4296 --- [practice-basic-auth] [main] o.s.b.f.s.DefaultListableBeanFactory     : Autowiring by type from bean name 'jdbcConverter' via factory method to bean named 'namedParameterJdbcTemplate'
2026-06-10T22:32:03.091-05:00 DEBUG 4296 --- [practice-basic-auth] [main] o.s.b.f.s.DefaultListableBeanFactory     : Autowiring by type from bean name 'jdbcConverter' via factory method to bean named 'jdbcCustomConversions'
2026-06-10T22:32:03.091-05:00 DEBUG 4296 --- [practice-basic-auth] [main] o.s.b.f.s.DefaultListableBeanFactory     : Autowiring by type from bean name 'jdbcConverter' via factory method to bean named 'jdbcDialect'
2026-06-10T22:32:03.110-05:00 DEBUG 4296 --- [practice-basic-auth] [main] o.s.b.f.s.DefaultListableBeanFactory     : Creating shared instance of singleton bean 'jdbcAggregateTemplate'
2026-06-10T22:32:03.111-05:00 DEBUG 4296 --- [practice-basic-auth] [main] o.s.b.f.s.DefaultListableBeanFactory     : Creating shared instance of singleton bean 'dataAccessStrategyBean'
2026-06-10T22:32:03.111-05:00 DEBUG 4296 --- [practice-basic-auth] [main] o.s.b.f.s.DefaultListableBeanFactory     : Autowiring by type from bean name 'dataAccessStrategyBean' via factory method to bean named 'namedParameterJdbcTemplate'
2026-06-10T22:32:03.111-05:00 DEBUG 4296 --- [practice-basic-auth] [main] o.s.b.f.s.DefaultListableBeanFactory     : Autowiring by type from bean name 'dataAccessStrategyBean' via factory method to bean named 'jdbcConverter'
2026-06-10T22:32:03.111-05:00 DEBUG 4296 --- [practice-basic-auth] [main] o.s.b.f.s.DefaultListableBeanFactory     : Autowiring by type from bean name 'dataAccessStrategyBean' via factory method to bean named 'jdbcMappingContext'
2026-06-10T22:32:03.111-05:00 DEBUG 4296 --- [practice-basic-auth] [main] o.s.b.f.s.DefaultListableBeanFactory     : Autowiring by type from bean name 'dataAccessStrategyBean' via factory method to bean named 'jdbcDialect'
2026-06-10T22:32:03.120-05:00 DEBUG 4296 --- [practice-basic-auth] [main] o.s.b.f.s.DefaultListableBeanFactory     : Autowiring by type from bean name 'jdbcAggregateTemplate' via factory method to bean named 'org.springframework.boot.web.server.servlet.context.AnnotationConfigServletWebServerApplicationContext@6b9ce1bf'
2026-06-10T22:32:03.120-05:00 DEBUG 4296 --- [practice-basic-auth] [main] o.s.b.f.s.DefaultListableBeanFactory     : Autowiring by type from bean name 'jdbcAggregateTemplate' via factory method to bean named 'jdbcMappingContext'
2026-06-10T22:32:03.120-05:00 DEBUG 4296 --- [practice-basic-auth] [main] o.s.b.f.s.DefaultListableBeanFactory     : Autowiring by type from bean name 'jdbcAggregateTemplate' via factory method to bean named 'jdbcConverter'
2026-06-10T22:32:03.120-05:00 DEBUG 4296 --- [practice-basic-auth] [main] o.s.b.f.s.DefaultListableBeanFactory     : Autowiring by type from bean name 'jdbcAggregateTemplate' via factory method to bean named 'dataAccessStrategyBean'
2026-06-10T22:32:03.125-05:00 DEBUG 4296 --- [practice-basic-auth] [main] o.s.b.f.s.DefaultListableBeanFactory     : Creating shared instance of singleton bean 'idGeneratingBeforeSaveCallback'
2026-06-10T22:32:03.125-05:00 DEBUG 4296 --- [practice-basic-auth] [main] o.s.b.f.s.DefaultListableBeanFactory     : Autowiring by type from bean name 'idGeneratingBeforeSaveCallback' via factory method to bean named 'jdbcMappingContext'
2026-06-10T22:32:03.125-05:00 DEBUG 4296 --- [practice-basic-auth] [main] o.s.b.f.s.DefaultListableBeanFactory     : Autowiring by type from bean name 'idGeneratingBeforeSaveCallback' via factory method to bean named 'namedParameterJdbcTemplate'
2026-06-10T22:32:03.125-05:00 DEBUG 4296 --- [practice-basic-auth] [main] o.s.b.f.s.DefaultListableBeanFactory     : Autowiring by type from bean name 'idGeneratingBeforeSaveCallback' via factory method to bean named 'jdbcDialect'
2026-06-10T22:32:03.129-05:00 DEBUG 4296 --- [practice-basic-auth] [main] o.s.b.f.s.DefaultListableBeanFactory     : Creating shared instance of singleton bean 'org.springframework.boot.data.jdbc.autoconfigure.DataJdbcRepositoriesAutoConfiguration$JdbcRepositoriesConfiguration'
2026-06-10T22:32:03.129-05:00 DEBUG 4296 --- [practice-basic-auth] [main] o.s.b.f.s.DefaultListableBeanFactory     : Creating shared instance of singleton bean 'data-jdbc.repository-aot-processor#0'
2026-06-10T22:32:03.134-05:00 DEBUG 4296 --- [practice-basic-auth] [main] o.s.b.f.s.DefaultListableBeanFactory     : Creating shared instance of singleton bean 'org.springframework.boot.data.jdbc.autoconfigure.DataJdbcRepositoriesAutoConfiguration'
2026-06-10T22:32:03.135-05:00 DEBUG 4296 --- [practice-basic-auth] [main] o.s.b.f.s.DefaultListableBeanFactory     : Creating shared instance of singleton bean 'org.springframework.boot.health.autoconfigure.application.AvailabilityHealthContributorAutoConfiguration'
2026-06-10T22:32:03.135-05:00 DEBUG 4296 --- [practice-basic-auth] [main] o.s.b.f.s.DefaultListableBeanFactory     : Creating shared instance of singleton bean 'healthEndpointGroupMembershipValidator'
2026-06-10T22:32:03.135-05:00 DEBUG 4296 --- [practice-basic-auth] [main] o.s.b.f.s.DefaultListableBeanFactory     : Autowiring by type from bean name 'healthEndpointGroupMembershipValidator' via factory method to bean named 'management.endpoint.health-org.springframework.boot.health.autoconfigure.actuate.endpoint.HealthEndpointProperties'
2026-06-10T22:32:03.135-05:00 DEBUG 4296 --- [practice-basic-auth] [main] o.s.b.f.s.DefaultListableBeanFactory     : Autowiring by type from bean name 'healthEndpointGroupMembershipValidator' via factory method to bean named 'healthContributorRegistry'
2026-06-10T22:32:03.136-05:00 DEBUG 4296 --- [practice-basic-auth] [main] o.s.b.f.s.DefaultListableBeanFactory     : Creating shared instance of singleton bean 'org.springframework.boot.health.autoconfigure.actuate.endpoint.HealthEndpointAutoConfiguration'
2026-06-10T22:32:03.136-05:00 DEBUG 4296 --- [practice-basic-auth] [main] o.s.b.f.s.DefaultListableBeanFactory     : Creating shared instance of singleton bean 'org.springframework.boot.http.converter.autoconfigure.JacksonHttpMessageConvertersConfiguration'
2026-06-10T22:32:03.136-05:00 DEBUG 4296 --- [practice-basic-auth] [main] o.s.b.f.s.DefaultListableBeanFactory     : Creating shared instance of singleton bean 'org.springframework.boot.http.converter.autoconfigure.Jackson2HttpMessageConvertersConfiguration'
2026-06-10T22:32:03.136-05:00 DEBUG 4296 --- [practice-basic-auth] [main] o.s.b.f.s.DefaultListableBeanFactory     : Creating shared instance of singleton bean 'clientConvertersCustomizer'
2026-06-10T22:32:03.137-05:00 DEBUG 4296 --- [practice-basic-auth] [main] o.s.b.f.s.DefaultListableBeanFactory     : Creating shared instance of singleton bean 'org.springframework.boot.jdbc.autoconfigure.JdbcClientAutoConfiguration'
2026-06-10T22:32:03.137-05:00 DEBUG 4296 --- [practice-basic-auth] [main] o.s.b.f.s.DefaultListableBeanFactory     : Creating shared instance of singleton bean 'jdbcClient'
2026-06-10T22:32:03.137-05:00 DEBUG 4296 --- [practice-basic-auth] [main] o.s.b.f.s.DefaultListableBeanFactory     : Autowiring by type from bean name 'jdbcClient' via factory method to bean named 'namedParameterJdbcTemplate'
2026-06-10T22:32:03.138-05:00 DEBUG 4296 --- [practice-basic-auth] [main] o.s.b.f.s.DefaultListableBeanFactory     : Creating shared instance of singleton bean 'org.springframework.boot.jdbc.autoconfigure.metrics.DataSourcePoolMetricsAutoConfiguration$HikariDataSourceMetricsConfiguration'
2026-06-10T22:32:03.138-05:00 DEBUG 4296 --- [practice-basic-auth] [main] o.s.b.f.s.DefaultListableBeanFactory     : Creating shared instance of singleton bean 'hikariDataSourceMeterBinder'
2026-06-10T22:32:03.139-05:00 DEBUG 4296 --- [practice-basic-auth] [main] o.s.b.f.s.DefaultListableBeanFactory     : Creating shared instance of singleton bean 'org.springframework.boot.jdbc.autoconfigure.metrics.DataSourcePoolMetricsAutoConfiguration$DataSourcePoolMetadataMetricsConfiguration'
2026-06-10T22:32:03.139-05:00 DEBUG 4296 --- [practice-basic-auth] [main] o.s.b.f.s.DefaultListableBeanFactory     : Creating shared instance of singleton bean 'dataSourcePoolMetadataMeterBinder'
2026-06-10T22:32:03.139-05:00 DEBUG 4296 --- [practice-basic-auth] [main] o.s.b.f.s.DefaultListableBeanFactory     : Autowiring by type from bean name 'dataSourcePoolMetadataMeterBinder' via factory method to bean named 'org.springframework.beans.factory.support.DefaultListableBeanFactory@733c423e'
2026-06-10T22:32:03.139-05:00 DEBUG 4296 --- [practice-basic-auth] [main] o.s.b.f.s.DefaultListableBeanFactory     : Creating shared instance of singleton bean 'org.springframework.boot.jdbc.autoconfigure.metrics.DataSourcePoolMetricsAutoConfiguration'
2026-06-10T22:32:03.140-05:00 DEBUG 4296 --- [practice-basic-auth] [main] o.s.b.f.s.DefaultListableBeanFactory     : Creating shared instance of singleton bean 'org.springframework.boot.micrometer.metrics.autoconfigure.jvm.JvmMetricsAutoConfiguration'
2026-06-10T22:32:03.140-05:00 DEBUG 4296 --- [practice-basic-auth] [main] o.s.b.f.s.DefaultListableBeanFactory     : Creating shared instance of singleton bean 'jvmGcMetrics'
2026-06-10T22:32:03.142-05:00 DEBUG 4296 --- [practice-basic-auth] [main] o.s.b.f.s.DefaultListableBeanFactory     : Creating shared instance of singleton bean 'jvmHeapPressureMetrics'
2026-06-10T22:32:03.144-05:00 DEBUG 4296 --- [practice-basic-auth] [main] o.s.b.f.s.DefaultListableBeanFactory     : Creating shared instance of singleton bean 'jvmMemoryMetrics'
2026-06-10T22:32:03.145-05:00 DEBUG 4296 --- [practice-basic-auth] [main] o.s.b.f.s.DefaultListableBeanFactory     : Creating shared instance of singleton bean 'jvmThreadMetrics'
2026-06-10T22:32:03.146-05:00 DEBUG 4296 --- [practice-basic-auth] [main] o.s.b.f.s.DefaultListableBeanFactory     : Creating shared instance of singleton bean 'classLoaderMetrics'
2026-06-10T22:32:03.146-05:00 DEBUG 4296 --- [practice-basic-auth] [main] o.s.b.f.s.DefaultListableBeanFactory     : Creating shared instance of singleton bean 'jvmInfoMetrics'
2026-06-10T22:32:03.146-05:00 DEBUG 4296 --- [practice-basic-auth] [main] o.s.b.f.s.DefaultListableBeanFactory     : Creating shared instance of singleton bean 'jvmCompilationMetrics'
2026-06-10T22:32:03.147-05:00 DEBUG 4296 --- [practice-basic-auth] [main] o.s.b.f.s.DefaultListableBeanFactory     : Creating shared instance of singleton bean 'org.springframework.boot.micrometer.metrics.autoconfigure.logging.logback.LogbackMetricsAutoConfiguration'
2026-06-10T22:32:03.147-05:00 DEBUG 4296 --- [practice-basic-auth] [main] o.s.b.f.s.DefaultListableBeanFactory     : Creating shared instance of singleton bean 'logbackMetrics'
2026-06-10T22:32:03.148-05:00 DEBUG 4296 --- [practice-basic-auth] [main] o.s.b.f.s.DefaultListableBeanFactory     : Creating shared instance of singleton bean 'org.springframework.boot.micrometer.metrics.autoconfigure.ssl.SslMetricsAutoConfiguration'
2026-06-10T22:32:03.148-05:00 DEBUG 4296 --- [practice-basic-auth] [main] o.s.b.f.s.DefaultListableBeanFactory     : Creating shared instance of singleton bean 'sslMeterBinder'
2026-06-10T22:32:03.148-05:00 DEBUG 4296 --- [practice-basic-auth] [main] o.s.b.f.s.DefaultListableBeanFactory     : Autowiring by type from bean name 'sslMeterBinder' via factory method to bean named 'sslBundleRegistry'
2026-06-10T22:32:03.150-05:00 DEBUG 4296 --- [practice-basic-auth] [main] o.s.b.f.s.DefaultListableBeanFactory     : Creating shared instance of singleton bean 'org.springframework.boot.micrometer.metrics.autoconfigure.startup.StartupTimeMetricsListenerAutoConfiguration'
2026-06-10T22:32:03.150-05:00 DEBUG 4296 --- [practice-basic-auth] [main] o.s.b.f.s.DefaultListableBeanFactory     : Creating shared instance of singleton bean 'startupTimeMetrics'
2026-06-10T22:32:03.150-05:00 DEBUG 4296 --- [practice-basic-auth] [main] o.s.b.f.s.DefaultListableBeanFactory     : Autowiring by type from bean name 'startupTimeMetrics' via factory method to bean named 'simpleMeterRegistry'
2026-06-10T22:32:03.151-05:00 DEBUG 4296 --- [practice-basic-auth] [main] o.s.b.f.s.DefaultListableBeanFactory     : Creating shared instance of singleton bean 'org.springframework.boot.micrometer.metrics.autoconfigure.system.SystemMetricsAutoConfiguration'
2026-06-10T22:32:03.151-05:00 DEBUG 4296 --- [practice-basic-auth] [main] o.s.b.f.s.DefaultListableBeanFactory     : Creating shared instance of singleton bean 'uptimeMetrics'
2026-06-10T22:32:03.151-05:00 DEBUG 4296 --- [practice-basic-auth] [main] o.s.b.f.s.DefaultListableBeanFactory     : Creating shared instance of singleton bean 'processorMetrics'
2026-06-10T22:32:03.153-05:00 DEBUG 4296 --- [practice-basic-auth] [main] o.s.b.f.s.DefaultListableBeanFactory     : Creating shared instance of singleton bean 'fileDescriptorMetrics'
2026-06-10T22:32:03.153-05:00 DEBUG 4296 --- [practice-basic-auth] [main] o.s.b.f.s.DefaultListableBeanFactory     : Creating shared instance of singleton bean 'diskSpaceMetrics'
2026-06-10T22:32:03.154-05:00 DEBUG 4296 --- [practice-basic-auth] [main] o.s.b.f.s.DefaultListableBeanFactory     : Autowiring by type from bean name 'diskSpaceMetrics' via factory method to bean named 'management.metrics-org.springframework.boot.micrometer.metrics.autoconfigure.MetricsProperties'
2026-06-10T22:32:03.154-05:00 DEBUG 4296 --- [practice-basic-auth] [main] o.s.b.f.s.DefaultListableBeanFactory     : Creating shared instance of singleton bean 'org.springframework.boot.micrometer.metrics.autoconfigure.task.TaskExecutorMetricsAutoConfiguration'
2026-06-10T22:32:03.161-05:00 DEBUG 4296 --- [practice-basic-auth] [main] o.s.b.f.s.DefaultListableBeanFactory     : Creating shared instance of singleton bean 'eagerTaskExecutorMetrics'
2026-06-10T22:32:03.161-05:00 DEBUG 4296 --- [practice-basic-auth] [main] o.s.b.f.s.DefaultListableBeanFactory     : Creating shared instance of singleton bean 'spelValueExpressionResolver'
2026-06-10T22:32:03.161-05:00 DEBUG 4296 --- [practice-basic-auth] [main] o.s.b.f.s.DefaultListableBeanFactory     : Creating shared instance of singleton bean 'org.springframework.boot.micrometer.observation.autoconfigure.ScheduledTasksObservationAutoConfiguration'
2026-06-10T22:32:03.161-05:00 DEBUG 4296 --- [practice-basic-auth] [main] o.s.b.f.s.DefaultListableBeanFactory     : Creating shared instance of singleton bean 'observabilitySchedulingConfigurer'
2026-06-10T22:32:03.162-05:00 DEBUG 4296 --- [practice-basic-auth] [main] o.s.b.f.s.DefaultListableBeanFactory     : Autowiring by type from bean name 'observabilitySchedulingConfigurer' via factory method to bean named 'observationRegistry'
2026-06-10T22:32:03.162-05:00 DEBUG 4296 --- [practice-basic-auth] [main] o.s.b.f.s.DefaultListableBeanFactory     : Creating shared instance of singleton bean 'org.springframework.boot.persistence.autoconfigure.PersistenceExceptionTranslationAutoConfiguration'
2026-06-10T22:32:03.163-05:00 DEBUG 4296 --- [practice-basic-auth] [main] o.s.b.f.s.DefaultListableBeanFactory     : Creating shared instance of singleton bean 'spring.security-org.springframework.boot.security.autoconfigure.SecurityProperties'
2026-06-10T22:32:03.163-05:00 DEBUG 4296 --- [practice-basic-auth] [main] o.s.b.f.s.DefaultListableBeanFactory     : Creating shared instance of singleton bean 'org.springframework.boot.security.autoconfigure.web.servlet.ServletWebSecurityAutoConfiguration'
2026-06-10T22:32:03.164-05:00 DEBUG 4296 --- [practice-basic-auth] [main] o.s.b.f.s.DefaultListableBeanFactory     : Creating shared instance of singleton bean 'multipartResolver'
2026-06-10T22:32:03.164-05:00 DEBUG 4296 --- [practice-basic-auth] [main] o.s.b.f.s.DefaultListableBeanFactory     : Creating shared instance of singleton bean 'org.springframework.boot.servlet.autoconfigure.actuate.web.ServletManagementContextAutoConfiguration'
2026-06-10T22:32:03.165-05:00 DEBUG 4296 --- [practice-basic-auth] [main] o.s.b.f.s.DefaultListableBeanFactory     : Creating shared instance of singleton bean 'managementServletContext'
2026-06-10T22:32:03.165-05:00 DEBUG 4296 --- [practice-basic-auth] [main] o.s.b.f.s.DefaultListableBeanFactory     : Autowiring by type from bean name 'managementServletContext' via factory method to bean named 'management.endpoints.web-org.springframework.boot.actuate.autoconfigure.endpoint.web.WebEndpointProperties'
2026-06-10T22:32:03.166-05:00 DEBUG 4296 --- [practice-basic-auth] [main] o.s.b.f.s.DefaultListableBeanFactory     : Creating shared instance of singleton bean 'org.springframework.boot.tomcat.autoconfigure.metrics.TomcatMetricsAutoConfiguration'
2026-06-10T22:32:03.166-05:00 DEBUG 4296 --- [practice-basic-auth] [main] o.s.b.f.s.DefaultListableBeanFactory     : Creating shared instance of singleton bean 'tomcatMetricsBinder'
2026-06-10T22:32:03.166-05:00 DEBUG 4296 --- [practice-basic-auth] [main] o.s.b.f.s.DefaultListableBeanFactory     : Autowiring by type from bean name 'tomcatMetricsBinder' via factory method to bean named 'simpleMeterRegistry'
2026-06-10T22:32:03.166-05:00 DEBUG 4296 --- [practice-basic-auth] [main] o.s.b.f.s.DefaultListableBeanFactory     : Creating shared instance of singleton bean 'org.springframework.boot.transaction.autoconfigure.TransactionAutoConfiguration$EnableTransactionManagementConfiguration$CglibAutoProxyConfiguration'
2026-06-10T22:32:03.166-05:00 DEBUG 4296 --- [practice-basic-auth] [main] o.s.b.f.s.DefaultListableBeanFactory     : Creating shared instance of singleton bean 'org.springframework.boot.transaction.autoconfigure.TransactionAutoConfiguration$EnableTransactionManagementConfiguration'
2026-06-10T22:32:03.167-05:00 DEBUG 4296 --- [practice-basic-auth] [main] o.s.b.f.s.DefaultListableBeanFactory     : Creating shared instance of singleton bean 'org.springframework.boot.transaction.autoconfigure.TransactionAutoConfiguration$TransactionTemplateConfiguration'
2026-06-10T22:32:03.167-05:00 DEBUG 4296 --- [practice-basic-auth] [main] o.s.b.f.s.DefaultListableBeanFactory     : Creating shared instance of singleton bean 'transactionTemplate'
2026-06-10T22:32:03.167-05:00 DEBUG 4296 --- [practice-basic-auth] [main] o.s.b.f.s.DefaultListableBeanFactory     : Autowiring by type from bean name 'transactionTemplate' via factory method to bean named 'transactionManager'
2026-06-10T22:32:03.168-05:00 DEBUG 4296 --- [practice-basic-auth] [main] o.s.b.f.s.DefaultListableBeanFactory     : Creating shared instance of singleton bean 'org.springframework.boot.transaction.autoconfigure.TransactionAutoConfiguration'
2026-06-10T22:32:03.169-05:00 DEBUG 4296 --- [practice-basic-auth] [main] o.s.b.f.s.DefaultListableBeanFactory     : Creating shared instance of singleton bean 'org.springframework.boot.webmvc.autoconfigure.actuate.endpoint.web.WebMvcHealthEndpointExtensionAutoConfiguration'
2026-06-10T22:32:03.169-05:00 DEBUG 4296 --- [practice-basic-auth] [main] o.s.b.f.s.DefaultListableBeanFactory     : Creating shared instance of singleton bean 'healthEndpointWebMvcHandlerMapping'
2026-06-10T22:32:03.169-05:00 DEBUG 4296 --- [practice-basic-auth] [main] o.s.b.f.s.DefaultListableBeanFactory     : Autowiring by type from bean name 'healthEndpointWebMvcHandlerMapping' via factory method to bean named 'webEndpointDiscoverer'
2026-06-10T22:32:03.169-05:00 DEBUG 4296 --- [practice-basic-auth] [main] o.s.b.f.s.DefaultListableBeanFactory     : Autowiring by type from bean name 'healthEndpointWebMvcHandlerMapping' via factory method to bean named 'healthEndpointGroups'
2026-06-10T22:32:03.175-05:00 DEBUG 4296 --- [practice-basic-auth] [main] o.s.b.f.s.DefaultListableBeanFactory     : Creating shared instance of singleton bean 'org.springframework.boot.security.autoconfigure.actuate.web.servlet.SecurityRequestMatchersManagementContextConfiguration$MvcRequestMatcherConfiguration'
2026-06-10T22:32:03.175-05:00 DEBUG 4296 --- [practice-basic-auth] [main] o.s.b.f.s.DefaultListableBeanFactory     : Creating shared instance of singleton bean 'requestMatcherProvider'
2026-06-10T22:32:03.175-05:00 DEBUG 4296 --- [practice-basic-auth] [main] o.s.b.f.s.DefaultListableBeanFactory     : Autowiring by type from bean name 'requestMatcherProvider' via factory method to bean named 'dispatcherServletRegistration'
2026-06-10T22:32:03.176-05:00 DEBUG 4296 --- [practice-basic-auth] [main] o.s.b.f.s.DefaultListableBeanFactory     : Creating shared instance of singleton bean 'org.springframework.boot.security.autoconfigure.actuate.web.servlet.SecurityRequestMatchersManagementContextConfiguration'
2026-06-10T22:32:03.176-05:00 DEBUG 4296 --- [practice-basic-auth] [main] o.s.b.f.s.DefaultListableBeanFactory     : Creating shared instance of singleton bean 'org.springframework.boot.webmvc.autoconfigure.actuate.web.WebMvcEndpointManagementContextConfiguration$HealthConfiguration'
2026-06-10T22:32:03.177-05:00 DEBUG 4296 --- [practice-basic-auth] [main] o.s.b.f.s.DefaultListableBeanFactory     : Creating shared instance of singleton bean 'webEndpointServletHandlerMapping'
2026-06-10T22:32:03.177-05:00 DEBUG 4296 --- [practice-basic-auth] [main] o.s.b.f.s.DefaultListableBeanFactory     : Creating shared instance of singleton bean 'management.endpoints.web.cors-org.springframework.boot.actuate.autoconfigure.endpoint.web.CorsEndpointProperties'
2026-06-10T22:32:03.179-05:00 DEBUG 4296 --- [practice-basic-auth] [main] o.s.b.f.s.DefaultListableBeanFactory     : Autowiring by type from bean name 'webEndpointServletHandlerMapping' via factory method to bean named 'webEndpointDiscoverer'
2026-06-10T22:32:03.179-05:00 DEBUG 4296 --- [practice-basic-auth] [main] o.s.b.f.s.DefaultListableBeanFactory     : Autowiring by type from bean name 'webEndpointServletHandlerMapping' via factory method to bean named 'servletEndpointDiscoverer'
2026-06-10T22:32:03.179-05:00 DEBUG 4296 --- [practice-basic-auth] [main] o.s.b.f.s.DefaultListableBeanFactory     : Autowiring by type from bean name 'webEndpointServletHandlerMapping' via factory method to bean named 'controllerEndpointDiscoverer'
2026-06-10T22:32:03.179-05:00 DEBUG 4296 --- [practice-basic-auth] [main] o.s.b.f.s.DefaultListableBeanFactory     : Autowiring by type from bean name 'webEndpointServletHandlerMapping' via factory method to bean named 'endpointMediaTypes'
2026-06-10T22:32:03.179-05:00 DEBUG 4296 --- [practice-basic-auth] [main] o.s.b.f.s.DefaultListableBeanFactory     : Autowiring by type from bean name 'webEndpointServletHandlerMapping' via factory method to bean named 'management.endpoints.web.cors-org.springframework.boot.actuate.autoconfigure.endpoint.web.CorsEndpointProperties'
2026-06-10T22:32:03.179-05:00 DEBUG 4296 --- [practice-basic-auth] [main] o.s.b.f.s.DefaultListableBeanFactory     : Autowiring by type from bean name 'webEndpointServletHandlerMapping' via factory method to bean named 'management.endpoints.web-org.springframework.boot.actuate.autoconfigure.endpoint.web.WebEndpointProperties'
2026-06-10T22:32:03.179-05:00 DEBUG 4296 --- [practice-basic-auth] [main] o.s.b.f.s.DefaultListableBeanFactory     : Autowiring by type from bean name 'webEndpointServletHandlerMapping' via factory method to bean named 'environment'
2026-06-10T22:32:03.183-05:00  INFO 4296 --- [practice-basic-auth] [main] o.s.b.a.e.web.EndpointLinksResolver      : Exposing 13 endpoints beneath base path '/admin'
2026-06-10T22:32:03.197-05:00 DEBUG 4296 --- [practice-basic-auth] [main] o.s.b.f.s.DefaultListableBeanFactory     : Creating shared instance of singleton bean 'controllerEndpointHandlerMapping'
2026-06-10T22:32:03.198-05:00 DEBUG 4296 --- [practice-basic-auth] [main] o.s.b.f.s.DefaultListableBeanFactory     : Autowiring by type from bean name 'controllerEndpointHandlerMapping' via factory method to bean named 'controllerEndpointDiscoverer'
2026-06-10T22:32:03.198-05:00 DEBUG 4296 --- [practice-basic-auth] [main] o.s.b.f.s.DefaultListableBeanFactory     : Autowiring by type from bean name 'controllerEndpointHandlerMapping' via factory method to bean named 'management.endpoints.web.cors-org.springframework.boot.actuate.autoconfigure.endpoint.web.CorsEndpointProperties'
2026-06-10T22:32:03.198-05:00 DEBUG 4296 --- [practice-basic-auth] [main] o.s.b.f.s.DefaultListableBeanFactory     : Autowiring by type from bean name 'controllerEndpointHandlerMapping' via factory method to bean named 'management.endpoints.web-org.springframework.boot.actuate.autoconfigure.endpoint.web.WebEndpointProperties'
2026-06-10T22:32:03.198-05:00 DEBUG 4296 --- [practice-basic-auth] [main] o.s.b.f.s.DefaultListableBeanFactory     : Autowiring by type from bean name 'controllerEndpointHandlerMapping' via factory method to bean named 'propertiesEndpointAccessResolver'
2026-06-10T22:32:03.202-05:00 DEBUG 4296 --- [practice-basic-auth] [main] o.s.b.f.s.DefaultListableBeanFactory     : Creating shared instance of singleton bean 'org.springframework.boot.actuate.autoconfigure.web.server.ManagementContextAutoConfiguration$SameManagementContextConfiguration$EnableSameManagementContextConfiguration'
2026-06-10T22:32:03.203-05:00 DEBUG 4296 --- [practice-basic-auth] [main] o.s.b.f.s.DefaultListableBeanFactory     : Creating shared instance of singleton bean 'org.springframework.boot.actuate.autoconfigure.web.server.ManagementContextAutoConfiguration$SameManagementContextConfiguration'
2026-06-10T22:32:03.204-05:00 DEBUG 4296 --- [practice-basic-auth] [main] o.s.b.f.s.DefaultListableBeanFactory     : Autowiring by type from bean name 'org.springframework.boot.actuate.autoconfigure.web.server.ManagementContextAutoConfiguration$SameManagementContextConfiguration' via constructor to bean named 'environment'
2026-06-10T22:32:03.204-05:00 DEBUG 4296 --- [practice-basic-auth] [main] o.s.b.f.s.DefaultListableBeanFactory     : Creating shared instance of singleton bean 'org.springframework.boot.actuate.autoconfigure.web.server.ManagementContextAutoConfiguration'
2026-06-10T22:32:03.210-05:00 DEBUG 4296 --- [practice-basic-auth] [main] o.s.j.e.a.AnnotationMBeanExporter        : Registering beans for JMX exposure on startup
2026-06-10T22:32:03.210-05:00 DEBUG 4296 --- [practice-basic-auth] [main] o.s.j.e.a.AnnotationMBeanExporter        : Auto-detecting user-defined JMX MBeans
2026-06-10T22:32:03.212-05:00 DEBUG 4296 --- [practice-basic-auth] [main] o.s.j.e.a.AnnotationMBeanExporter        : Bean with name 'dataSource' has been autodetected for JMX exposure
2026-06-10T22:32:03.215-05:00 DEBUG 4296 --- [practice-basic-auth] [main] o.s.j.e.a.AnnotationMBeanExporter        : Located MBean 'dataSource': registering with JMX server as MBean [com.zaxxer.hikari:name=dataSource,type=HikariDataSource]
2026-06-10T22:32:03.249-05:00 DEBUG 4296 --- [practice-basic-auth] [main] o.s.c.support.DefaultLifecycleProcessor  : Starting beans in phase -2147483647
2026-06-10T22:32:03.250-05:00 DEBUG 4296 --- [practice-basic-auth] [main] o.s.c.support.DefaultLifecycleProcessor  : Successfully started bean 'springBootLoggingLifecycle'
2026-06-10T22:32:03.250-05:00 DEBUG 4296 --- [practice-basic-auth] [main] o.s.c.support.DefaultLifecycleProcessor  : Starting beans in phase 1073741823
2026-06-10T22:32:03.250-05:00 DEBUG 4296 --- [practice-basic-auth] [main] o.s.c.support.DefaultLifecycleProcessor  : Starting beans in phase 2147481599
2026-06-10T22:32:03.266-05:00  INFO 4296 --- [practice-basic-auth] [main] o.s.boot.tomcat.TomcatWebServer          : Tomcat started on port 8080 (http) with context path '/'
2026-06-10T22:32:03.267-05:00 DEBUG 4296 --- [practice-basic-auth] [main] o.s.c.support.DefaultLifecycleProcessor  : Successfully started bean 'webServerStartStop'
2026-06-10T22:32:03.267-05:00 DEBUG 4296 --- [practice-basic-auth] [main] o.s.c.support.DefaultLifecycleProcessor  : Starting beans in phase 2147482623
2026-06-10T22:32:03.267-05:00 DEBUG 4296 --- [practice-basic-auth] [main] o.s.c.support.DefaultLifecycleProcessor  : Successfully started bean 'webServerGracefulShutdown'
2026-06-10T22:32:03.274-05:00 DEBUG 4296 --- [practice-basic-auth] [main] .s.b.a.l.ConditionEvaluationReportLogger : 


============================
CONDITIONS EVALUATION REPORT
============================


Positive matches:
-----------------

   AopAutoConfiguration matched:
      - @ConditionalOnBooleanProperty (spring.aop.auto=true) matched (OnPropertyCondition)

   AopAutoConfiguration.ClassProxyingConfiguration matched:
      - @ConditionalOnMissingClass did not find unwanted class 'org.aspectj.weaver.Advice' (OnClassCondition)
      - @ConditionalOnBooleanProperty (spring.aop.proxy-target-class=true) matched (OnPropertyCondition)

   ApplicationAvailabilityAutoConfiguration#applicationAvailability matched:
      - @ConditionalOnMissingBean (types: org.springframework.boot.availability.ApplicationAvailability; SearchStrategy: all) did not find any beans (OnBeanCondition)

   AuditEventsEndpointAutoConfiguration matched:
      - @ConditionalOnAvailableEndpoint marked as exposed by a 'management.endpoints.web.exposure' property (OnAvailableEndpointCondition)

   AvailabilityHealthContributorAutoConfiguration matched:
      - @ConditionalOnClass found required class 'org.springframework.boot.health.contributor.Health' (OnClassCondition)

   AvailabilityProbesAutoConfiguration matched:
      - @ConditionalOnClass found required class 'org.springframework.boot.actuate.endpoint.annotation.Endpoint' (OnClassCondition)
      - @ConditionalOnBooleanProperty (management.endpoint.health.probes.enabled=true) matched (OnPropertyCondition)

   AvailabilityProbesAutoConfiguration#livenessStateHealthIndicator matched:
      - @ConditionalOnMissingBean (names: livenessStateHealthIndicator; SearchStrategy: all) did not find any beans (OnBeanCondition)

   AvailabilityProbesAutoConfiguration#readinessStateHealthIndicator matched:
      - @ConditionalOnMissingBean (names: readinessStateHealthIndicator; SearchStrategy: all) did not find any beans (OnBeanCondition)

   BeansEndpointAutoConfiguration matched:
      - @ConditionalOnAvailableEndpoint marked as exposed by a 'management.endpoints.web.exposure' property (OnAvailableEndpointCondition)

   BeansEndpointAutoConfiguration#beansEndpoint matched:
      - @ConditionalOnMissingBean (types: org.springframework.boot.actuate.beans.BeansEndpoint; SearchStrategy: all) did not find any beans (OnBeanCondition)

   CompositeMeterRegistryAutoConfiguration matched:
      - @ConditionalOnClass found required class 'io.micrometer.core.instrument.composite.CompositeMeterRegistry' (OnClassCondition)

   ConditionsReportEndpointAutoConfiguration matched:
      - @ConditionalOnAvailableEndpoint marked as exposed by a 'management.endpoints.web.exposure' property (OnAvailableEndpointCondition)

   ConditionsReportEndpointAutoConfiguration#conditionsReportEndpoint matched:
      - @ConditionalOnMissingBean (types: org.springframework.boot.actuate.autoconfigure.condition.ConditionsReportEndpoint; SearchStrategy: current) did not find any beans (OnBeanCondition)

   ConfigurationPropertiesReportEndpointAutoConfiguration matched:
      - @ConditionalOnAvailableEndpoint marked as exposed by a 'management.endpoints.web.exposure' property (OnAvailableEndpointCondition)

   ConfigurationPropertiesReportEndpointAutoConfiguration#configurationPropertiesReportEndpoint matched:
      - @ConditionalOnMissingBean (types: org.springframework.boot.actuate.context.properties.ConfigurationPropertiesReportEndpoint; SearchStrategy: all) did not find any beans (OnBeanCondition)

   ConfigurationPropertiesReportEndpointAutoConfiguration#configurationPropertiesReportEndpointWebExtension matched:
      - @ConditionalOnBean (types: org.springframework.boot.actuate.context.properties.ConfigurationPropertiesReportEndpoint; SearchStrategy: all) found bean 'configurationPropertiesReportEndpoint'; @ConditionalOnMissingBean (types: org.springframework.boot.actuate.context.properties.ConfigurationPropertiesReportEndpointWebExtension; SearchStrategy: all) did not find any beans (OnBeanCondition)
      - @ConditionalOnAvailableEndpoint marked as exposed by a 'management.endpoints.web.exposure' property (OnAvailableEndpointCondition)

   DataJdbcRepositoriesAutoConfiguration matched:
      - @ConditionalOnClass found required classes 'org.springframework.jdbc.core.namedparam.NamedParameterJdbcOperations', 'org.springframework.data.jdbc.repository.config.AbstractJdbcConfiguration' (OnClassCondition)
      - @ConditionalOnBooleanProperty (spring.data.jdbc.repositories.enabled=true) matched (OnPropertyCondition)
      - @ConditionalOnBean (types: org.springframework.jdbc.core.namedparam.NamedParameterJdbcOperations,org.springframework.transaction.PlatformTransactionManager; SearchStrategy: all) found beans 'transactionManager', 'namedParameterJdbcTemplate' (OnBeanCondition)

   DataJdbcRepositoriesAutoConfiguration.JdbcRepositoriesConfiguration matched:
      - @ConditionalOnMissingBean (types: org.springframework.data.jdbc.repository.config.JdbcRepositoryConfigExtension; SearchStrategy: all) did not find any beans (OnBeanCondition)

   DataJdbcRepositoriesAutoConfiguration.SpringBootJdbcConfiguration matched:
      - @ConditionalOnMissingBean (types: org.springframework.data.jdbc.repository.config.AbstractJdbcConfiguration; SearchStrategy: all) did not find any beans (OnBeanCondition)

   DataJdbcRepositoriesAutoConfiguration.SpringBootJdbcConfiguration#dataAccessStrategyBean matched:
      - @ConditionalOnMissingBean (types: org.springframework.data.jdbc.core.convert.DataAccessStrategy; SearchStrategy: all) did not find any beans (OnBeanCondition)

   DataJdbcRepositoriesAutoConfiguration.SpringBootJdbcConfiguration#jdbcAggregateTemplate matched:
      - @ConditionalOnMissingBean (types: org.springframework.data.jdbc.core.JdbcAggregateTemplate; SearchStrategy: all) did not find any beans (OnBeanCondition)

   DataJdbcRepositoriesAutoConfiguration.SpringBootJdbcConfiguration#jdbcConverter matched:
      - @ConditionalOnMissingBean (types: org.springframework.data.jdbc.core.convert.JdbcConverter; SearchStrategy: all) did not find any beans (OnBeanCondition)

   DataJdbcRepositoriesAutoConfiguration.SpringBootJdbcConfiguration#jdbcCustomConversions matched:
      - @ConditionalOnMissingBean (types: org.springframework.data.jdbc.core.convert.JdbcCustomConversions; SearchStrategy: all) did not find any beans (OnBeanCondition)

   DataJdbcRepositoriesAutoConfiguration.SpringBootJdbcConfiguration#jdbcDialect matched:
      - @ConditionalOnMissingBean (types: org.springframework.data.jdbc.core.dialect.JdbcDialect; SearchStrategy: all) did not find any beans (OnBeanCondition)

   DataJdbcRepositoriesAutoConfiguration.SpringBootJdbcConfiguration#jdbcManagedTypes matched:
      - @ConditionalOnMissingBean (types: org.springframework.data.relational.RelationalManagedTypes; SearchStrategy: all) did not find any beans (OnBeanCondition)

   DataJdbcRepositoriesAutoConfiguration.SpringBootJdbcConfiguration#jdbcMappingContext matched:
      - @ConditionalOnMissingBean (types: org.springframework.data.jdbc.core.mapping.JdbcMappingContext; SearchStrategy: all) did not find any beans (OnBeanCondition)

   DataRepositoryMetricsAutoConfiguration matched:
      - @ConditionalOnClass found required class 'org.springframework.data.repository.Repository' (OnClassCondition)
      - @ConditionalOnBean (types: io.micrometer.core.instrument.MeterRegistry; SearchStrategy: all) found bean 'simpleMeterRegistry' (OnBeanCondition)

   DataRepositoryMetricsAutoConfiguration#metricsRepositoryMethodInvocationListener matched:
      - @ConditionalOnMissingBean (types: org.springframework.boot.data.metrics.MetricsRepositoryMethodInvocationListener; SearchStrategy: all) did not find any beans (OnBeanCondition)

   DataRepositoryMetricsAutoConfiguration#repositoryTagsProvider matched:
      - @ConditionalOnMissingBean (types: org.springframework.boot.data.metrics.RepositoryTagsProvider; SearchStrategy: all) did not find any beans (OnBeanCondition)

   DataSourceAutoConfiguration matched:
      - @ConditionalOnClass found required classes 'javax.sql.DataSource', 'org.springframework.jdbc.datasource.embedded.EmbeddedDatabaseType' (OnClassCondition)
      - @ConditionalOnMissingBean (types: io.r2dbc.spi.ConnectionFactory; SearchStrategy: all) did not find any beans (OnBeanCondition)

   DataSourceAutoConfiguration.PooledDataSourceConfiguration matched:
      - AnyNestedCondition 1 matched 1 did not; NestedCondition on DataSourceAutoConfiguration.PooledDataSourceCondition.PooledDataSourceAvailable PooledDataSource found supported DataSource; NestedCondition on DataSourceAutoConfiguration.PooledDataSourceCondition.ExplicitType @ConditionalOnProperty (spring.datasource.type) did not find property 'spring.datasource.type' (DataSourceAutoConfiguration.PooledDataSourceCondition)
      - @ConditionalOnMissingBean (types: javax.sql.DataSource,javax.sql.XADataSource; SearchStrategy: all) did not find any beans (OnBeanCondition)

   DataSourceAutoConfiguration.PooledDataSourceConfiguration#jdbcConnectionDetails matched:
      - @ConditionalOnMissingBean (types: org.springframework.boot.jdbc.autoconfigure.JdbcConnectionDetails; SearchStrategy: all) did not find any beans (OnBeanCondition)

   DataSourceConfiguration.Hikari matched:
      - @ConditionalOnClass found required class 'com.zaxxer.hikari.HikariDataSource' (OnClassCondition)
      - @ConditionalOnProperty (spring.datasource.type=com.zaxxer.hikari.HikariDataSource) matched (OnPropertyCondition)
      - @ConditionalOnMissingBean (types: javax.sql.DataSource; SearchStrategy: all) did not find any beans (OnBeanCondition)

   DataSourceHealthContributorAutoConfiguration matched:
      - @ConditionalOnClass found required classes 'org.springframework.jdbc.core.JdbcTemplate', 'org.springframework.jdbc.datasource.lookup.AbstractRoutingDataSource', 'org.springframework.boot.health.autoconfigure.contributor.ConditionalOnEnabledHealthIndicator' (OnClassCondition)
      - @ConditionalOnEnabledHealthIndicator management.health.defaults.enabled is considered true (OnEnabledHealthIndicatorCondition)
      - @ConditionalOnBean (types: javax.sql.DataSource; SearchStrategy: all) found bean 'dataSource' (OnBeanCondition)

   DataSourceHealthContributorAutoConfiguration#dbHealthContributor matched:
      - @ConditionalOnMissingBean (names: dbHealthIndicator,dbHealthContributor; SearchStrategy: all) did not find any beans (OnBeanCondition)

   DataSourceInitializationAutoConfiguration matched:
      - @ConditionalOnClass found required class 'org.springframework.jdbc.datasource.init.DatabasePopulator' (OnClassCondition)
      - SQL InitializationDatabase Initialization default value is EMBEDDED (OnSqlInitializationCondition)
      - @ConditionalOnSingleCandidate (types: javax.sql.DataSource; SearchStrategy: all) found a single bean 'dataSource'; @ConditionalOnMissingBean (types: org.springframework.boot.sql.autoconfigure.init.ApplicationScriptDatabaseInitializer; SearchStrategy: all) did not find any beans (OnBeanCondition)

   DataSourceJmxConfiguration matched:
      - @ConditionalOnBooleanProperty (spring.jmx.enabled=true) matched (OnPropertyCondition)

   DataSourceJmxConfiguration.Hikari matched:
      - @ConditionalOnClass found required class 'com.zaxxer.hikari.HikariDataSource' (OnClassCondition)
      - @ConditionalOnSingleCandidate (types: javax.sql.DataSource; SearchStrategy: all) found a single bean 'dataSource' (OnBeanCondition)

   DataSourcePoolMetadataProvidersConfiguration.HikariPoolDataSourceMetadataProviderConfiguration matched:
      - @ConditionalOnClass found required class 'com.zaxxer.hikari.HikariDataSource' (OnClassCondition)

   DataSourcePoolMetricsAutoConfiguration matched:
      - @ConditionalOnClass found required classes 'javax.sql.DataSource', 'io.micrometer.core.instrument.MeterRegistry' (OnClassCondition)
      - @ConditionalOnBean (types: javax.sql.DataSource,io.micrometer.core.instrument.MeterRegistry; SearchStrategy: all) found beans 'simpleMeterRegistry', 'dataSource' (OnBeanCondition)

   DataSourcePoolMetricsAutoConfiguration.DataSourcePoolMetadataMetricsConfiguration matched:
      - @ConditionalOnBean (types: org.springframework.boot.jdbc.metadata.DataSourcePoolMetadataProvider; SearchStrategy: all) found bean 'hikariPoolDataSourceMetadataProvider' (OnBeanCondition)

   DataSourcePoolMetricsAutoConfiguration.HikariDataSourceMetricsConfiguration matched:
      - @ConditionalOnClass found required class 'com.zaxxer.hikari.HikariDataSource' (OnClassCondition)

   DataSourceTransactionManagerAutoConfiguration matched:
      - @ConditionalOnClass found required classes 'javax.sql.DataSource', 'org.springframework.jdbc.core.JdbcTemplate', 'org.springframework.transaction.TransactionManager' (OnClassCondition)

   DataSourceTransactionManagerAutoConfiguration.JdbcTransactionManagerConfiguration matched:
      - @ConditionalOnSingleCandidate (types: javax.sql.DataSource; SearchStrategy: all) found a single bean 'dataSource' (OnBeanCondition)

   DataSourceTransactionManagerAutoConfiguration.JdbcTransactionManagerConfiguration#transactionManager matched:
      - @ConditionalOnMissingBean (types: org.springframework.transaction.TransactionManager; SearchStrategy: all) did not find any beans (OnBeanCondition)

   DataWebAutoConfiguration matched:
      - @ConditionalOnClass found required classes 'org.springframework.data.web.PageableHandlerMethodArgumentResolver', 'org.springframework.web.servlet.config.annotation.WebMvcConfigurer' (OnClassCondition)
      - found 'session' scope (OnWebApplicationCondition)
      - @ConditionalOnMissingBean (types: org.springframework.data.web.PageableHandlerMethodArgumentResolver; SearchStrategy: all) did not find any beans (OnBeanCondition)

   DataWebAutoConfiguration#pageableCustomizer matched:
      - @ConditionalOnMissingBean (types: org.springframework.data.web.config.PageableHandlerMethodArgumentResolverCustomizer; SearchStrategy: all) did not find any beans (OnBeanCondition)

   DataWebAutoConfiguration#sortCustomizer matched:
      - @ConditionalOnMissingBean (types: org.springframework.data.web.config.SortHandlerMethodArgumentResolverCustomizer; SearchStrategy: all) did not find any beans (OnBeanCondition)

   DataWebAutoConfiguration#springDataWebSettings matched:
      - @ConditionalOnMissingBean (types: org.springframework.data.web.config.SpringDataWebSettings; SearchStrategy: all) did not find any beans (OnBeanCondition)

   DiskSpaceHealthContributorAutoConfiguration matched:
      - @ConditionalOnClass found required class 'org.springframework.boot.health.contributor.Health' (OnClassCondition)
      - @ConditionalOnEnabledHealthIndicator management.health.defaults.enabled is considered true (OnEnabledHealthIndicatorCondition)

   DiskSpaceHealthContributorAutoConfiguration#diskSpaceHealthIndicator matched:
      - @ConditionalOnMissingBean (names: diskSpaceHealthIndicator; SearchStrategy: all) did not find any beans (OnBeanCondition)

   DispatcherServletAutoConfiguration matched:
      - @ConditionalOnClass found required class 'org.springframework.web.servlet.DispatcherServlet' (OnClassCondition)
      - found 'session' scope (OnWebApplicationCondition)

   DispatcherServletAutoConfiguration.DispatcherServletConfiguration matched:
      - @ConditionalOnClass found required class 'jakarta.servlet.ServletRegistration' (OnClassCondition)
      - Default DispatcherServlet did not find dispatcher servlet beans (DispatcherServletAutoConfiguration.DefaultDispatcherServletCondition)

   DispatcherServletAutoConfiguration.DispatcherServletRegistrationConfiguration matched:
      - @ConditionalOnClass found required class 'jakarta.servlet.ServletRegistration' (OnClassCondition)
      - DispatcherServlet Registration did not find servlet registration bean (DispatcherServletAutoConfiguration.DispatcherServletRegistrationCondition)

   DispatcherServletAutoConfiguration.DispatcherServletRegistrationConfiguration#dispatcherServletRegistration matched:
      - @ConditionalOnBean (names: dispatcherServlet types: org.springframework.web.servlet.DispatcherServlet; SearchStrategy: all) found bean 'dispatcherServlet' (OnBeanCondition)

   EndpointAutoConfiguration#endpointCachingOperationInvokerAdvisor matched:
      - @ConditionalOnMissingBean (types: org.springframework.boot.actuate.endpoint.invoker.cache.CachingOperationInvokerAdvisor; SearchStrategy: all) did not find any beans (OnBeanCondition)

   EndpointAutoConfiguration#endpointOperationParameterMapper matched:
      - @ConditionalOnMissingBean (types: org.springframework.boot.actuate.endpoint.invoke.ParameterValueMapper; SearchStrategy: all) did not find any beans (OnBeanCondition)

   EndpointAutoConfiguration#propertiesEndpointAccessResolver matched:
      - @ConditionalOnMissingBean (types: org.springframework.boot.actuate.endpoint.EndpointAccessResolver; SearchStrategy: all) did not find any beans (OnBeanCondition)

   EnvironmentEndpointAutoConfiguration matched:
      - @ConditionalOnAvailableEndpoint marked as exposed by a 'management.endpoints.web.exposure' property (OnAvailableEndpointCondition)

   EnvironmentEndpointAutoConfiguration#environmentEndpoint matched:
      - @ConditionalOnMissingBean (types: org.springframework.boot.actuate.env.EnvironmentEndpoint; SearchStrategy: all) did not find any beans (OnBeanCondition)

   EnvironmentEndpointAutoConfiguration#environmentEndpointWebExtension matched:
      - @ConditionalOnBean (types: org.springframework.boot.actuate.env.EnvironmentEndpoint; SearchStrategy: all) found bean 'environmentEndpoint'; @ConditionalOnMissingBean (types: org.springframework.boot.actuate.env.EnvironmentEndpointWebExtension; SearchStrategy: all) did not find any beans (OnBeanCondition)
      - @ConditionalOnAvailableEndpoint marked as exposed by a 'management.endpoints.web.exposure' property (OnAvailableEndpointCondition)

   ErrorMvcAutoConfiguration matched:
      - @ConditionalOnClass found required classes 'jakarta.servlet.Servlet', 'org.springframework.web.servlet.DispatcherServlet' (OnClassCondition)
      - found 'session' scope (OnWebApplicationCondition)

   ErrorMvcAutoConfiguration#basicErrorController matched:
      - @ConditionalOnMissingBean (types: org.springframework.boot.webmvc.error.ErrorController; SearchStrategy: current) did not find any beans (OnBeanCondition)

   ErrorMvcAutoConfiguration#errorAttributes matched:
      - @ConditionalOnMissingBean (types: org.springframework.boot.webmvc.error.ErrorAttributes; SearchStrategy: current) did not find any beans (OnBeanCondition)

   ErrorMvcAutoConfiguration.DefaultErrorViewResolverConfiguration#conventionErrorViewResolver matched:
      - @ConditionalOnBean (types: org.springframework.web.servlet.DispatcherServlet; SearchStrategy: all) found bean 'dispatcherServlet'; @ConditionalOnMissingBean (types: org.springframework.boot.webmvc.autoconfigure.error.ErrorViewResolver; SearchStrategy: all) did not find any beans (OnBeanCondition)

   ErrorMvcAutoConfiguration.WhitelabelErrorViewConfiguration matched:
      - @ConditionalOnBooleanProperty (spring.web.error.whitelabel.enabled=true) matched (OnPropertyCondition)
      - ErrorTemplate Missing did not find error template view (ErrorMvcAutoConfiguration.ErrorTemplateMissingCondition)

   ErrorMvcAutoConfiguration.WhitelabelErrorViewConfiguration#beanNameViewResolver matched:
      - @ConditionalOnMissingBean (types: org.springframework.web.servlet.view.BeanNameViewResolver; SearchStrategy: all) did not find any beans (OnBeanCondition)

   ErrorMvcAutoConfiguration.WhitelabelErrorViewConfiguration#defaultErrorView matched:
      - @ConditionalOnMissingBean (names: error; SearchStrategy: all) did not find any beans (OnBeanCondition)

   HealthContributorAutoConfiguration#pingHealthContributor matched:
      - @ConditionalOnEnabledHealthIndicator management.health.defaults.enabled is considered true (OnEnabledHealthIndicatorCondition)

   HealthContributorRegistryAutoConfiguration#healthContributorRegistry matched:
      - @ConditionalOnMissingBean (types: org.springframework.boot.health.registry.HealthContributorRegistry; SearchStrategy: all) did not find any beans (OnBeanCondition)

   HealthEndpointAutoConfiguration matched:
      - @ConditionalOnClass found required class 'org.springframework.boot.actuate.endpoint.annotation.Endpoint' (OnClassCondition)
      - @ConditionalOnAvailableEndpoint marked as exposed by a 'management.endpoints.web.exposure' property (OnAvailableEndpointCondition)
      - @ConditionalOnBean (types: org.springframework.boot.health.registry.HealthContributorRegistry; SearchStrategy: all) found bean 'healthContributorRegistry' (OnBeanCondition)

   HealthEndpointConfiguration#healthEndpoint matched:
      - @ConditionalOnMissingBean (types: org.springframework.boot.health.actuate.endpoint.HealthEndpoint; SearchStrategy: all) did not find any beans (OnBeanCondition)

   HealthEndpointConfiguration#healthEndpointGroupMembershipValidator matched:
      - @ConditionalOnBooleanProperty (management.endpoint.health.validate-group-membership=true) matched (OnPropertyCondition)

   HealthEndpointConfiguration#healthEndpointGroups matched:
      - @ConditionalOnMissingBean (types: org.springframework.boot.health.actuate.endpoint.HealthEndpointGroups; SearchStrategy: all) did not find any beans (OnBeanCondition)

   HealthEndpointConfiguration#healthHttpCodeStatusMapper matched:
      - @ConditionalOnMissingBean (types: org.springframework.boot.health.actuate.endpoint.HttpCodeStatusMapper; SearchStrategy: all) did not find any beans (OnBeanCondition)

   HealthEndpointConfiguration#healthStatusAggregator matched:
      - @ConditionalOnMissingBean (types: org.springframework.boot.health.actuate.endpoint.StatusAggregator; SearchStrategy: all) did not find any beans (OnBeanCondition)

   HealthEndpointWebExtensionConfiguration matched:
      - found 'session' scope (OnWebApplicationCondition)
      - @ConditionalOnAvailableEndpoint marked as exposed by a 'management.endpoints.web.exposure' property (OnAvailableEndpointCondition)
      - @ConditionalOnBean (types: org.springframework.boot.health.actuate.endpoint.HealthEndpoint; SearchStrategy: all) found bean 'healthEndpoint' (OnBeanCondition)

   HealthEndpointWebExtensionConfiguration#healthEndpointWebExtension matched:
      - @ConditionalOnMissingBean (types: org.springframework.boot.health.actuate.endpoint.HealthEndpointWebExtension; SearchStrategy: all) did not find any beans (OnBeanCondition)

   HttpEncodingAutoConfiguration matched:
      - @ConditionalOnClass found required class 'org.springframework.web.filter.CharacterEncodingFilter' (OnClassCondition)
      - found 'session' scope (OnWebApplicationCondition)
      - @ConditionalOnBooleanProperty (spring.servlet.encoding.enabled=true) matched (OnPropertyCondition)

   HttpEncodingAutoConfiguration#characterEncodingFilter matched:
      - @ConditionalOnMissingBean (types: org.springframework.web.filter.CharacterEncodingFilter; SearchStrategy: all) did not find any beans (OnBeanCondition)

   HttpExchangesEndpointAutoConfiguration matched:
      - @ConditionalOnAvailableEndpoint marked as exposed by a 'management.endpoints.web.exposure' property (OnAvailableEndpointCondition)

   HttpMessageConvertersAutoConfiguration matched:
      - @ConditionalOnClass found required class 'org.springframework.http.converter.HttpMessageConverter' (OnClassCondition)
      - NoneNestedConditions 0 matched 1 did not; NestedCondition on HttpMessageConvertersAutoConfiguration.NotReactiveWebApplicationCondition.ReactiveWebApplication did not find reactive web application classes (HttpMessageConvertersAutoConfiguration.NotReactiveWebApplicationCondition)

   HttpMessageConvertersAutoConfiguration.StringHttpMessageConverterConfiguration#stringHttpMessageConvertersCustomizer matched:
      - @ConditionalOnMissingBean (types: org.springframework.http.converter.StringHttpMessageConverter; SearchStrategy: all) did not find any beans (OnBeanCondition)

   InfoEndpointAutoConfiguration matched:
      - @ConditionalOnAvailableEndpoint marked as exposed by a 'management.endpoints.web.exposure' property (OnAvailableEndpointCondition)

   InfoEndpointAutoConfiguration#infoEndpoint matched:
      - @ConditionalOnMissingBean (types: org.springframework.boot.actuate.info.InfoEndpoint; SearchStrategy: all) did not find any beans (OnBeanCondition)

   JacksonAutoConfiguration matched:
      - @ConditionalOnClass found required class 'tools.jackson.databind.json.JsonMapper' (OnClassCondition)

   JacksonAutoConfiguration#jacksonJsonMapper matched:
      - @ConditionalOnMissingBean (types: tools.jackson.databind.json.JsonMapper; SearchStrategy: all) did not find any beans (OnBeanCondition)

   JacksonAutoConfiguration#jsonMapperBuilder matched:
      - @ConditionalOnMissingBean (types: tools.jackson.databind.json.JsonMapper$Builder; SearchStrategy: all) did not find any beans (OnBeanCondition)

   JacksonAutoConfiguration.JsonProblemDetailsConfiguration matched:
      - @ConditionalOnClass found required class 'org.springframework.http.ProblemDetail' (OnClassCondition)

   JacksonEndpointAutoConfiguration matched:
      - @ConditionalOnClass found required class 'tools.jackson.databind.json.JsonMapper' (OnClassCondition)

   JacksonEndpointAutoConfiguration#endpointJsonMapper matched:
      - @ConditionalOnBooleanProperty (management.endpoints.jackson.isolated-json-mapper=true) matched (OnPropertyCondition)

   JacksonHttpMessageConvertersConfiguration.JacksonJsonHttpMessageConverterConfiguration matched:
      - @ConditionalOnClass found required class 'tools.jackson.databind.json.JsonMapper' (OnClassCondition)
      - @ConditionalOnProperty (spring.http.converters.preferred-json-mapper=jackson) matched (OnPropertyCondition)
      - @ConditionalOnBean (types: tools.jackson.databind.json.JsonMapper; SearchStrategy: all) found bean 'jacksonJsonMapper' (OnBeanCondition)

   JacksonHttpMessageConvertersConfiguration.JacksonJsonHttpMessageConverterConfiguration#jacksonJsonHttpMessageConvertersCustomizer matched:
      - @ConditionalOnMissingBean (types: org.springframework.http.converter.json.JacksonJsonHttpMessageConverter ignored: org.springframework.hateoas.server.mvc.TypeConstrainedJacksonJsonHttpMessageConverter,org.springframework.data.rest.webmvc.alps.AlpsJacksonJsonHttpMessageConverter; SearchStrategy: all) did not find any beans (OnBeanCondition)

   JdbcClientAutoConfiguration matched:
      - @ConditionalOnSingleCandidate (types: org.springframework.jdbc.core.namedparam.NamedParameterJdbcTemplate; SearchStrategy: all) found a single bean 'namedParameterJdbcTemplate'; @ConditionalOnMissingBean (types: org.springframework.jdbc.core.simple.JdbcClient; SearchStrategy: all) did not find any beans (OnBeanCondition)

   JdbcTemplateAutoConfiguration matched:
      - @ConditionalOnClass found required classes 'javax.sql.DataSource', 'org.springframework.jdbc.core.JdbcTemplate' (OnClassCondition)
      - @ConditionalOnSingleCandidate (types: javax.sql.DataSource; SearchStrategy: all) found a single bean 'dataSource' (OnBeanCondition)

   JdbcTemplateConfiguration matched:
      - @ConditionalOnMissingBean (types: org.springframework.jdbc.core.JdbcOperations; SearchStrategy: all) did not find any beans (OnBeanCondition)

   JmxAutoConfiguration matched:
      - @ConditionalOnClass found required class 'org.springframework.jmx.export.MBeanExporter' (OnClassCondition)
      - @ConditionalOnBooleanProperty (spring.jmx.enabled=true) matched (OnPropertyCondition)

   JmxAutoConfiguration#mbeanExporter matched:
      - @ConditionalOnMissingBean (types: org.springframework.jmx.export.MBeanExporter; SearchStrategy: current) did not find any beans (OnBeanCondition)

   JmxAutoConfiguration#mbeanServer matched:
      - @ConditionalOnMissingBean (types: javax.management.MBeanServer; SearchStrategy: all) did not find any beans (OnBeanCondition)

   JmxAutoConfiguration#objectNamingStrategy matched:
      - @ConditionalOnMissingBean (types: org.springframework.jmx.export.naming.ObjectNamingStrategy; SearchStrategy: current) did not find any beans (OnBeanCondition)

   JmxEndpointAutoConfiguration matched:
      - @ConditionalOnBooleanProperty (spring.jmx.enabled=true) matched (OnPropertyCondition)

   JmxEndpointAutoConfiguration#endpointObjectNameFactory matched:
      - @ConditionalOnMissingBean (types: org.springframework.boot.actuate.endpoint.jmx.EndpointObjectNameFactory; SearchStrategy: current) did not find any beans (OnBeanCondition)

   JmxEndpointAutoConfiguration#jmxAnnotationEndpointDiscoverer matched:
      - @ConditionalOnMissingBean (types: org.springframework.boot.actuate.endpoint.jmx.JmxEndpointsSupplier; SearchStrategy: all) did not find any beans (OnBeanCondition)

   JmxEndpointAutoConfiguration.JmxJacksonEndpointConfiguration matched:
      - @ConditionalOnClass found required class 'tools.jackson.databind.json.JsonMapper' (OnClassCondition)

   JmxEndpointAutoConfiguration.JmxJacksonEndpointConfiguration#jmxMBeanExporter matched:
      - @ConditionalOnSingleCandidate (types: javax.management.MBeanServer; SearchStrategy: all) found a single bean 'mbeanServer' (OnBeanCondition)

   JvmMetricsAutoConfiguration matched:
      - @ConditionalOnClass found required class 'io.micrometer.core.instrument.MeterRegistry' (OnClassCondition)
      - @ConditionalOnBean (types: io.micrometer.core.instrument.MeterRegistry; SearchStrategy: all) found bean 'simpleMeterRegistry' (OnBeanCondition)

   JvmMetricsAutoConfiguration#classLoaderMetrics matched:
      - @ConditionalOnMissingBean (types: io.micrometer.core.instrument.binder.jvm.ClassLoaderMetrics; SearchStrategy: all) did not find any beans (OnBeanCondition)

   JvmMetricsAutoConfiguration#jvmCompilationMetrics matched:
      - @ConditionalOnMissingBean (types: io.micrometer.core.instrument.binder.jvm.JvmCompilationMetrics; SearchStrategy: all) did not find any beans (OnBeanCondition)

   JvmMetricsAutoConfiguration#jvmGcMetrics matched:
      - @ConditionalOnMissingBean (types: io.micrometer.core.instrument.binder.jvm.JvmGcMetrics; SearchStrategy: all) did not find any beans (OnBeanCondition)

   JvmMetricsAutoConfiguration#jvmHeapPressureMetrics matched:
      - @ConditionalOnMissingBean (types: io.micrometer.core.instrument.binder.jvm.JvmHeapPressureMetrics; SearchStrategy: all) did not find any beans (OnBeanCondition)

   JvmMetricsAutoConfiguration#jvmInfoMetrics matched:
      - @ConditionalOnMissingBean (types: io.micrometer.core.instrument.binder.jvm.JvmInfoMetrics; SearchStrategy: all) did not find any beans (OnBeanCondition)

   JvmMetricsAutoConfiguration#jvmMemoryMetrics matched:
      - @ConditionalOnMissingBean (types: io.micrometer.core.instrument.binder.jvm.JvmMemoryMetrics; SearchStrategy: all) did not find any beans (OnBeanCondition)

   JvmMetricsAutoConfiguration#jvmThreadMetrics matched:
      - @ConditionalOnMissingBean (types: io.micrometer.core.instrument.binder.jvm.JvmThreadMetrics; SearchStrategy: all) did not find any beans (OnBeanCondition)

   LifecycleAutoConfiguration#defaultLifecycleProcessor matched:
      - @ConditionalOnMissingBean (names: lifecycleProcessor; SearchStrategy: current) did not find any beans (OnBeanCondition)

   LogFileWebEndpointAutoConfiguration matched:
      - @ConditionalOnAvailableEndpoint marked as exposed by a 'management.endpoints.web.exposure' property (OnAvailableEndpointCondition)

   LogFileWebEndpointAutoConfiguration#logFileWebEndpoint matched:
      - Log File found logging.file.name application.log (LogFileWebEndpointAutoConfiguration.LogFileCondition)
      - @ConditionalOnMissingBean (types: org.springframework.boot.actuate.logging.LogFileWebEndpoint; SearchStrategy: all) did not find any beans (OnBeanCondition)

   LogbackMetricsAutoConfiguration matched:
      - @ConditionalOnClass found required classes 'io.micrometer.core.instrument.MeterRegistry', 'ch.qos.logback.classic.LoggerContext', 'org.slf4j.LoggerFactory' (OnClassCondition)
      - LogbackLoggingCondition ILoggerFactory is a Logback LoggerContext (LogbackMetricsAutoConfiguration.LogbackLoggingCondition)
      - @ConditionalOnBean (types: io.micrometer.core.instrument.MeterRegistry; SearchStrategy: all) found bean 'simpleMeterRegistry' (OnBeanCondition)

   LogbackMetricsAutoConfiguration#logbackMetrics matched:
      - @ConditionalOnMissingBean (types: io.micrometer.core.instrument.binder.logging.LogbackMetrics; SearchStrategy: all) did not find any beans (OnBeanCondition)

   LoggersEndpointAutoConfiguration matched:
      - @ConditionalOnAvailableEndpoint marked as exposed by a 'management.endpoints.web.exposure' property (OnAvailableEndpointCondition)

   LoggersEndpointAutoConfiguration#loggersEndpoint matched:
      - Logging System enabled (LoggersEndpointAutoConfiguration.OnEnabledLoggingSystemCondition)
      - @ConditionalOnBean (types: org.springframework.boot.logging.LoggingSystem; SearchStrategy: all) found bean 'springBootLoggingSystem'; @ConditionalOnMissingBean (types: org.springframework.boot.actuate.logging.LoggersEndpoint; SearchStrategy: all) did not find any beans (OnBeanCondition)

   ManagementContextAutoConfiguration.SameManagementContextConfiguration matched:
      - Management Port actual port type (SAME) matched required type (OnManagementPortCondition)

   MappingsEndpointAutoConfiguration matched:
      - @ConditionalOnAvailableEndpoint marked as exposed by a 'management.endpoints.web.exposure' property (OnAvailableEndpointCondition)

   MetricsAutoConfiguration matched:
      - @ConditionalOnClass found required class 'io.micrometer.core.annotation.Timed' (OnClassCondition)

   MetricsAutoConfiguration#micrometerClock matched:
      - @ConditionalOnMissingBean (types: io.micrometer.core.instrument.Clock; SearchStrategy: all) did not find any beans (OnBeanCondition)

   MetricsEndpointAutoConfiguration matched:
      - @ConditionalOnClass found required classes 'org.springframework.boot.actuate.autoconfigure.endpoint.condition.ConditionalOnAvailableEndpoint', 'io.micrometer.core.annotation.Timed' (OnClassCondition)
      - @ConditionalOnAvailableEndpoint marked as exposed by a 'management.endpoints.web.exposure' property (OnAvailableEndpointCondition)

   MetricsEndpointAutoConfiguration#metricsEndpoint matched:
      - @ConditionalOnBean (types: io.micrometer.core.instrument.MeterRegistry; SearchStrategy: all) found bean 'simpleMeterRegistry'; @ConditionalOnMissingBean (types: org.springframework.boot.micrometer.metrics.actuate.endpoint.MetricsEndpoint; SearchStrategy: all) did not find any beans (OnBeanCondition)

   MultipartAutoConfiguration matched:
      - @ConditionalOnClass found required classes 'jakarta.servlet.Servlet', 'org.springframework.web.multipart.support.StandardServletMultipartResolver', 'jakarta.servlet.MultipartConfigElement' (OnClassCondition)
      - found 'session' scope (OnWebApplicationCondition)
      - @ConditionalOnBooleanProperty (spring.servlet.multipart.enabled=true) matched (OnPropertyCondition)

   MultipartAutoConfiguration#multipartConfigElement matched:
      - @ConditionalOnMissingBean (types: jakarta.servlet.MultipartConfigElement; SearchStrategy: all) did not find any beans (OnBeanCondition)

   MultipartAutoConfiguration#multipartResolver matched:
      - @ConditionalOnMissingBean (types: org.springframework.web.multipart.MultipartResolver; SearchStrategy: all) did not find any beans (OnBeanCondition)

   NamedParameterJdbcTemplateConfiguration matched:
      - @ConditionalOnSingleCandidate (types: org.springframework.jdbc.core.JdbcTemplate; SearchStrategy: all) found a single bean 'jdbcTemplate'; @ConditionalOnMissingBean (types: org.springframework.jdbc.core.namedparam.NamedParameterJdbcOperations; SearchStrategy: all) did not find any beans (OnBeanCondition)

   ObservationAutoConfiguration matched:
      - @ConditionalOnClass found required class 'io.micrometer.observation.ObservationRegistry' (OnClassCondition)

   ObservationAutoConfiguration#observationRegistry matched:
      - @ConditionalOnMissingBean (types: io.micrometer.observation.ObservationRegistry; SearchStrategy: all) did not find any beans (OnBeanCondition)

   ObservationAutoConfiguration#spelValueExpressionResolver matched:
      - @ConditionalOnMissingBean (types: io.micrometer.common.annotation.ValueExpressionResolver; SearchStrategy: all) did not find any beans (OnBeanCondition)

   PersistenceExceptionTranslationAutoConfiguration matched:
      - @ConditionalOnClass found required class 'org.springframework.dao.annotation.PersistenceExceptionTranslationPostProcessor' (OnClassCondition)

   PersistenceExceptionTranslationAutoConfiguration#persistenceExceptionTranslationPostProcessor matched:
      - @ConditionalOnBooleanProperty (spring.persistence.exceptiontranslation.enabled=true) matched (OnPropertyCondition)
      - @ConditionalOnMissingBean (types: org.springframework.dao.annotation.PersistenceExceptionTranslationPostProcessor; SearchStrategy: all) did not find any beans (OnBeanCondition)

   PropertyPlaceholderAutoConfiguration#propertySourcesPlaceholderConfigurer matched:
      - @ConditionalOnMissingBean (types: org.springframework.context.support.PropertySourcesPlaceholderConfigurer; SearchStrategy: current) did not find any beans (OnBeanCondition)

   SbomEndpointAutoConfiguration matched:
      - @ConditionalOnAvailableEndpoint marked as exposed by a 'management.endpoints.web.exposure' property (OnAvailableEndpointCondition)

   SbomEndpointAutoConfiguration#sbomEndpoint matched:
      - @ConditionalOnMissingBean (types: org.springframework.boot.actuate.sbom.SbomEndpoint; SearchStrategy: all) did not find any beans (OnBeanCondition)

   SbomEndpointAutoConfiguration#sbomEndpointWebExtension matched:
      - @ConditionalOnBean (types: org.springframework.boot.actuate.sbom.SbomEndpoint; SearchStrategy: all) found bean 'sbomEndpoint'; @ConditionalOnMissingBean (types: org.springframework.boot.actuate.sbom.SbomEndpointWebExtension; SearchStrategy: all) did not find any beans (OnBeanCondition)
      - @ConditionalOnAvailableEndpoint marked as exposed by a 'management.endpoints.web.exposure' property (OnAvailableEndpointCondition)

   ScheduledTasksEndpointAutoConfiguration matched:
      - @ConditionalOnAvailableEndpoint marked as exposed by a 'management.endpoints.web.exposure' property (OnAvailableEndpointCondition)

   ScheduledTasksEndpointAutoConfiguration#scheduledTasksEndpoint matched:
      - @ConditionalOnMissingBean (types: org.springframework.boot.actuate.scheduling.ScheduledTasksEndpoint; SearchStrategy: all) did not find any beans (OnBeanCondition)

   ScheduledTasksObservationAutoConfiguration matched:
      - @ConditionalOnClass found required class 'org.springframework.scheduling.concurrent.ThreadPoolTaskScheduler' (OnClassCondition)
      - @ConditionalOnBean (types: io.micrometer.observation.ObservationRegistry; SearchStrategy: all) found bean 'observationRegistry' (OnBeanCondition)

   SecurityAutoConfiguration matched:
      - @ConditionalOnClass found required class 'org.springframework.security.authentication.DefaultAuthenticationEventPublisher' (OnClassCondition)

   SecurityAutoConfiguration#authenticationEventPublisher matched:
      - @ConditionalOnMissingBean (types: org.springframework.security.authentication.AuthenticationEventPublisher; SearchStrategy: all) did not find any beans (OnBeanCondition)

   SecurityFilterAutoConfiguration matched:
      - @ConditionalOnClass found required classes 'org.springframework.security.web.context.AbstractSecurityWebApplicationInitializer', 'org.springframework.security.config.http.SessionCreationPolicy' (OnClassCondition)
      - found 'session' scope (OnWebApplicationCondition)

   SecurityFilterAutoConfiguration#securityFilterChainRegistration matched:
      - @ConditionalOnBean (names: springSecurityFilterChain; SearchStrategy: all) found bean 'springSecurityFilterChain' (OnBeanCondition)

   SecurityRequestMatchersManagementContextConfiguration matched:
      - @ConditionalOnClass found required class 'org.springframework.security.web.util.matcher.RequestMatcher' (OnClassCondition)
      - found 'session' scope (OnWebApplicationCondition)

   SecurityRequestMatchersManagementContextConfiguration.MvcRequestMatcherConfiguration matched:
      - @ConditionalOnClass found required class 'org.springframework.web.servlet.DispatcherServlet' (OnClassCondition)
      - @ConditionalOnBean (types: org.springframework.boot.webmvc.autoconfigure.DispatcherServletPath; SearchStrategy: all) found bean 'dispatcherServletRegistration' (OnBeanCondition)

   SecurityRequestMatchersManagementContextConfiguration.MvcRequestMatcherConfiguration#requestMatcherProvider matched:
      - @ConditionalOnMissingBean (types: org.springframework.boot.security.autoconfigure.actuate.web.servlet.RequestMatcherProvider; SearchStrategy: all) did not find any beans (OnBeanCondition)

   ServletEndpointManagementContextConfiguration matched:
      - found 'session' scope (OnWebApplicationCondition)

   ServletManagementContextAutoConfiguration matched:
      - @ConditionalOnClass found required classes 'jakarta.servlet.Servlet', 'org.springframework.boot.actuate.autoconfigure.endpoint.web.WebEndpointProperties' (OnClassCondition)
      - found 'session' scope (OnWebApplicationCondition)

   ServletMappingsAutoConfiguration matched:
      - @ConditionalOnClass found required classes 'org.springframework.boot.actuate.autoconfigure.endpoint.condition.ConditionalOnAvailableEndpoint', 'org.springframework.boot.actuate.web.mappings.MappingsEndpoint' (OnClassCondition)
      - found 'session' scope (OnWebApplicationCondition)
      - @ConditionalOnAvailableEndpoint marked as exposed by a 'management.endpoints.web.exposure' property (OnAvailableEndpointCondition)

   ServletWebSecurityAutoConfiguration matched:
      - @ConditionalOnClass found required class 'org.springframework.security.config.annotation.web.configuration.EnableWebSecurity' (OnClassCondition)
      - found 'session' scope (OnWebApplicationCondition)

   ServletWebSecurityAutoConfiguration.PathPatternRequestMatcherBuilderConfiguration matched:
      - @ConditionalOnClass found required class 'org.springframework.boot.webmvc.autoconfigure.DispatcherServletPath' (OnClassCondition)
      - @ConditionalOnBean (types: org.springframework.boot.webmvc.autoconfigure.DispatcherServletPath; SearchStrategy: all) found bean 'dispatcherServletRegistration' (OnBeanCondition)

   ServletWebSecurityAutoConfiguration.PathPatternRequestMatcherBuilderConfiguration#pathPatternRequestMatcherBuilder matched:
      - @ConditionalOnMissingBean (types: org.springframework.security.web.servlet.util.matcher.PathPatternRequestMatcher$Builder; SearchStrategy: all) did not find any beans (OnBeanCondition)

   SimpleMetricsExportAutoConfiguration matched:
      - @ConditionalOnEnabledMetricsExport management.defaults.metrics.export.enabled is considered true (OnMetricsExportEnabledCondition)
      - @ConditionalOnBean (types: io.micrometer.core.instrument.Clock; SearchStrategy: all) found bean 'micrometerClock'; @ConditionalOnMissingBean (types: io.micrometer.core.instrument.MeterRegistry; SearchStrategy: all) did not find any beans (OnBeanCondition)

   SimpleMetricsExportAutoConfiguration#simpleConfig matched:
      - @ConditionalOnMissingBean (types: io.micrometer.core.instrument.simple.SimpleConfig; SearchStrategy: all) did not find any beans (OnBeanCondition)

   SpringApplicationAdminJmxAutoConfiguration matched:
      - @ConditionalOnBooleanProperty (spring.application.admin.enabled=true) matched (OnPropertyCondition)

   SpringApplicationAdminJmxAutoConfiguration#springApplicationAdminRegistrar matched:
      - @ConditionalOnMissingBean (types: org.springframework.boot.admin.SpringApplicationAdminMXBeanRegistrar; SearchStrategy: all) did not find any beans (OnBeanCondition)

   SslAutoConfiguration#sslBundleRegistry matched:
      - @ConditionalOnMissingBean (types: org.springframework.boot.ssl.SslBundleRegistry,org.springframework.boot.ssl.SslBundles; SearchStrategy: all) did not find any beans (OnBeanCondition)

   SslHealthContributorAutoConfiguration matched:
      - @ConditionalOnClass found required class 'org.springframework.boot.health.contributor.Health' (OnClassCondition)
      - @ConditionalOnEnabledHealthIndicator management.health.defaults.enabled is considered true (OnEnabledHealthIndicatorCondition)

   SslHealthContributorAutoConfiguration#sslHealthIndicator matched:
      - @ConditionalOnMissingBean (names: sslHealthIndicator; SearchStrategy: all) did not find any beans (OnBeanCondition)

   SslHealthContributorAutoConfiguration#sslInfo matched:
      - @ConditionalOnMissingBean (types: org.springframework.boot.info.SslInfo; SearchStrategy: all) did not find any beans (OnBeanCondition)

   SslMetricsAutoConfiguration matched:
      - @ConditionalOnClass found required class 'io.micrometer.core.instrument.MeterRegistry' (OnClassCondition)
      - @ConditionalOnBean (types: io.micrometer.core.instrument.MeterRegistry,org.springframework.boot.ssl.SslBundles; SearchStrategy: all) found beans 'sslBundleRegistry', 'simpleMeterRegistry' (OnBeanCondition)

   StartupTimeMetricsListenerAutoConfiguration matched:
      - @ConditionalOnClass found required class 'io.micrometer.core.instrument.MeterRegistry' (OnClassCondition)
      - @ConditionalOnBean (types: io.micrometer.core.instrument.MeterRegistry; SearchStrategy: all) found bean 'simpleMeterRegistry' (OnBeanCondition)

   StartupTimeMetricsListenerAutoConfiguration#startupTimeMetrics matched:
      - @ConditionalOnMissingBean (types: org.springframework.boot.micrometer.metrics.startup.StartupTimeMetricsListener; SearchStrategy: all) did not find any beans (OnBeanCondition)

   SystemMetricsAutoConfiguration matched:
      - @ConditionalOnClass found required class 'io.micrometer.core.instrument.MeterRegistry' (OnClassCondition)
      - @ConditionalOnBean (types: io.micrometer.core.instrument.MeterRegistry; SearchStrategy: all) found bean 'simpleMeterRegistry' (OnBeanCondition)

   SystemMetricsAutoConfiguration#diskSpaceMetrics matched:
      - @ConditionalOnMissingBean (types: org.springframework.boot.micrometer.metrics.system.DiskSpaceMetricsBinder; SearchStrategy: all) did not find any beans (OnBeanCondition)

   SystemMetricsAutoConfiguration#fileDescriptorMetrics matched:
      - @ConditionalOnMissingBean (types: io.micrometer.core.instrument.binder.system.FileDescriptorMetrics; SearchStrategy: all) did not find any beans (OnBeanCondition)

   SystemMetricsAutoConfiguration#processorMetrics matched:
      - @ConditionalOnMissingBean (types: io.micrometer.core.instrument.binder.system.ProcessorMetrics; SearchStrategy: all) did not find any beans (OnBeanCondition)

   SystemMetricsAutoConfiguration#uptimeMetrics matched:
      - @ConditionalOnMissingBean (types: io.micrometer.core.instrument.binder.system.UptimeMetrics; SearchStrategy: all) did not find any beans (OnBeanCondition)

   TaskExecutionAutoConfiguration matched:
      - @ConditionalOnClass found required class 'org.springframework.scheduling.concurrent.ThreadPoolTaskExecutor' (OnClassCondition)

   TaskExecutorConfigurations.AsyncConfigurerConfiguration matched:
      - @ConditionalOnMissingBean (types: org.springframework.scheduling.annotation.AsyncConfigurer; SearchStrategy: all) did not find any beans (OnBeanCondition)

   TaskExecutorConfigurations.SimpleAsyncTaskExecutorBuilderConfiguration#simpleAsyncTaskExecutorBuilder matched:
      - @ConditionalOnMissingBean (types: org.springframework.boot.task.SimpleAsyncTaskExecutorBuilder; SearchStrategy: all) did not find any beans (OnBeanCondition)
      - @ConditionalOnThreading found PLATFORM (OnThreadingCondition)

   TaskExecutorConfigurations.TaskExecutorConfiguration matched:
      - AnyNestedCondition 1 matched 1 did not; NestedCondition on TaskExecutorConfigurations.OnExecutorCondition.ModelCondition @ConditionalOnProperty (spring.task.execution.mode=force) did not find property 'spring.task.execution.mode'; NestedCondition on TaskExecutorConfigurations.OnExecutorCondition.ExecutorBeanCondition @ConditionalOnMissingBean (types: java.util.concurrent.Executor; SearchStrategy: all) did not find any beans (TaskExecutorConfigurations.OnExecutorCondition)

   TaskExecutorConfigurations.TaskExecutorConfiguration#applicationTaskExecutor matched:
      - @ConditionalOnThreading found PLATFORM (OnThreadingCondition)

   TaskExecutorConfigurations.ThreadPoolTaskExecutorBuilderConfiguration#threadPoolTaskExecutorBuilder matched:
      - @ConditionalOnMissingBean (types: org.springframework.boot.task.ThreadPoolTaskExecutorBuilder; SearchStrategy: all) did not find any beans (OnBeanCondition)

   TaskExecutorMetricsAutoConfiguration matched:
      - @ConditionalOnClass found required class 'io.micrometer.core.instrument.binder.jvm.ExecutorServiceMetrics' (OnClassCondition)
      - @ConditionalOnBean (types: java.util.concurrent.Executor,io.micrometer.core.instrument.MeterRegistry; SearchStrategy: all) found beans 'applicationTaskExecutor', 'simpleMeterRegistry' (OnBeanCondition)

   TaskSchedulingAutoConfiguration matched:
      - @ConditionalOnClass found required class 'org.springframework.scheduling.concurrent.ThreadPoolTaskScheduler' (OnClassCondition)

   TaskSchedulingConfigurations.SimpleAsyncTaskSchedulerBuilderConfiguration#simpleAsyncTaskSchedulerBuilder matched:
      - @ConditionalOnMissingBean (types: org.springframework.boot.task.SimpleAsyncTaskSchedulerBuilder; SearchStrategy: all) did not find any beans (OnBeanCondition)
      - @ConditionalOnThreading found PLATFORM (OnThreadingCondition)

   TaskSchedulingConfigurations.ThreadPoolTaskSchedulerBuilderConfiguration#threadPoolTaskSchedulerBuilder matched:
      - @ConditionalOnMissingBean (types: org.springframework.boot.task.ThreadPoolTaskSchedulerBuilder; SearchStrategy: all) did not find any beans (OnBeanCondition)

   ThreadDumpEndpointAutoConfiguration matched:
      - @ConditionalOnAvailableEndpoint marked as exposed by a 'management.endpoints.web.exposure' property (OnAvailableEndpointCondition)

   ThreadDumpEndpointAutoConfiguration#dumpEndpoint matched:
      - @ConditionalOnMissingBean (types: org.springframework.boot.actuate.management.ThreadDumpEndpoint; SearchStrategy: all) did not find any beans (OnBeanCondition)

   TomcatMetricsAutoConfiguration matched:
      - @ConditionalOnClass found required classes 'io.micrometer.core.instrument.binder.tomcat.TomcatMetrics', 'org.apache.catalina.Manager', 'io.micrometer.core.instrument.MeterRegistry' (OnClassCondition)
      - @ConditionalOnWebApplication (required) found 'session' scope (OnWebApplicationCondition)

   TomcatMetricsAutoConfiguration#tomcatMetricsBinder matched:
      - @ConditionalOnBean (types: io.micrometer.core.instrument.MeterRegistry; SearchStrategy: all) found bean 'simpleMeterRegistry'; @ConditionalOnMissingBean (types: io.micrometer.core.instrument.binder.tomcat.TomcatMetrics,org.springframework.boot.tomcat.metrics.TomcatMetricsBinder; SearchStrategy: all) did not find any beans (OnBeanCondition)

   TomcatServletWebServerAutoConfiguration matched:
      - @ConditionalOnClass found required classes 'jakarta.servlet.ServletRequest', 'org.apache.catalina.startup.Tomcat', 'org.apache.coyote.UpgradeProtocol', 'org.springframework.boot.tomcat.servlet.TomcatServletWebServerFactory' (OnClassCondition)
      - found 'session' scope (OnWebApplicationCondition)

   TomcatServletWebServerAutoConfiguration#tomcatServletWebServerFactory matched:
      - @ConditionalOnMissingBean (types: org.springframework.boot.web.server.servlet.ServletWebServerFactory; SearchStrategy: current) did not find any beans (OnBeanCondition)

   TomcatWebServerConfiguration matched:
      - @ConditionalOnWarDeployment the application is not deployed as a WAR file. (OnWarDeploymentCondition)

   TomcatWebServerConfiguration.TomcatWebSocketConfiguration matched:
      - @ConditionalOnClass found required class 'org.apache.tomcat.websocket.server.WsSci' (OnClassCondition)

   TransactionAutoConfiguration matched:
      - @ConditionalOnClass found required class 'org.springframework.transaction.PlatformTransactionManager' (OnClassCondition)

   TransactionAutoConfiguration.EnableTransactionManagementConfiguration matched:
      - @ConditionalOnBean (types: org.springframework.transaction.TransactionManager; SearchStrategy: all) found bean 'transactionManager'; @ConditionalOnMissingBean (types: org.springframework.transaction.annotation.AbstractTransactionManagementConfiguration; SearchStrategy: all) did not find any beans (OnBeanCondition)

   TransactionAutoConfiguration.EnableTransactionManagementConfiguration.CglibAutoProxyConfiguration matched:
      - @ConditionalOnBooleanProperty (spring.aop.proxy-target-class=true) matched (OnPropertyCondition)

   TransactionAutoConfiguration.TransactionTemplateConfiguration matched:
      - @ConditionalOnSingleCandidate (types: org.springframework.transaction.PlatformTransactionManager; SearchStrategy: all) found a single bean 'transactionManager' (OnBeanCondition)

   TransactionAutoConfiguration.TransactionTemplateConfiguration#transactionTemplate matched:
      - @ConditionalOnMissingBean (types: org.springframework.transaction.support.TransactionOperations; SearchStrategy: all) did not find any beans (OnBeanCondition)

   TransactionManagerCustomizationAutoConfiguration matched:
      - @ConditionalOnClass found required class 'org.springframework.transaction.PlatformTransactionManager' (OnClassCondition)

   TransactionManagerCustomizationAutoConfiguration#platformTransactionManagerCustomizers matched:
      - @ConditionalOnMissingBean (types: org.springframework.boot.transaction.autoconfigure.TransactionManagerCustomizers; SearchStrategy: all) did not find any beans (OnBeanCondition)

   ValidationAutoConfiguration matched:
      - @ConditionalOnClass found required class 'jakarta.validation.executable.ExecutableValidator' (OnClassCondition)
      - @ConditionalOnResource found location classpath:META-INF/services/jakarta.validation.spi.ValidationProvider (OnResourceCondition)

   ValidationAutoConfiguration#defaultValidator matched:
      - @ConditionalOnMissingBean (types: jakarta.validation.Validator; SearchStrategy: all) did not find any beans (OnBeanCondition)

   ValidationAutoConfiguration#methodValidationPostProcessor matched:
      - @ConditionalOnMissingBean (types: org.springframework.validation.beanvalidation.MethodValidationPostProcessor; SearchStrategy: current) did not find any beans (OnBeanCondition)

   WebEndpointAutoConfiguration matched:
      - @ConditionalOnWebApplication (required) found 'session' scope (OnWebApplicationCondition)

   WebEndpointAutoConfiguration#controllerEndpointDiscoverer matched:
      - @ConditionalOnMissingBean (types: org.springframework.boot.actuate.endpoint.web.annotation.ControllerEndpointsSupplier; SearchStrategy: all) did not find any beans (OnBeanCondition)

   WebEndpointAutoConfiguration#endpointMediaTypes matched:
      - @ConditionalOnMissingBean (types: org.springframework.boot.actuate.endpoint.web.EndpointMediaTypes; SearchStrategy: all) did not find any beans (OnBeanCondition)

   WebEndpointAutoConfiguration#pathMappedEndpoints matched:
      - @ConditionalOnMissingBean (types: org.springframework.boot.actuate.endpoint.web.PathMappedEndpoints; SearchStrategy: all) did not find any beans (OnBeanCondition)

   WebEndpointAutoConfiguration#webEndpointDiscoverer matched:
      - @ConditionalOnMissingBean (types: org.springframework.boot.actuate.endpoint.web.WebEndpointsSupplier; SearchStrategy: all) did not find any beans (OnBeanCondition)

   WebEndpointAutoConfiguration.WebEndpointServletConfiguration matched:
      - found 'session' scope (OnWebApplicationCondition)

   WebEndpointAutoConfiguration.WebEndpointServletConfiguration#servletEndpointDiscoverer matched:
      - @ConditionalOnMissingBean (types: org.springframework.boot.actuate.endpoint.web.annotation.ServletEndpointsSupplier; SearchStrategy: all) did not find any beans (OnBeanCondition)

   WebMvcAutoConfiguration matched:
      - @ConditionalOnClass found required classes 'jakarta.servlet.Servlet', 'org.springframework.web.servlet.DispatcherServlet', 'org.springframework.web.servlet.config.annotation.WebMvcConfigurer' (OnClassCondition)
      - found 'session' scope (OnWebApplicationCondition)
      - @ConditionalOnMissingBean (types: org.springframework.web.servlet.config.annotation.WebMvcConfigurationSupport; SearchStrategy: all) did not find any beans (OnBeanCondition)

   WebMvcAutoConfiguration#formContentFilter matched:
      - @ConditionalOnBooleanProperty (spring.mvc.formcontent.filter.enabled=true) matched (OnPropertyCondition)
      - @ConditionalOnMissingBean (types: org.springframework.web.filter.FormContentFilter; SearchStrategy: all) did not find any beans (OnBeanCondition)

   WebMvcAutoConfiguration.EnableWebMvcConfiguration#flashMapManager matched:
      - @ConditionalOnMissingBean (names: flashMapManager; SearchStrategy: all) did not find any beans (OnBeanCondition)

   WebMvcAutoConfiguration.EnableWebMvcConfiguration#localeResolver matched:
      - @ConditionalOnMissingBean (names: localeResolver; SearchStrategy: all) did not find any beans (OnBeanCondition)

   WebMvcAutoConfiguration.EnableWebMvcConfiguration#viewNameTranslator matched:
      - @ConditionalOnMissingBean (names: viewNameTranslator; SearchStrategy: all) did not find any beans (OnBeanCondition)

   WebMvcAutoConfiguration.WebMvcAutoConfigurationAdapter#defaultViewResolver matched:
      - @ConditionalOnMissingBean (types: org.springframework.web.servlet.view.InternalResourceViewResolver; SearchStrategy: all) did not find any beans (OnBeanCondition)

   WebMvcAutoConfiguration.WebMvcAutoConfigurationAdapter#requestContextFilter matched:
      - @ConditionalOnMissingBean (types: org.springframework.web.context.request.RequestContextListener,org.springframework.web.filter.RequestContextFilter; SearchStrategy: all) did not find any beans (OnBeanCondition)

   WebMvcAutoConfiguration.WebMvcAutoConfigurationAdapter#viewResolver matched:
      - @ConditionalOnBean (types: org.springframework.web.servlet.ViewResolver; SearchStrategy: all) found beans 'defaultViewResolver', 'beanNameViewResolver', 'mvcViewResolver'; @ConditionalOnMissingBean (names: viewResolver types: org.springframework.web.servlet.view.ContentNegotiatingViewResolver; SearchStrategy: all) did not find any beans (OnBeanCondition)

   WebMvcEndpointManagementContextConfiguration matched:
      - found 'session' scope (OnWebApplicationCondition)
      - @ConditionalOnBean (types: org.springframework.web.servlet.DispatcherServlet,org.springframework.boot.actuate.endpoint.web.WebEndpointsSupplier; SearchStrategy: all) found beans 'webEndpointDiscoverer', 'dispatcherServlet' (OnBeanCondition)

   WebMvcEndpointManagementContextConfiguration#controllerEndpointHandlerMapping matched:
      - @ConditionalOnMissingBean (types: org.springframework.boot.webmvc.actuate.endpoint.web.ControllerEndpointHandlerMapping; SearchStrategy: all) did not find any beans (OnBeanCondition)

   WebMvcEndpointManagementContextConfiguration#endpointJsonMapperWebMvcConfigurer matched:
      - @ConditionalOnBean (types: org.springframework.boot.actuate.endpoint.jackson.EndpointJsonMapper; SearchStrategy: all) found bean 'endpointJsonMapper' (OnBeanCondition)

   WebMvcEndpointManagementContextConfiguration#webEndpointServletHandlerMapping matched:
      - @ConditionalOnMissingBean (types: org.springframework.boot.webmvc.actuate.endpoint.web.WebMvcEndpointHandlerMapping; SearchStrategy: all) did not find any beans (OnBeanCondition)

   WebMvcEndpointManagementContextConfiguration.HealthConfiguration matched:
      - @ConditionalOnClass found required class 'org.springframework.boot.health.actuate.endpoint.HealthEndpoint' (OnClassCondition)

   WebMvcHealthEndpointExtensionAutoConfiguration matched:
      - @ConditionalOnClass found required class 'org.springframework.boot.health.actuate.endpoint.HealthEndpoint' (OnClassCondition)
      - found 'session' scope (OnWebApplicationCondition)
      - @ConditionalOnAvailableEndpoint marked as exposed by a 'management.endpoints.web.exposure' property (OnAvailableEndpointCondition)
      - @ConditionalOnBean (types: org.springframework.boot.health.actuate.endpoint.HealthEndpoint,org.springframework.boot.actuate.endpoint.web.WebEndpointsSupplier,org.springframework.boot.health.actuate.endpoint.HealthEndpointGroups; SearchStrategy: all) found beans 'webEndpointDiscoverer', 'healthEndpoint', 'healthEndpointGroups' (OnBeanCondition)

   WebMvcMappingsAutoConfiguration matched:
      - @ConditionalOnClass found required classes 'org.springframework.boot.actuate.autoconfigure.endpoint.condition.ConditionalOnAvailableEndpoint', 'org.springframework.web.servlet.DispatcherServlet', 'org.springframework.boot.actuate.web.mappings.MappingsEndpoint' (OnClassCondition)
      - found 'session' scope (OnWebApplicationCondition)
      - @ConditionalOnAvailableEndpoint marked as exposed by a 'management.endpoints.web.exposure' property (OnAvailableEndpointCondition)
      - @ConditionalOnBean (types: org.springframework.web.servlet.DispatcherServlet; SearchStrategy: all) found bean 'dispatcherServlet' (OnBeanCondition)

   WebMvcObservationAutoConfiguration matched:
      - @ConditionalOnClass found required classes 'org.springframework.web.servlet.DispatcherServlet', 'io.micrometer.observation.Observation', 'org.springframework.boot.micrometer.observation.autoconfigure.ObservationProperties' (OnClassCondition)
      - found 'session' scope (OnWebApplicationCondition)
      - @ConditionalOnBean (types: io.micrometer.observation.ObservationRegistry; SearchStrategy: all) found bean 'observationRegistry' (OnBeanCondition)

   WebMvcObservationAutoConfiguration#webMvcObservationFilter matched:
      - @ConditionalOnMissingBean (types: org.springframework.web.filter.ServerHttpObservationFilter; SearchStrategy: all) did not find any beans (OnBeanCondition)

   WebMvcObservationAutoConfiguration.MeterFilterConfiguration matched:
      - @ConditionalOnClass found required classes 'io.micrometer.core.instrument.MeterRegistry', 'org.springframework.boot.micrometer.metrics.autoconfigure.MetricsProperties' (OnClassCondition)
      - @ConditionalOnBean (types: io.micrometer.core.instrument.MeterRegistry; SearchStrategy: all) found bean 'simpleMeterRegistry' (OnBeanCondition)


Negative matches:
-----------------

   AopAutoConfiguration.AspectJAutoProxyingConfiguration:
      Did not match:
         - @ConditionalOnClass did not find required class 'org.aspectj.weaver.Advice' (OnClassCondition)

   AppOpticsMetricsExportAutoConfiguration:
      Did not match:
         - @ConditionalOnClass did not find required class 'io.micrometer.appoptics.AppOpticsMeterRegistry' (OnClassCondition)

   AtlasMetricsExportAutoConfiguration:
      Did not match:
         - @ConditionalOnClass did not find required class 'io.micrometer.atlas.AtlasMeterRegistry' (OnClassCondition)

   AuditAutoConfiguration:
      Did not match:
         - @ConditionalOnBean (types: org.springframework.boot.actuate.audit.AuditEventRepository; SearchStrategy: all) did not find any beans of type org.springframework.boot.actuate.audit.AuditEventRepository (OnBeanCondition)
      Matched:
         - @ConditionalOnBooleanProperty (management.auditevents.enabled=true) matched (OnPropertyCondition)

   AuditEventsEndpointAutoConfiguration#auditEventsEndpoint:
      Did not match:
         - @ConditionalOnBean (types: org.springframework.boot.actuate.audit.AuditEventRepository; SearchStrategy: all) did not find any beans of type org.springframework.boot.actuate.audit.AuditEventRepository (OnBeanCondition)

   AvailabilityHealthContributorAutoConfiguration#livenessStateHealthIndicator:
      Did not match:
         - @ConditionalOnBooleanProperty (management.health.livenessstate.enabled=true) did not find property 'management.health.livenessstate.enabled' (OnPropertyCondition)

   AvailabilityHealthContributorAutoConfiguration#readinessStateHealthIndicator:
      Did not match:
         - @ConditionalOnBooleanProperty (management.health.readinessstate.enabled=true) did not find property 'management.health.readinessstate.enabled' (OnPropertyCondition)

   CompositeMeterRegistryConfiguration:
      Did not match:
         - NoneNestedConditions 1 matched 1 did not; NestedCondition on CompositeMeterRegistryConfiguration.MultipleNonPrimaryMeterRegistriesCondition.SingleInjectableMeterRegistry @ConditionalOnSingleCandidate (types: io.micrometer.core.instrument.MeterRegistry; SearchStrategy: all) found a single bean 'simpleMeterRegistry'; NestedCondition on CompositeMeterRegistryConfiguration.MultipleNonPrimaryMeterRegistriesCondition.NoMeterRegistryCondition @ConditionalOnMissingBean (types: io.micrometer.core.instrument.MeterRegistry; SearchStrategy: all) found beans of type 'io.micrometer.core.instrument.MeterRegistry' simpleMeterRegistry (CompositeMeterRegistryConfiguration.MultipleNonPrimaryMeterRegistriesCondition)

   DataSourceAutoConfiguration.EmbeddedDatabaseConfiguration:
      Did not match:
         - EmbeddedDataSource found supported pooled data source (DataSourceAutoConfiguration.EmbeddedDatabaseCondition)

   DataSourceCheckpointRestoreConfiguration:
      Did not match:
         - @ConditionalOnClass did not find required class 'org.crac.Resource' (OnClassCondition)

   DataSourceConfiguration.Dbcp2:
      Did not match:
         - @ConditionalOnClass did not find required class 'org.apache.commons.dbcp2.BasicDataSource' (OnClassCondition)

   DataSourceConfiguration.Generic:
      Did not match:
         - @ConditionalOnProperty (spring.datasource.type) did not find property 'spring.datasource.type' (OnPropertyCondition)

   DataSourceConfiguration.OracleUcp:
      Did not match:
         - @ConditionalOnClass did not find required classes 'oracle.ucp.jdbc.PoolDataSourceImpl', 'oracle.jdbc.OracleConnection' (OnClassCondition)

   DataSourceConfiguration.Tomcat:
      Did not match:
         - @ConditionalOnClass did not find required class 'org.apache.tomcat.jdbc.pool.DataSource' (OnClassCondition)

   DataSourceJmxConfiguration.TomcatDataSourceJmxConfiguration:
      Did not match:
         - @ConditionalOnClass did not find required class 'org.apache.tomcat.jdbc.pool.DataSourceProxy' (OnClassCondition)

   DataSourcePoolMetadataProvidersConfiguration.CommonsDbcp2PoolDataSourceMetadataProviderConfiguration:
      Did not match:
         - @ConditionalOnClass did not find required class 'org.apache.commons.dbcp2.BasicDataSource' (OnClassCondition)

   DataSourcePoolMetadataProvidersConfiguration.OracleUcpPoolDataSourceMetadataProviderConfiguration:
      Did not match:
         - @ConditionalOnClass did not find required classes 'oracle.ucp.jdbc.PoolDataSource', 'oracle.jdbc.OracleConnection' (OnClassCondition)

   DataSourcePoolMetadataProvidersConfiguration.TomcatDataSourcePoolMetadataProviderConfiguration:
      Did not match:
         - @ConditionalOnClass did not find required class 'org.apache.tomcat.jdbc.pool.DataSource' (OnClassCondition)

   DatadogMetricsExportAutoConfiguration:
      Did not match:
         - @ConditionalOnClass did not find required class 'io.micrometer.datadog.DatadogMeterRegistry' (OnClassCondition)

   DispatcherServletAutoConfiguration.DispatcherServletConfiguration#multipartResolver:
      Did not match:
         - @ConditionalOnBean (types: org.springframework.web.multipart.MultipartResolver; SearchStrategy: all) did not find any beans of type org.springframework.web.multipart.MultipartResolver (OnBeanCondition)

   DynatraceMetricsExportAutoConfiguration:
      Did not match:
         - @ConditionalOnClass did not find required class 'io.micrometer.dynatrace.DynatraceMeterRegistry' (OnClassCondition)

   ElasticMetricsExportAutoConfiguration:
      Did not match:
         - @ConditionalOnClass did not find required class 'io.micrometer.elastic.ElasticMeterRegistry' (OnClassCondition)

   GangliaMetricsExportAutoConfiguration:
      Did not match:
         - @ConditionalOnClass did not find required class 'io.micrometer.ganglia.GangliaMeterRegistry' (OnClassCondition)

   GraphiteMetricsExportAutoConfiguration:
      Did not match:
         - @ConditionalOnClass did not find required class 'io.micrometer.graphite.GraphiteMeterRegistry' (OnClassCondition)

   GsonHttpMessageConvertersConfiguration:
      Did not match:
         - @ConditionalOnClass did not find required class 'com.google.gson.Gson' (OnClassCondition)

   H2ConsoleAutoConfiguration:
      Did not match:
         - @ConditionalOnBooleanProperty (spring.h2.console.enabled=true) did not find property 'spring.h2.console.enabled' (OnPropertyCondition)
      Matched:
         - @ConditionalOnClass found required class 'org.h2.server.web.JakartaWebServlet' (OnClassCondition)
         - found 'session' scope (OnWebApplicationCondition)

   HealthContributorRegistryAutoConfiguration.ReactiveHealthContributorRegistryConfiguration:
      Did not match:
         - @ConditionalOnClass did not find required class 'reactor.core.publisher.Flux' (OnClassCondition)

   HealthEndpointReactiveWebExtensionConfiguration:
      Did not match:
         - did not find reactive web application classes (OnWebApplicationCondition)

   HeapDumpWebEndpointAutoConfiguration:
      Did not match:
         - @ConditionalOnAvailableEndpoint the configured access for endpoint 'heapdump' is NONE (OnAvailableEndpointCondition)

   HttpExchangesEndpointAutoConfiguration#httpExchangesEndpoint:
      Did not match:
         - @ConditionalOnBean (types: org.springframework.boot.actuate.web.exchanges.HttpExchangeRepository; SearchStrategy: all) did not find any beans of type org.springframework.boot.actuate.web.exchanges.HttpExchangeRepository (OnBeanCondition)

   HumioMetricsExportAutoConfiguration:
      Did not match:
         - @ConditionalOnClass did not find required class 'io.micrometer.humio.HumioMeterRegistry' (OnClassCondition)

   InfluxMetricsExportAutoConfiguration:
      Did not match:
         - @ConditionalOnClass did not find required class 'io.micrometer.influx.InfluxMeterRegistry' (OnClassCondition)

   InfoContributorAutoConfiguration#buildInfoContributor:
      Did not match:
         - @ConditionalOnSingleCandidate (types: org.springframework.boot.info.BuildProperties; SearchStrategy: all) did not find any beans (OnBeanCondition)
      Matched:
         - @ConditionalOnEnabledInfoContributor management.info.defaults.enabled is considered true (OnEnabledInfoContributorCondition)

   InfoContributorAutoConfiguration#envInfoContributor:
      Did not match:
         - @ConditionalOnEnabledInfoContributor management.info.env.enabled is not true (OnEnabledInfoContributorCondition)

   InfoContributorAutoConfiguration#gitInfoContributor:
      Did not match:
         - @ConditionalOnSingleCandidate (types: org.springframework.boot.info.GitProperties; SearchStrategy: all) did not find any beans (OnBeanCondition)
      Matched:
         - @ConditionalOnEnabledInfoContributor management.info.defaults.enabled is considered true (OnEnabledInfoContributorCondition)

   InfoContributorAutoConfiguration#javaInfoContributor:
      Did not match:
         - @ConditionalOnEnabledInfoContributor management.info.java.enabled is not true (OnEnabledInfoContributorCondition)

   InfoContributorAutoConfiguration#osInfoContributor:
      Did not match:
         - @ConditionalOnEnabledInfoContributor management.info.os.enabled is not true (OnEnabledInfoContributorCondition)

   InfoContributorAutoConfiguration#processInfoContributor:
      Did not match:
         - @ConditionalOnEnabledInfoContributor management.info.process.enabled is not true (OnEnabledInfoContributorCondition)

   InfoContributorAutoConfiguration#sslInfo:
      Did not match:
         - @ConditionalOnEnabledInfoContributor management.info.ssl.enabled is not true (OnEnabledInfoContributorCondition)
      Matched:
         - @ConditionalOnMissingBean (types: org.springframework.boot.info.SslInfo; SearchStrategy: all) did not find any beans (OnBeanCondition)

   InfoContributorAutoConfiguration#sslInfoContributor:
      Did not match:
         - @ConditionalOnEnabledInfoContributor management.info.ssl.enabled is not true (OnEnabledInfoContributorCondition)

   Jackson2EndpointAutoConfiguration:
      Did not match:
         - @ConditionalOnClass did not find required class 'com.fasterxml.jackson.databind.ObjectMapper' (OnClassCondition)

   Jackson2HttpMessageConvertersConfiguration.MappingJackson2HttpMessageConverterConfiguration:
      Did not match:
         - @ConditionalOnClass did not find required class 'com.fasterxml.jackson.databind.ObjectMapper' (OnClassCondition)

   Jackson2HttpMessageConvertersConfiguration.MappingJackson2XmlHttpMessageConverterConfiguration:
      Did not match:
         - @ConditionalOnClass did not find required class 'com.fasterxml.jackson.dataformat.xml.XmlMapper' (OnClassCondition)

   JacksonAutoConfiguration.CborConfiguration:
      Did not match:
         - @ConditionalOnClass did not find required class 'tools.jackson.dataformat.cbor.CBORMapper' (OnClassCondition)

   JacksonAutoConfiguration.XmlConfiguration:
      Did not match:
         - @ConditionalOnClass did not find required class 'tools.jackson.dataformat.xml.XmlMapper' (OnClassCondition)

   JacksonHttpMessageConvertersConfiguration.JacksonXmlHttpMessageConverterConfiguration:
      Did not match:
         - @ConditionalOnClass did not find required class 'tools.jackson.dataformat.xml.XmlMapper' (OnClassCondition)

   JmxEndpointAutoConfiguration.JmxJackson2EndpointConfiguration:
      Did not match:
         - @ConditionalOnClass did not find required class 'com.fasterxml.jackson.databind.ObjectMapper' (OnClassCondition)

   JmxMetricsExportAutoConfiguration:
      Did not match:
         - @ConditionalOnClass did not find required class 'io.micrometer.jmx.JmxMeterRegistry' (OnClassCondition)

   JndiDataSourceAutoConfiguration:
      Did not match:
         - @ConditionalOnProperty (spring.datasource.jndi-name) did not find property 'spring.datasource.jndi-name' (OnPropertyCondition)
      Matched:
         - @ConditionalOnClass found required classes 'javax.sql.DataSource', 'org.springframework.jdbc.datasource.embedded.EmbeddedDatabaseType' (OnClassCondition)

   JsonbHttpMessageConvertersConfiguration:
      Did not match:
         - @ConditionalOnClass did not find required class 'jakarta.json.bind.Jsonb' (OnClassCondition)

   JtaAutoConfiguration:
      Did not match:
         - @ConditionalOnClass did not find required class 'jakarta.transaction.Transaction' (OnClassCondition)

   JvmMetricsAutoConfiguration.VirtualThreadMetricsConfiguration:
      Did not match:
         - @ConditionalOnClass did not find required class 'io.micrometer.java21.instrument.binder.jdk.VirtualThreadMetrics' (OnClassCondition)

   KairosMetricsExportAutoConfiguration:
      Did not match:
         - @ConditionalOnClass did not find required class 'io.micrometer.kairos.KairosMeterRegistry' (OnClassCondition)

   KotlinSerializationHttpMessageConvertersConfiguration:
      Did not match:
         - @ConditionalOnClass did not find required classes 'kotlinx.serialization.Serializable', 'kotlinx.serialization.json.Json' (OnClassCondition)

   Log4J2MetricsAutoConfiguration:
      Did not match:
         - @ConditionalOnClass did not find required class 'org.apache.logging.log4j.core.LoggerContext' (OnClassCondition)

   ManagementContextAutoConfiguration.DifferentManagementContextConfiguration:
      Did not match:
         - Management Port actual port type (SAME) did not match required type (DIFFERENT) (OnManagementPortCondition)

   ManagementWebSecurityAutoConfiguration:
      Did not match:
         - AllNestedConditions 1 matched 1 did not; NestedCondition on DefaultWebSecurityCondition.Beans @ConditionalOnMissingBean (types: org.springframework.security.web.SecurityFilterChain; SearchStrategy: all) found beans of type 'org.springframework.security.web.SecurityFilterChain' securityFilterChain; NestedCondition on DefaultWebSecurityCondition.Classes @ConditionalOnClass found required classes 'org.springframework.security.web.SecurityFilterChain', 'org.springframework.security.config.annotation.web.builders.HttpSecurity' (DefaultWebSecurityCondition)
      Matched:
         - @ConditionalOnClass found required classes 'org.springframework.security.web.util.matcher.RequestMatcher', 'org.springframework.boot.actuate.autoconfigure.endpoint.web.WebEndpointAutoConfiguration' (OnClassCondition)
         - found 'session' scope (OnWebApplicationCondition)

   MessageSourceAutoConfiguration:
      Did not match:
         - ResourceBundle did not find bundle with basename messages (MessageSourceAutoConfiguration.ResourceBundleCondition)

   MetricsAspectsAutoConfiguration:
      Did not match:
         - @ConditionalOnClass did not find required class 'org.aspectj.weaver.Advice' (OnClassCondition)

   NewRelicMetricsExportAutoConfiguration:
      Did not match:
         - @ConditionalOnClass did not find required class 'io.micrometer.newrelic.NewRelicMeterRegistry' (OnClassCondition)

   NoOpMeterRegistryConfiguration:
      Did not match:
         - @ConditionalOnMissingBean (types: io.micrometer.core.instrument.MeterRegistry; SearchStrategy: all) found beans of type 'io.micrometer.core.instrument.MeterRegistry' simpleMeterRegistry (OnBeanCondition)

   ObservationAutoConfiguration.ObservedAspectConfiguration:
      Did not match:
         - @ConditionalOnClass did not find required class 'org.aspectj.weaver.Advice' (OnClassCondition)

   OtlpMetricsExportAutoConfiguration:
      Did not match:
         - @ConditionalOnClass did not find required class 'io.micrometer.registry.otlp.OtlpMeterRegistry' (OnClassCondition)

   ProjectInfoAutoConfiguration#buildProperties:
      Did not match:
         - @ConditionalOnResource did not find resource '${spring.info.build.location:classpath:META-INF/build-info.properties}' (OnResourceCondition)

   ProjectInfoAutoConfiguration#gitProperties:
      Did not match:
         - GitResource did not find git info at classpath:git.properties (ProjectInfoAutoConfiguration.GitResourceAvailableCondition)

   PrometheusMetricsExportAutoConfiguration:
      Did not match:
         - @ConditionalOnClass did not find required class 'io.micrometer.prometheusmetrics.PrometheusMeterRegistry' (OnClassCondition)

   RSocketSecurityAutoConfiguration:
      Did not match:
         - @ConditionalOnClass did not find required class 'org.springframework.boot.rsocket.server.RSocketServerCustomizer' (OnClassCondition)

   ReactiveManagementWebSecurityAutoConfiguration:
      Did not match:
         - @ConditionalOnWebApplication did not find reactive web application classes (OnWebApplicationCondition)

   ReactiveUserDetailsServiceAutoConfiguration:
      Did not match:
         - AnyNestedCondition 0 matched 2 did not; NestedCondition on ReactiveUserDetailsServiceAutoConfiguration.RSocketEnabledOrReactiveWebApplication.ReactiveWebApplicationCondition did not find reactive web application classes; NestedCondition on ReactiveUserDetailsServiceAutoConfiguration.RSocketEnabledOrReactiveWebApplication.RSocketSecurityEnabledCondition @ConditionalOnBean (types: org.springframework.messaging.rsocket.annotation.support.RSocketMessageHandler; SearchStrategy: all) did not find any beans of type org.springframework.messaging.rsocket.annotation.support.RSocketMessageHandler (ReactiveUserDetailsServiceAutoConfiguration.RSocketEnabledOrReactiveWebApplication)
      Matched:
         - @ConditionalOnClass found required class 'org.springframework.security.authentication.ReactiveAuthenticationManager' (OnClassCondition)
         - AnyNestedCondition 1 matched 2 did not; NestedCondition on MissingAlternativeUserDetailsManagerOrUserPropertiesConfigured.PasswordConfigured @ConditionalOnProperty (spring.security.user.password) did not find property 'spring.security.user.password'; NestedCondition on MissingAlternativeUserDetailsManagerOrUserPropertiesConfigured.NameConfigured @ConditionalOnProperty (spring.security.user.name) did not find property 'spring.security.user.name'; NestedCondition on MissingAlternativeUserDetailsManagerOrUserPropertiesConfigured.MissingAlternative @ConditionalOnMissingClass did not find unwanted classes 'org.springframework.security.oauth2.client.registration.ClientRegistrationRepository', 'org.springframework.security.oauth2.server.resource.introspection.OpaqueTokenIntrospector', 'org.springframework.security.saml2.provider.service.registration.RelyingPartyRegistrationRepository' (MissingAlternativeUserDetailsManagerOrUserPropertiesConfigured)

   ReactiveWebSecurityAutoConfiguration:
      Did not match:
         - @ConditionalOnClass did not find required class 'reactor.core.publisher.Flux' (OnClassCondition)

   SecurityAutoConfiguration.SecurityDataConfiguration:
      Did not match:
         - @ConditionalOnClass did not find required class 'org.springframework.security.data.repository.query.SecurityEvaluationContextExtension' (OnClassCondition)

   SecurityRequestMatchersManagementContextConfiguration.JerseyRequestMatcherConfiguration:
      Did not match:
         - @ConditionalOnClass did not find required class 'org.glassfish.jersey.server.ResourceConfig' (OnClassCondition)

   ServletHttpExchangesAutoConfiguration:
      Did not match:
         - @ConditionalOnBean (types: org.springframework.boot.actuate.web.exchanges.HttpExchangeRepository; SearchStrategy: all) did not find any beans of type org.springframework.boot.actuate.web.exchanges.HttpExchangeRepository (OnBeanCondition)
      Matched:
         - found 'session' scope (OnWebApplicationCondition)
         - @ConditionalOnBooleanProperty (management.httpexchanges.recording.enabled=true) matched (OnPropertyCondition)

   ServletManagementContextAutoConfiguration.ApplicationContextFilterConfiguration:
      Did not match:
         - @ConditionalOnBooleanProperty (management.server.add-application-context-header=true) did not find property 'management.server.add-application-context-header' (OnPropertyCondition)

   ServletWebSecurityAutoConfiguration.EnableWebSecurityConfiguration:
      Did not match:
         - @ConditionalOnMissingBean (names: springSecurityFilterChain; SearchStrategy: all) found beans named springSecurityFilterChain (OnBeanCondition)
      Matched:
         - @ConditionalOnClass found required class 'org.springframework.security.config.annotation.web.configuration.EnableWebSecurity' (OnClassCondition)

   ServletWebSecurityAutoConfiguration.SecurityFilterChainConfiguration:
      Did not match:
         - AllNestedConditions 1 matched 1 did not; NestedCondition on DefaultWebSecurityCondition.Beans @ConditionalOnMissingBean (types: org.springframework.security.web.SecurityFilterChain; SearchStrategy: all) found beans of type 'org.springframework.security.web.SecurityFilterChain' securityFilterChain; NestedCondition on DefaultWebSecurityCondition.Classes @ConditionalOnClass found required classes 'org.springframework.security.web.SecurityFilterChain', 'org.springframework.security.config.annotation.web.builders.HttpSecurity' (DefaultWebSecurityCondition)

   ServletWebServerConfiguration#forwardedHeaderFilter:
      Did not match:
         - @ConditionalOnProperty (server.forward-headers-strategy=framework) did not find property 'server.forward-headers-strategy' (OnPropertyCondition)

   ShutdownEndpointAutoConfiguration:
      Did not match:
         - @ConditionalOnAvailableEndpoint the configured access for endpoint 'shutdown' is NONE (OnAvailableEndpointCondition)

   StackdriverMetricsExportAutoConfiguration:
      Did not match:
         - @ConditionalOnClass did not find required class 'io.micrometer.stackdriver.StackdriverMeterRegistry' (OnClassCondition)

   StartupEndpointAutoConfiguration:
      Did not match:
         - ApplicationStartup configured applicationStartup is of type class org.springframework.core.metrics.DefaultApplicationStartup, expected BufferingApplicationStartup. (StartupEndpointAutoConfiguration.ApplicationStartupCondition)

   StatsdMetricsExportAutoConfiguration:
      Did not match:
         - @ConditionalOnClass did not find required class 'io.micrometer.statsd.StatsdMeterRegistry' (OnClassCondition)

   TaskExecutorConfigurations.AsyncConfigurerWrapperConfiguration:
      Did not match:
         - @ConditionalOnBean (types: org.springframework.scheduling.annotation.AsyncConfigurer; SearchStrategy: all) did not find any beans of type org.springframework.scheduling.annotation.AsyncConfigurer (OnBeanCondition)

   TaskExecutorConfigurations.SimpleAsyncTaskExecutorBuilderConfiguration#simpleAsyncTaskExecutorBuilderVirtualThreads:
      Did not match:
         - @ConditionalOnMissingBean (types: org.springframework.boot.task.SimpleAsyncTaskExecutorBuilder; SearchStrategy: all) found beans of type 'org.springframework.boot.task.SimpleAsyncTaskExecutorBuilder' simpleAsyncTaskExecutorBuilder (OnBeanCondition)

   TaskExecutorConfigurations.TaskExecutorConfiguration#applicationTaskExecutorVirtualThreads:
      Did not match:
         - @ConditionalOnThreading did not find VIRTUAL (OnThreadingCondition)

   TaskSchedulingAutoConfiguration#scheduledBeanLazyInitializationExcludeFilter:
      Did not match:
         - @ConditionalOnBean (names: org.springframework.scheduling.config.internalScheduledAnnotationProcessor; SearchStrategy: all) did not find any beans named org.springframework.scheduling.config.internalScheduledAnnotationProcessor (OnBeanCondition)

   TaskSchedulingConfigurations.SimpleAsyncTaskSchedulerBuilderConfiguration#simpleAsyncTaskSchedulerBuilderVirtualThreads:
      Did not match:
         - @ConditionalOnMissingBean (types: org.springframework.boot.task.SimpleAsyncTaskSchedulerBuilder; SearchStrategy: all) found beans of type 'org.springframework.boot.task.SimpleAsyncTaskSchedulerBuilder' simpleAsyncTaskSchedulerBuilder (OnBeanCondition)

   TaskSchedulingConfigurations.TaskSchedulerConfiguration:
      Did not match:
         - @ConditionalOnBean (names: org.springframework.scheduling.config.internalScheduledAnnotationProcessor; SearchStrategy: all) did not find any beans named org.springframework.scheduling.config.internalScheduledAnnotationProcessor (OnBeanCondition)

   TomcatReactiveManagementContextAutoConfiguration:
      Did not match:
         - @ConditionalOnWebApplication did not find reactive web application classes (OnWebApplicationCondition)

   TomcatReactiveWebServerAutoConfiguration:
      Did not match:
         - @ConditionalOnWebApplication did not find reactive web application classes (OnWebApplicationCondition)

   TomcatServletManagementContextAutoConfiguration:
      Did not match:
         - Management Port actual port type (SAME) did not match required type (DIFFERENT) (OnManagementPortCondition)
      Matched:
         - @ConditionalOnClass found required class 'org.springframework.boot.actuate.autoconfigure.web.server.ManagementContextFactory' (OnClassCondition)
         - found 'session' scope (OnWebApplicationCondition)

   TomcatServletWebServerAutoConfiguration#tomcatForwardedHeaderFilterCustomizer:
      Did not match:
         - @ConditionalOnProperty (server.forward-headers-strategy=framework) did not find property 'server.forward-headers-strategy' (OnPropertyCondition)

   TomcatWebServerConfiguration#tomcatVirtualThreadsProtocolHandlerCustomizer:
      Did not match:
         - @ConditionalOnThreading did not find VIRTUAL (OnThreadingCondition)

   TransactionAutoConfiguration#transactionalOperator:
      Did not match:
         - @ConditionalOnSingleCandidate (types: org.springframework.transaction.ReactiveTransactionManager; SearchStrategy: all) did not find any beans (OnBeanCondition)

   TransactionAutoConfiguration.AspectJTransactionManagementConfiguration:
      Did not match:
         - @ConditionalOnBean did not find required type 'org.springframework.transaction.aspectj.AbstractTransactionAspect' (OnBeanCondition)
         - @ConditionalOnBean (types: org.springframework.transaction.aspectj.AbstractTransactionAspect; SearchStrategy: all) did not find any beans of type org.springframework.transaction.aspectj.AbstractTransactionAspect (OnBeanCondition)

   TransactionAutoConfiguration.EnableTransactionManagementConfiguration.JdkDynamicAutoProxyConfiguration:
      Did not match:
         - @ConditionalOnBooleanProperty (spring.aop.proxy-target-class=false) did not find property 'spring.aop.proxy-target-class' (OnPropertyCondition)

   UserDetailsServiceAutoConfiguration:
      Did not match:
         - @ConditionalOnMissingBean (types: org.springframework.security.authentication.AuthenticationManager,org.springframework.security.authentication.AuthenticationProvider,org.springframework.security.core.userdetails.UserDetailsService,org.springframework.security.authentication.AuthenticationManagerResolver,org.springframework.security.oauth2.jwt.JwtDecoder; SearchStrategy: all) found beans of type 'org.springframework.security.core.userdetails.UserDetailsService' appUserDetailsService (OnBeanCondition)
      Matched:
         - @ConditionalOnClass found required class 'org.springframework.security.authentication.AuthenticationManager' (OnClassCondition)
         - found 'session' scope (OnWebApplicationCondition)
         - AnyNestedCondition 1 matched 2 did not; NestedCondition on MissingAlternativeUserDetailsManagerOrUserPropertiesConfigured.PasswordConfigured @ConditionalOnProperty (spring.security.user.password) did not find property 'spring.security.user.password'; NestedCondition on MissingAlternativeUserDetailsManagerOrUserPropertiesConfigured.NameConfigured @ConditionalOnProperty (spring.security.user.name) did not find property 'spring.security.user.name'; NestedCondition on MissingAlternativeUserDetailsManagerOrUserPropertiesConfigured.MissingAlternative @ConditionalOnMissingClass did not find unwanted classes 'org.springframework.security.oauth2.client.registration.ClientRegistrationRepository', 'org.springframework.security.oauth2.server.resource.introspection.OpaqueTokenIntrospector', 'org.springframework.security.saml2.provider.service.registration.RelyingPartyRegistrationRepository' (MissingAlternativeUserDetailsManagerOrUserPropertiesConfigured)

   WebMvcAutoConfiguration#hiddenHttpMethodFilter:
      Did not match:
         - @ConditionalOnBooleanProperty (spring.mvc.hiddenmethod.filter.enabled=true) did not find property 'spring.mvc.hiddenmethod.filter.enabled' (OnPropertyCondition)

   WebMvcAutoConfiguration.ProblemDetailsErrorHandlingConfiguration:
      Did not match:
         - @ConditionalOnBooleanProperty (spring.mvc.problemdetails.enabled=true) did not find property 'spring.mvc.problemdetails.enabled' (OnPropertyCondition)

   WebMvcAutoConfiguration.ResourceChainCustomizerConfiguration:
      Did not match:
         - @ConditionalOnEnabledResourceChain did not find class org.webjars.WebJarVersionLocator (OnEnabledResourceChainCondition)

   WebMvcAutoConfiguration.WebMvcAutoConfigurationAdapter#beanNameViewResolver:
      Did not match:
         - @ConditionalOnMissingBean (types: org.springframework.web.servlet.view.BeanNameViewResolver; SearchStrategy: all) found beans of type 'org.springframework.web.servlet.view.BeanNameViewResolver' beanNameViewResolver (OnBeanCondition)

   WebMvcEndpointManagementContextConfiguration#endpointJackson2ObjectMapperWebMvcConfigurer:
      Did not match:
         - @ConditionalOnBean (types: org.springframework.boot.actuate.endpoint.jackson.EndpointJackson2ObjectMapper; SearchStrategy: all) did not find any beans of type org.springframework.boot.actuate.endpoint.jackson.EndpointJackson2ObjectMapper (OnBeanCondition)

   WebMvcEndpointManagementContextConfiguration.HealthConfiguration#managementHealthEndpointWebMvcHandlerMapping:
      Did not match:
         - Management Port actual port type (SAME) did not match required type (DIFFERENT) (OnManagementPortCondition)

   XADataSourceAutoConfiguration:
      Did not match:
         - @ConditionalOnClass did not find required class 'jakarta.transaction.TransactionManager' (OnClassCondition)


Exclusions:
-----------

    None


Unconditional classes:
----------------------

    org.springframework.boot.health.autoconfigure.registry.HealthContributorRegistryAutoConfiguration

    org.springframework.boot.autoconfigure.context.ConfigurationPropertiesAutoConfiguration

    org.springframework.boot.autoconfigure.ssl.SslAutoConfiguration

    org.springframework.boot.actuate.autoconfigure.info.InfoContributorAutoConfiguration

    org.springframework.boot.autoconfigure.context.PropertyPlaceholderAutoConfiguration

    org.springframework.boot.autoconfigure.context.LifecycleAutoConfiguration

    org.springframework.boot.actuate.autoconfigure.endpoint.EndpointAutoConfiguration

    org.springframework.boot.health.autoconfigure.contributor.HealthContributorAutoConfiguration

    org.springframework.boot.autoconfigure.availability.ApplicationAvailabilityAutoConfiguration

    org.springframework.boot.autoconfigure.info.ProjectInfoAutoConfiguration

    org.springframework.boot.actuate.autoconfigure.web.server.ManagementContextAutoConfiguration



2026-06-10T22:32:03.280-05:00  INFO 4296 --- [practice-basic-auth] [main] o.b.s.p.PracticeBasicAuthApplication     : Started PracticeBasicAuthApplication in 3.038 seconds (process running for 3.733)
2026-06-10T22:32:03.284-05:00 DEBUG 4296 --- [practice-basic-auth] [main] o.s.b.a.ApplicationAvailabilityBean      : Application availability state LivenessState changed to CORRECT
2026-06-10T22:32:03.286-05:00 DEBUG 4296 --- [practice-basic-auth] [main] o.s.b.a.ApplicationAvailabilityBean      : Application availability state ReadinessState changed to ACCEPTING_TRAFFIC
2026-06-10T22:32:03.638-05:00 DEBUG 4296 --- [practice-basic-auth] [RMI TCP Connection(4)-192.168.27.1] o.s.jdbc.datasource.DataSourceUtils      : Fetching JDBC Connection from DataSource
2026-06-10T22:32:03.638-05:00 DEBUG 4296 --- [practice-basic-auth] [RMI TCP Connection(4)-192.168.27.1] o.s.jdbc.datasource.DataSourceUtils      : Fetching JDBC Connection from DataSource
2026-06-10T22:32:03.639-05:00  INFO 4296 --- [practice-basic-auth] [RMI TCP Connection(3)-192.168.27.1] o.a.c.c.C.[Tomcat].[localhost].[/]       : Initializing Spring DispatcherServlet 'dispatcherServlet'
2026-06-10T22:32:03.639-05:00  INFO 4296 --- [practice-basic-auth] [RMI TCP Connection(3)-192.168.27.1] o.s.web.servlet.DispatcherServlet        : Initializing Servlet 'dispatcherServlet'
2026-06-10T22:32:03.639-05:00 DEBUG 4296 --- [practice-basic-auth] [RMI TCP Connection(3)-192.168.27.1] o.s.web.servlet.DispatcherServlet        : Detected StandardServletMultipartResolver
2026-06-10T22:32:03.639-05:00 DEBUG 4296 --- [practice-basic-auth] [RMI TCP Connection(3)-192.168.27.1] o.s.web.servlet.DispatcherServlet        : Detected AcceptHeaderLocaleResolver
2026-06-10T22:32:03.641-05:00 DEBUG 4296 --- [practice-basic-auth] [RMI TCP Connection(3)-192.168.27.1] o.s.web.servlet.DispatcherServlet        : Detected org.springframework.web.servlet.view.DefaultRequestToViewNameTranslator@11cee374
2026-06-10T22:32:03.641-05:00 DEBUG 4296 --- [practice-basic-auth] [RMI TCP Connection(3)-192.168.27.1] o.s.web.servlet.DispatcherServlet        : Detected org.springframework.web.servlet.support.SessionFlashMapManager@72ceea73
2026-06-10T22:32:03.641-05:00 DEBUG 4296 --- [practice-basic-auth] [RMI TCP Connection(3)-192.168.27.1] o.s.web.servlet.DispatcherServlet        : enableLoggingRequestDetails='false': request parameters and headers will be masked to prevent unsafe logging of potentially sensitive data
2026-06-10T22:32:03.641-05:00  INFO 4296 --- [practice-basic-auth] [RMI TCP Connection(3)-192.168.27.1] o.s.web.servlet.DispatcherServlet        : Completed initialization in 2 ms
2026-06-10T22:33:43.729-05:00 TRACE 4296 --- [practice-basic-auth] [http-nio-8080-exec-1] o.s.security.web.FilterChainProxy        : Trying to match request against DefaultSecurityFilterChain defined as 'securityFilterChain' in [class path resource [org/bsr/springboot/practicebasicauth/security/SecurityConfig.class]] matching [any request] and having filters [DisableEncodeUrl, WebAsyncManagerIntegration, SecurityContextHolder, HeaderWriter, Logout, BasicAuthentication, RequestCacheAware, SecurityContextHolderAwareRequest, AnonymousAuthentication, SessionManagement, ExceptionTranslation, Authorization] (1/1)
2026-06-10T22:33:43.729-05:00 DEBUG 4296 --- [practice-basic-auth] [http-nio-8080-exec-1] o.s.security.web.FilterChainProxy        : Securing GET /admin/metrics
2026-06-10T22:33:43.731-05:00 TRACE 4296 --- [practice-basic-auth] [http-nio-8080-exec-1] o.s.security.web.FilterChainProxy        : Invoking DisableEncodeUrlFilter (1/12)
2026-06-10T22:33:43.733-05:00 TRACE 4296 --- [practice-basic-auth] [http-nio-8080-exec-1] o.s.security.web.FilterChainProxy        : Invoking WebAsyncManagerIntegrationFilter (2/12)
2026-06-10T22:33:43.734-05:00 TRACE 4296 --- [practice-basic-auth] [http-nio-8080-exec-1] o.s.security.web.FilterChainProxy        : Invoking SecurityContextHolderFilter (3/12)
2026-06-10T22:33:43.735-05:00 TRACE 4296 --- [practice-basic-auth] [http-nio-8080-exec-1] o.s.security.web.FilterChainProxy        : Invoking HeaderWriterFilter (4/12)
2026-06-10T22:33:43.736-05:00 TRACE 4296 --- [practice-basic-auth] [http-nio-8080-exec-1] o.s.security.web.FilterChainProxy        : Invoking LogoutFilter (5/12)
2026-06-10T22:33:43.736-05:00 TRACE 4296 --- [practice-basic-auth] [http-nio-8080-exec-1] o.s.s.w.a.logout.LogoutFilter            : Did not match request to Or [PathPattern [GET /logout], PathPattern [POST /logout], PathPattern [PUT /logout], PathPattern [DELETE /logout]]
2026-06-10T22:33:43.736-05:00 TRACE 4296 --- [practice-basic-auth] [http-nio-8080-exec-1] o.s.security.web.FilterChainProxy        : Invoking BasicAuthenticationFilter (6/12)
2026-06-10T22:33:43.739-05:00 TRACE 4296 --- [practice-basic-auth] [http-nio-8080-exec-1] o.s.s.w.a.www.BasicAuthenticationFilter  : Found username 'admin1' in Basic Authorization header
2026-06-10T22:33:43.739-05:00 TRACE 4296 --- [practice-basic-auth] [http-nio-8080-exec-1] .s.s.w.c.SupplierDeferredSecurityContext : Created SecurityContextImpl [Null authentication]
2026-06-10T22:33:43.740-05:00 TRACE 4296 --- [practice-basic-auth] [http-nio-8080-exec-1] o.s.s.authentication.ProviderManager     : Authenticating request with DaoAuthenticationProvider (1/1)
2026-06-10T22:33:44.024-05:00 DEBUG 4296 --- [practice-basic-auth] [http-nio-8080-exec-1] o.s.jdbc.core.JdbcTemplate               : Executing prepared SQL query
2026-06-10T22:33:44.025-05:00 DEBUG 4296 --- [practice-basic-auth] [http-nio-8080-exec-1] o.s.jdbc.core.JdbcTemplate               : Executing prepared SQL statement [SELECT USERNAME, HASHED_PASSWORD, STATUS, CREATED_AT, UPDATED_AT FROM USERS WHERE USERNAME = ?]
2026-06-10T22:33:44.025-05:00 DEBUG 4296 --- [practice-basic-auth] [http-nio-8080-exec-1] o.s.jdbc.datasource.DataSourceUtils      : Fetching JDBC Connection from DataSource
2026-06-10T22:33:44.038-05:00 DEBUG 4296 --- [practice-basic-auth] [http-nio-8080-exec-1] o.s.jdbc.core.JdbcTemplate               : Executing prepared SQL query
2026-06-10T22:33:44.038-05:00 DEBUG 4296 --- [practice-basic-auth] [http-nio-8080-exec-1] o.s.jdbc.core.JdbcTemplate               : Executing prepared SQL statement [SELECT ROLE_NAME FROM USER_ROLES WHERE USERNAME = ?]
2026-06-10T22:33:44.038-05:00 DEBUG 4296 --- [practice-basic-auth] [http-nio-8080-exec-1] o.s.jdbc.datasource.DataSourceUtils      : Fetching JDBC Connection from DataSource
2026-06-10T22:33:44.109-05:00 DEBUG 4296 --- [practice-basic-auth] [http-nio-8080-exec-1] o.s.s.a.dao.DaoAuthenticationProvider    : Authenticated user
2026-06-10T22:33:44.111-05:00 DEBUG 4296 --- [practice-basic-auth] [http-nio-8080-exec-1] o.s.s.w.a.www.BasicAuthenticationFilter  : Set SecurityContextHolder to UsernamePasswordAuthenticationToken [Principal=org.bsr.springboot.practicebasicauth.security.AppUserPrincipal@6d2a4d98, Credentials=[PROTECTED], Authenticated=true, Details=WebAuthenticationDetails [RemoteIpAddress=0:0:0:0:0:0:0:1, SessionId=null], Granted Authorities=[ROLE_ADMIN, ROLE_USER, FactorGrantedAuthority [authority=FACTOR_PASSWORD, issuedAt=2026-06-11T03:33:44.109038500Z]]]
2026-06-10T22:33:44.111-05:00 TRACE 4296 --- [practice-basic-auth] [http-nio-8080-exec-1] o.s.security.web.FilterChainProxy        : Invoking RequestCacheAwareFilter (7/12)
2026-06-10T22:33:44.112-05:00 TRACE 4296 --- [practice-basic-auth] [http-nio-8080-exec-1] o.s.security.web.FilterChainProxy        : Invoking SecurityContextHolderAwareRequestFilter (8/12)
2026-06-10T22:33:44.112-05:00 TRACE 4296 --- [practice-basic-auth] [http-nio-8080-exec-1] o.s.security.web.FilterChainProxy        : Invoking AnonymousAuthenticationFilter (9/12)
2026-06-10T22:33:44.112-05:00 TRACE 4296 --- [practice-basic-auth] [http-nio-8080-exec-1] o.s.security.web.FilterChainProxy        : Invoking SessionManagementFilter (10/12)
2026-06-10T22:33:44.113-05:00 TRACE 4296 --- [practice-basic-auth] [http-nio-8080-exec-1] o.s.s.w.a.AnonymousAuthenticationFilter  : Did not set SecurityContextHolder since already authenticated UsernamePasswordAuthenticationToken [Principal=org.bsr.springboot.practicebasicauth.security.AppUserPrincipal@6d2a4d98, Credentials=[PROTECTED], Authenticated=true, Details=WebAuthenticationDetails [RemoteIpAddress=0:0:0:0:0:0:0:1, SessionId=null], Granted Authorities=[ROLE_ADMIN, ROLE_USER, FactorGrantedAuthority [authority=FACTOR_PASSWORD, issuedAt=2026-06-11T03:33:44.109038500Z]]]
2026-06-10T22:33:44.113-05:00 TRACE 4296 --- [practice-basic-auth] [http-nio-8080-exec-1] s.CompositeSessionAuthenticationStrategy : Preparing session with ChangeSessionIdAuthenticationStrategy (1/1)
2026-06-10T22:33:44.113-05:00 TRACE 4296 --- [practice-basic-auth] [http-nio-8080-exec-1] o.s.security.web.FilterChainProxy        : Invoking ExceptionTranslationFilter (11/12)
2026-06-10T22:33:44.113-05:00 TRACE 4296 --- [practice-basic-auth] [http-nio-8080-exec-1] o.s.security.web.FilterChainProxy        : Invoking AuthorizationFilter (12/12)
2026-06-10T22:33:44.114-05:00 TRACE 4296 --- [practice-basic-auth] [http-nio-8080-exec-1] estMatcherDelegatingAuthorizationManager : Authorizing GET /admin/metrics
2026-06-10T22:33:44.114-05:00 TRACE 4296 --- [practice-basic-auth] [http-nio-8080-exec-1] estMatcherDelegatingAuthorizationManager : Checking authorization on GET /admin/metrics using org.springframework.security.authorization.SingleResultAuthorizationManager@3011e6dc
2026-06-10T22:33:44.117-05:00 TRACE 4296 --- [practice-basic-auth] [http-nio-8080-exec-1] o.s.s.w.a.ExceptionTranslationFilter     : Sending UsernamePasswordAuthenticationToken [Principal=org.bsr.springboot.practicebasicauth.security.AppUserPrincipal@6d2a4d98, Credentials=[PROTECTED], Authenticated=true, Details=WebAuthenticationDetails [RemoteIpAddress=0:0:0:0:0:0:0:1, SessionId=null], Granted Authorities=[ROLE_ADMIN, ROLE_USER, FactorGrantedAuthority [authority=FACTOR_PASSWORD, issuedAt=2026-06-11T03:33:44.109038500Z]]] to access denied handler since access is denied

org.springframework.security.authorization.AuthorizationDeniedException: Access Denied
	at org.springframework.security.web.access.intercept.AuthorizationFilter.doFilter(AuthorizationFilter.java:99) ~[spring-security-web-7.0.5.jar:7.0.5]
	at org.springframework.security.web.ObservationFilterChainDecorator$ObservationFilter.wrapFilter(ObservationFilterChainDecorator.java:244) ~[spring-security-web-7.0.5.jar:7.0.5]
	at org.springframework.security.web.ObservationFilterChainDecorator$ObservationFilter.doFilter(ObservationFilterChainDecorator.java:231) ~[spring-security-web-7.0.5.jar:7.0.5]
	at org.springframework.security.web.ObservationFilterChainDecorator$VirtualFilterChain.doFilter(ObservationFilterChainDecorator.java:141) ~[spring-security-web-7.0.5.jar:7.0.5]
	at org.springframework.security.web.access.ExceptionTranslationFilter.doFilter(ExceptionTranslationFilter.java:126) ~[spring-security-web-7.0.5.jar:7.0.5]
	at org.springframework.security.web.access.ExceptionTranslationFilter.doFilter(ExceptionTranslationFilter.java:120) ~[spring-security-web-7.0.5.jar:7.0.5]
	at org.springframework.security.web.ObservationFilterChainDecorator$ObservationFilter.wrapFilter(ObservationFilterChainDecorator.java:244) ~[spring-security-web-7.0.5.jar:7.0.5]
	at org.springframework.security.web.ObservationFilterChainDecorator$ObservationFilter.doFilter(ObservationFilterChainDecorator.java:231) ~[spring-security-web-7.0.5.jar:7.0.5]
	at org.springframework.security.web.ObservationFilterChainDecorator$VirtualFilterChain.doFilter(ObservationFilterChainDecorator.java:141) ~[spring-security-web-7.0.5.jar:7.0.5]
	at org.springframework.security.web.session.SessionManagementFilter.doFilter(SessionManagementFilter.java:132) ~[spring-security-web-7.0.5.jar:7.0.5]
	at org.springframework.security.web.session.SessionManagementFilter.doFilter(SessionManagementFilter.java:86) ~[spring-security-web-7.0.5.jar:7.0.5]
	at org.springframework.security.web.ObservationFilterChainDecorator$ObservationFilter.wrapFilter(ObservationFilterChainDecorator.java:244) ~[spring-security-web-7.0.5.jar:7.0.5]
	at org.springframework.security.web.ObservationFilterChainDecorator$ObservationFilter.doFilter(ObservationFilterChainDecorator.java:231) ~[spring-security-web-7.0.5.jar:7.0.5]
	at org.springframework.security.web.ObservationFilterChainDecorator$VirtualFilterChain.doFilter(ObservationFilterChainDecorator.java:141) ~[spring-security-web-7.0.5.jar:7.0.5]
	at org.springframework.security.web.authentication.AnonymousAuthenticationFilter.doFilter(AnonymousAuthenticationFilter.java:100) ~[spring-security-web-7.0.5.jar:7.0.5]
	at org.springframework.security.web.ObservationFilterChainDecorator$ObservationFilter.wrapFilter(ObservationFilterChainDecorator.java:244) ~[spring-security-web-7.0.5.jar:7.0.5]
	at org.springframework.security.web.ObservationFilterChainDecorator$ObservationFilter.doFilter(ObservationFilterChainDecorator.java:231) ~[spring-security-web-7.0.5.jar:7.0.5]
	at org.springframework.security.web.ObservationFilterChainDecorator$VirtualFilterChain.doFilter(ObservationFilterChainDecorator.java:141) ~[spring-security-web-7.0.5.jar:7.0.5]
	at org.springframework.security.web.servletapi.SecurityContextHolderAwareRequestFilter.doFilter(SecurityContextHolderAwareRequestFilter.java:181) ~[spring-security-web-7.0.5.jar:7.0.5]
	at org.springframework.security.web.ObservationFilterChainDecorator$ObservationFilter.wrapFilter(ObservationFilterChainDecorator.java:244) ~[spring-security-web-7.0.5.jar:7.0.5]
	at org.springframework.security.web.ObservationFilterChainDecorator$ObservationFilter.doFilter(ObservationFilterChainDecorator.java:231) ~[spring-security-web-7.0.5.jar:7.0.5]
	at org.springframework.security.web.ObservationFilterChainDecorator$VirtualFilterChain.doFilter(ObservationFilterChainDecorator.java:141) ~[spring-security-web-7.0.5.jar:7.0.5]
	at org.springframework.security.web.savedrequest.RequestCacheAwareFilter.doFilter(RequestCacheAwareFilter.java:63) ~[spring-security-web-7.0.5.jar:7.0.5]
	at org.springframework.security.web.ObservationFilterChainDecorator$ObservationFilter.wrapFilter(ObservationFilterChainDecorator.java:244) ~[spring-security-web-7.0.5.jar:7.0.5]
	at org.springframework.security.web.ObservationFilterChainDecorator$ObservationFilter.doFilter(ObservationFilterChainDecorator.java:231) ~[spring-security-web-7.0.5.jar:7.0.5]
	at org.springframework.security.web.ObservationFilterChainDecorator$VirtualFilterChain.doFilter(ObservationFilterChainDecorator.java:141) ~[spring-security-web-7.0.5.jar:7.0.5]
	at org.springframework.security.web.authentication.www.BasicAuthenticationFilter.doFilterInternal(BasicAuthenticationFilter.java:247) ~[spring-security-web-7.0.5.jar:7.0.5]
	at org.springframework.web.filter.OncePerRequestFilter.doFilter(OncePerRequestFilter.java:116) ~[spring-web-7.0.7.jar:7.0.7]
	at org.springframework.security.web.ObservationFilterChainDecorator$ObservationFilter.wrapFilter(ObservationFilterChainDecorator.java:244) ~[spring-security-web-7.0.5.jar:7.0.5]
	at org.springframework.security.web.ObservationFilterChainDecorator$ObservationFilter.doFilter(ObservationFilterChainDecorator.java:231) ~[spring-security-web-7.0.5.jar:7.0.5]
	at org.springframework.security.web.ObservationFilterChainDecorator$VirtualFilterChain.doFilter(ObservationFilterChainDecorator.java:141) ~[spring-security-web-7.0.5.jar:7.0.5]
	at org.springframework.security.web.authentication.logout.LogoutFilter.doFilter(LogoutFilter.java:110) ~[spring-security-web-7.0.5.jar:7.0.5]
	at org.springframework.security.web.authentication.logout.LogoutFilter.doFilter(LogoutFilter.java:96) ~[spring-security-web-7.0.5.jar:7.0.5]
	at org.springframework.security.web.ObservationFilterChainDecorator$ObservationFilter.wrapFilter(ObservationFilterChainDecorator.java:244) ~[spring-security-web-7.0.5.jar:7.0.5]
	at org.springframework.security.web.ObservationFilterChainDecorator$ObservationFilter.doFilter(ObservationFilterChainDecorator.java:231) ~[spring-security-web-7.0.5.jar:7.0.5]
	at org.springframework.security.web.ObservationFilterChainDecorator$VirtualFilterChain.doFilter(ObservationFilterChainDecorator.java:141) ~[spring-security-web-7.0.5.jar:7.0.5]
	at org.springframework.security.web.header.HeaderWriterFilter.doHeadersAfter(HeaderWriterFilter.java:90) ~[spring-security-web-7.0.5.jar:7.0.5]
	at org.springframework.security.web.header.HeaderWriterFilter.doFilterInternal(HeaderWriterFilter.java:75) ~[spring-security-web-7.0.5.jar:7.0.5]
	at org.springframework.web.filter.OncePerRequestFilter.doFilter(OncePerRequestFilter.java:116) ~[spring-web-7.0.7.jar:7.0.7]
	at org.springframework.security.web.ObservationFilterChainDecorator$ObservationFilter.wrapFilter(ObservationFilterChainDecorator.java:244) ~[spring-security-web-7.0.5.jar:7.0.5]
	at org.springframework.security.web.ObservationFilterChainDecorator$ObservationFilter.doFilter(ObservationFilterChainDecorator.java:231) ~[spring-security-web-7.0.5.jar:7.0.5]
	at org.springframework.security.web.ObservationFilterChainDecorator$VirtualFilterChain.doFilter(ObservationFilterChainDecorator.java:141) ~[spring-security-web-7.0.5.jar:7.0.5]
	at org.springframework.security.web.context.SecurityContextHolderFilter.doFilter(SecurityContextHolderFilter.java:82) ~[spring-security-web-7.0.5.jar:7.0.5]
	at org.springframework.security.web.context.SecurityContextHolderFilter.doFilter(SecurityContextHolderFilter.java:69) ~[spring-security-web-7.0.5.jar:7.0.5]
	at org.springframework.security.web.ObservationFilterChainDecorator$ObservationFilter.wrapFilter(ObservationFilterChainDecorator.java:244) ~[spring-security-web-7.0.5.jar:7.0.5]
	at org.springframework.security.web.ObservationFilterChainDecorator$ObservationFilter.doFilter(ObservationFilterChainDecorator.java:231) ~[spring-security-web-7.0.5.jar:7.0.5]
	at org.springframework.security.web.ObservationFilterChainDecorator$VirtualFilterChain.doFilter(ObservationFilterChainDecorator.java:141) ~[spring-security-web-7.0.5.jar:7.0.5]
	at org.springframework.security.web.context.request.async.WebAsyncManagerIntegrationFilter.doFilterInternal(WebAsyncManagerIntegrationFilter.java:62) ~[spring-security-web-7.0.5.jar:7.0.5]
	at org.springframework.web.filter.OncePerRequestFilter.doFilter(OncePerRequestFilter.java:116) ~[spring-web-7.0.7.jar:7.0.7]
	at org.springframework.security.web.ObservationFilterChainDecorator$ObservationFilter.wrapFilter(ObservationFilterChainDecorator.java:244) ~[spring-security-web-7.0.5.jar:7.0.5]
	at org.springframework.security.web.ObservationFilterChainDecorator$ObservationFilter.doFilter(ObservationFilterChainDecorator.java:231) ~[spring-security-web-7.0.5.jar:7.0.5]
	at org.springframework.security.web.ObservationFilterChainDecorator$VirtualFilterChain.doFilter(ObservationFilterChainDecorator.java:141) ~[spring-security-web-7.0.5.jar:7.0.5]
	at org.springframework.security.web.session.DisableEncodeUrlFilter.doFilterInternal(DisableEncodeUrlFilter.java:42) ~[spring-security-web-7.0.5.jar:7.0.5]
	at org.springframework.web.filter.OncePerRequestFilter.doFilter(OncePerRequestFilter.java:116) ~[spring-web-7.0.7.jar:7.0.7]
	at org.springframework.security.web.ObservationFilterChainDecorator$ObservationFilter.wrapFilter(ObservationFilterChainDecorator.java:244) ~[spring-security-web-7.0.5.jar:7.0.5]
	at org.springframework.security.web.ObservationFilterChainDecorator$AroundFilterObservation$SimpleAroundFilterObservation.lambda$wrap$0(ObservationFilterChainDecorator.java:337) ~[spring-security-web-7.0.5.jar:7.0.5]
	at org.springframework.security.web.ObservationFilterChainDecorator$ObservationFilter.doFilter(ObservationFilterChainDecorator.java:228) ~[spring-security-web-7.0.5.jar:7.0.5]
	at org.springframework.security.web.ObservationFilterChainDecorator$VirtualFilterChain.doFilter(ObservationFilterChainDecorator.java:141) ~[spring-security-web-7.0.5.jar:7.0.5]
	at org.springframework.security.web.FilterChainProxy.doFilterInternal(FilterChainProxy.java:237) ~[spring-security-web-7.0.5.jar:7.0.5]
	at org.springframework.security.web.FilterChainProxy.doFilter(FilterChainProxy.java:195) ~[spring-security-web-7.0.5.jar:7.0.5]
	at org.springframework.web.filter.CompositeFilter$VirtualFilterChain.doFilter(CompositeFilter.java:113) ~[spring-web-7.0.7.jar:7.0.7]
	at org.springframework.web.filter.ServletRequestPathFilter.doFilter(ServletRequestPathFilter.java:52) ~[spring-web-7.0.7.jar:7.0.7]
	at org.springframework.web.filter.CompositeFilter$VirtualFilterChain.doFilter(CompositeFilter.java:113) ~[spring-web-7.0.7.jar:7.0.7]
	at org.springframework.web.filter.CompositeFilter.doFilter(CompositeFilter.java:74) ~[spring-web-7.0.7.jar:7.0.7]
	at org.springframework.security.config.annotation.web.configuration.WebSecurityConfiguration$CompositeFilterChainProxy.doFilter(WebSecurityConfiguration.java:317) ~[spring-security-config-7.0.5.jar:7.0.5]
	at org.springframework.web.filter.DelegatingFilterProxy.invokeDelegate(DelegatingFilterProxy.java:355) ~[spring-web-7.0.7.jar:7.0.7]
	at org.springframework.web.filter.DelegatingFilterProxy.doFilter(DelegatingFilterProxy.java:272) ~[spring-web-7.0.7.jar:7.0.7]
	at org.apache.catalina.core.ApplicationFilterChain.doFilter(ApplicationFilterChain.java:107) ~[tomcat-embed-core-11.0.22.jar:11.0.22]
	at org.springframework.web.filter.RequestContextFilter.doFilterInternal(RequestContextFilter.java:100) ~[spring-web-7.0.7.jar:7.0.7]
	at org.springframework.web.filter.OncePerRequestFilter.doFilter(OncePerRequestFilter.java:116) ~[spring-web-7.0.7.jar:7.0.7]
	at org.apache.catalina.core.ApplicationFilterChain.doFilter(ApplicationFilterChain.java:107) ~[tomcat-embed-core-11.0.22.jar:11.0.22]
	at org.springframework.web.filter.FormContentFilter.doFilterInternal(FormContentFilter.java:93) ~[spring-web-7.0.7.jar:7.0.7]
	at org.springframework.web.filter.OncePerRequestFilter.doFilter(OncePerRequestFilter.java:116) ~[spring-web-7.0.7.jar:7.0.7]
	at org.apache.catalina.core.ApplicationFilterChain.doFilter(ApplicationFilterChain.java:107) ~[tomcat-embed-core-11.0.22.jar:11.0.22]
	at org.springframework.web.filter.ServerHttpObservationFilter.doFilterInternal(ServerHttpObservationFilter.java:110) ~[spring-web-7.0.7.jar:7.0.7]
	at org.springframework.web.filter.OncePerRequestFilter.doFilter(OncePerRequestFilter.java:116) ~[spring-web-7.0.7.jar:7.0.7]
	at org.apache.catalina.core.ApplicationFilterChain.doFilter(ApplicationFilterChain.java:107) ~[tomcat-embed-core-11.0.22.jar:11.0.22]
	at org.springframework.web.filter.CharacterEncodingFilter.doFilterInternal(CharacterEncodingFilter.java:199) ~[spring-web-7.0.7.jar:7.0.7]
	at org.springframework.web.filter.OncePerRequestFilter.doFilter(OncePerRequestFilter.java:116) ~[spring-web-7.0.7.jar:7.0.7]
	at org.apache.catalina.core.ApplicationFilterChain.doFilter(ApplicationFilterChain.java:107) ~[tomcat-embed-core-11.0.22.jar:11.0.22]
	at org.apache.catalina.core.StandardWrapperValve.invoke(StandardWrapperValve.java:165) ~[tomcat-embed-core-11.0.22.jar:11.0.22]
	at org.apache.catalina.core.StandardContextValve.invoke(StandardContextValve.java:77) ~[tomcat-embed-core-11.0.22.jar:11.0.22]
	at org.apache.catalina.authenticator.AuthenticatorBase.invoke(AuthenticatorBase.java:492) ~[tomcat-embed-core-11.0.22.jar:11.0.22]
	at org.apache.catalina.core.StandardHostValve.invoke(StandardHostValve.java:113) ~[tomcat-embed-core-11.0.22.jar:11.0.22]
	at org.apache.catalina.valves.ErrorReportValve.invoke(ErrorReportValve.java:83) ~[tomcat-embed-core-11.0.22.jar:11.0.22]
	at org.apache.catalina.core.StandardEngineValve.invoke(StandardEngineValve.java:72) ~[tomcat-embed-core-11.0.22.jar:11.0.22]
	at org.apache.catalina.connector.CoyoteAdapter.service(CoyoteAdapter.java:341) ~[tomcat-embed-core-11.0.22.jar:11.0.22]
	at org.apache.coyote.http11.Http11Processor.service(Http11Processor.java:397) ~[tomcat-embed-core-11.0.22.jar:11.0.22]
	at org.apache.coyote.AbstractProcessorLight.process(AbstractProcessorLight.java:63) ~[tomcat-embed-core-11.0.22.jar:11.0.22]
	at org.apache.coyote.AbstractProtocol$ConnectionHandler.process(AbstractProtocol.java:1272) ~[tomcat-embed-core-11.0.22.jar:11.0.22]
	at org.apache.tomcat.util.net.NioEndpoint$SocketProcessor.doRun(NioEndpoint.java:1801) ~[tomcat-embed-core-11.0.22.jar:11.0.22]
	at org.apache.tomcat.util.net.SocketProcessorBase.run(SocketProcessorBase.java:52) ~[tomcat-embed-core-11.0.22.jar:11.0.22]
	at org.apache.tomcat.util.threads.ThreadPoolExecutor.runWorker(ThreadPoolExecutor.java:946) ~[tomcat-embed-core-11.0.22.jar:11.0.22]
	at org.apache.tomcat.util.threads.ThreadPoolExecutor$Worker.run(ThreadPoolExecutor.java:480) ~[tomcat-embed-core-11.0.22.jar:11.0.22]
	at org.apache.tomcat.util.threads.TaskThread$WrappingRunnable.run(TaskThread.java:57) ~[tomcat-embed-core-11.0.22.jar:11.0.22]
	at java.base/java.lang.Thread.run(Thread.java:1583) ~[na:na]

2026-06-10T22:33:44.128-05:00 TRACE 4296 --- [practice-basic-auth] [http-nio-8080-exec-1] o.s.s.w.header.writers.HstsHeaderWriter  : Not injecting HSTS header since it did not match request to [Is Secure]
2026-06-10T22:34:08.161-05:00 TRACE 4296 --- [practice-basic-auth] [http-nio-8080-exec-3] o.s.security.web.FilterChainProxy        : Trying to match request against DefaultSecurityFilterChain defined as 'securityFilterChain' in [class path resource [org/bsr/springboot/practicebasicauth/security/SecurityConfig.class]] matching [any request] and having filters [DisableEncodeUrl, WebAsyncManagerIntegration, SecurityContextHolder, HeaderWriter, Logout, BasicAuthentication, RequestCacheAware, SecurityContextHolderAwareRequest, AnonymousAuthentication, SessionManagement, ExceptionTranslation, Authorization] (1/1)
2026-06-10T22:34:08.161-05:00 DEBUG 4296 --- [practice-basic-auth] [http-nio-8080-exec-3] o.s.security.web.FilterChainProxy        : Securing GET /admin/metrics
2026-06-10T22:34:08.161-05:00 TRACE 4296 --- [practice-basic-auth] [http-nio-8080-exec-3] o.s.security.web.FilterChainProxy        : Invoking DisableEncodeUrlFilter (1/12)
2026-06-10T22:34:08.161-05:00 TRACE 4296 --- [practice-basic-auth] [http-nio-8080-exec-3] o.s.security.web.FilterChainProxy        : Invoking WebAsyncManagerIntegrationFilter (2/12)
2026-06-10T22:34:08.162-05:00 TRACE 4296 --- [practice-basic-auth] [http-nio-8080-exec-3] o.s.security.web.FilterChainProxy        : Invoking SecurityContextHolderFilter (3/12)
2026-06-10T22:34:08.162-05:00 TRACE 4296 --- [practice-basic-auth] [http-nio-8080-exec-3] o.s.security.web.FilterChainProxy        : Invoking HeaderWriterFilter (4/12)
2026-06-10T22:34:08.162-05:00 TRACE 4296 --- [practice-basic-auth] [http-nio-8080-exec-3] o.s.security.web.FilterChainProxy        : Invoking LogoutFilter (5/12)
2026-06-10T22:34:08.162-05:00 TRACE 4296 --- [practice-basic-auth] [http-nio-8080-exec-3] o.s.s.w.a.logout.LogoutFilter            : Did not match request to Or [PathPattern [GET /logout], PathPattern [POST /logout], PathPattern [PUT /logout], PathPattern [DELETE /logout]]
2026-06-10T22:34:08.162-05:00 TRACE 4296 --- [practice-basic-auth] [http-nio-8080-exec-3] o.s.security.web.FilterChainProxy        : Invoking BasicAuthenticationFilter (6/12)
2026-06-10T22:34:08.162-05:00 TRACE 4296 --- [practice-basic-auth] [http-nio-8080-exec-3] o.s.s.w.a.www.BasicAuthenticationFilter  : Found username 'admin1' in Basic Authorization header
2026-06-10T22:34:08.162-05:00 TRACE 4296 --- [practice-basic-auth] [http-nio-8080-exec-3] .s.s.w.c.SupplierDeferredSecurityContext : Created SecurityContextImpl [Null authentication]
2026-06-10T22:34:08.162-05:00 TRACE 4296 --- [practice-basic-auth] [http-nio-8080-exec-3] o.s.s.authentication.ProviderManager     : Authenticating request with DaoAuthenticationProvider (1/1)
2026-06-10T22:34:08.162-05:00 DEBUG 4296 --- [practice-basic-auth] [http-nio-8080-exec-3] o.s.jdbc.core.JdbcTemplate               : Executing prepared SQL query
2026-06-10T22:34:08.162-05:00 DEBUG 4296 --- [practice-basic-auth] [http-nio-8080-exec-3] o.s.jdbc.core.JdbcTemplate               : Executing prepared SQL statement [SELECT USERNAME, HASHED_PASSWORD, STATUS, CREATED_AT, UPDATED_AT FROM USERS WHERE USERNAME = ?]
2026-06-10T22:34:08.162-05:00 DEBUG 4296 --- [practice-basic-auth] [http-nio-8080-exec-3] o.s.jdbc.datasource.DataSourceUtils      : Fetching JDBC Connection from DataSource
2026-06-10T22:34:08.163-05:00 DEBUG 4296 --- [practice-basic-auth] [http-nio-8080-exec-3] o.s.jdbc.core.JdbcTemplate               : Executing prepared SQL query
2026-06-10T22:34:08.163-05:00 DEBUG 4296 --- [practice-basic-auth] [http-nio-8080-exec-3] o.s.jdbc.core.JdbcTemplate               : Executing prepared SQL statement [SELECT ROLE_NAME FROM USER_ROLES WHERE USERNAME = ?]
2026-06-10T22:34:08.163-05:00 DEBUG 4296 --- [practice-basic-auth] [http-nio-8080-exec-3] o.s.jdbc.datasource.DataSourceUtils      : Fetching JDBC Connection from DataSource
2026-06-10T22:34:08.231-05:00 DEBUG 4296 --- [practice-basic-auth] [http-nio-8080-exec-3] o.s.s.a.dao.DaoAuthenticationProvider    : Failed to authenticate since password does not match stored value
2026-06-10T22:34:08.232-05:00 DEBUG 4296 --- [practice-basic-auth] [http-nio-8080-exec-3] o.s.s.authentication.ProviderManager     : Authentication failed with provider DaoAuthenticationProvider since Bad credentials
2026-06-10T22:34:08.232-05:00 DEBUG 4296 --- [practice-basic-auth] [http-nio-8080-exec-3] o.s.s.authentication.ProviderManager     : Denying authentication since all attempted providers failed
2026-06-10T22:34:08.232-05:00 DEBUG 4296 --- [practice-basic-auth] [http-nio-8080-exec-3] o.s.s.w.a.www.BasicAuthenticationFilter  : Failed to process authentication request

org.springframework.security.authentication.BadCredentialsException: Bad credentials
	at org.springframework.security.authentication.dao.DaoAuthenticationProvider.additionalAuthenticationChecks(DaoAuthenticationProvider.java:92) ~[spring-security-core-7.0.5.jar:7.0.5]
	at org.springframework.security.authentication.dao.AbstractUserDetailsAuthenticationProvider.performPreCheck(AbstractUserDetailsAuthenticationProvider.java:198) ~[spring-security-core-7.0.5.jar:7.0.5]
	at org.springframework.security.authentication.dao.AbstractUserDetailsAuthenticationProvider.authenticate(AbstractUserDetailsAuthenticationProvider.java:159) ~[spring-security-core-7.0.5.jar:7.0.5]
	at org.springframework.security.authentication.ProviderManager.authenticate(ProviderManager.java:183) ~[spring-security-core-7.0.5.jar:7.0.5]
	at org.springframework.security.authentication.ProviderManager.authenticate(ProviderManager.java:215) ~[spring-security-core-7.0.5.jar:7.0.5]
	at org.springframework.security.authentication.ObservationAuthenticationManager.lambda$authenticate$1(ObservationAuthenticationManager.java:55) ~[spring-security-core-7.0.5.jar:7.0.5]
	at io.micrometer.observation.Observation.observe(Observation.java:634) ~[micrometer-observation-1.16.5.jar:1.16.5]
	at org.springframework.security.authentication.ObservationAuthenticationManager.authenticate(ObservationAuthenticationManager.java:54) ~[spring-security-core-7.0.5.jar:7.0.5]
	at org.springframework.security.web.authentication.www.BasicAuthenticationFilter.doFilterInternal(BasicAuthenticationFilter.java:204) ~[spring-security-web-7.0.5.jar:7.0.5]
	at org.springframework.web.filter.OncePerRequestFilter.doFilter(OncePerRequestFilter.java:116) ~[spring-web-7.0.7.jar:7.0.7]
	at org.springframework.security.web.ObservationFilterChainDecorator$ObservationFilter.wrapFilter(ObservationFilterChainDecorator.java:244) ~[spring-security-web-7.0.5.jar:7.0.5]
	at org.springframework.security.web.ObservationFilterChainDecorator$ObservationFilter.doFilter(ObservationFilterChainDecorator.java:231) ~[spring-security-web-7.0.5.jar:7.0.5]
	at org.springframework.security.web.ObservationFilterChainDecorator$VirtualFilterChain.doFilter(ObservationFilterChainDecorator.java:141) ~[spring-security-web-7.0.5.jar:7.0.5]
	at org.springframework.security.web.authentication.logout.LogoutFilter.doFilter(LogoutFilter.java:110) ~[spring-security-web-7.0.5.jar:7.0.5]
	at org.springframework.security.web.authentication.logout.LogoutFilter.doFilter(LogoutFilter.java:96) ~[spring-security-web-7.0.5.jar:7.0.5]
	at org.springframework.security.web.ObservationFilterChainDecorator$ObservationFilter.wrapFilter(ObservationFilterChainDecorator.java:244) ~[spring-security-web-7.0.5.jar:7.0.5]
	at org.springframework.security.web.ObservationFilterChainDecorator$ObservationFilter.doFilter(ObservationFilterChainDecorator.java:231) ~[spring-security-web-7.0.5.jar:7.0.5]
	at org.springframework.security.web.ObservationFilterChainDecorator$VirtualFilterChain.doFilter(ObservationFilterChainDecorator.java:141) ~[spring-security-web-7.0.5.jar:7.0.5]
	at org.springframework.security.web.header.HeaderWriterFilter.doHeadersAfter(HeaderWriterFilter.java:90) ~[spring-security-web-7.0.5.jar:7.0.5]
	at org.springframework.security.web.header.HeaderWriterFilter.doFilterInternal(HeaderWriterFilter.java:75) ~[spring-security-web-7.0.5.jar:7.0.5]
	at org.springframework.web.filter.OncePerRequestFilter.doFilter(OncePerRequestFilter.java:116) ~[spring-web-7.0.7.jar:7.0.7]
	at org.springframework.security.web.ObservationFilterChainDecorator$ObservationFilter.wrapFilter(ObservationFilterChainDecorator.java:244) ~[spring-security-web-7.0.5.jar:7.0.5]
	at org.springframework.security.web.ObservationFilterChainDecorator$ObservationFilter.doFilter(ObservationFilterChainDecorator.java:231) ~[spring-security-web-7.0.5.jar:7.0.5]
	at org.springframework.security.web.ObservationFilterChainDecorator$VirtualFilterChain.doFilter(ObservationFilterChainDecorator.java:141) ~[spring-security-web-7.0.5.jar:7.0.5]
	at org.springframework.security.web.context.SecurityContextHolderFilter.doFilter(SecurityContextHolderFilter.java:82) ~[spring-security-web-7.0.5.jar:7.0.5]
	at org.springframework.security.web.context.SecurityContextHolderFilter.doFilter(SecurityContextHolderFilter.java:69) ~[spring-security-web-7.0.5.jar:7.0.5]
	at org.springframework.security.web.ObservationFilterChainDecorator$ObservationFilter.wrapFilter(ObservationFilterChainDecorator.java:244) ~[spring-security-web-7.0.5.jar:7.0.5]
	at org.springframework.security.web.ObservationFilterChainDecorator$ObservationFilter.doFilter(ObservationFilterChainDecorator.java:231) ~[spring-security-web-7.0.5.jar:7.0.5]
	at org.springframework.security.web.ObservationFilterChainDecorator$VirtualFilterChain.doFilter(ObservationFilterChainDecorator.java:141) ~[spring-security-web-7.0.5.jar:7.0.5]
	at org.springframework.security.web.context.request.async.WebAsyncManagerIntegrationFilter.doFilterInternal(WebAsyncManagerIntegrationFilter.java:62) ~[spring-security-web-7.0.5.jar:7.0.5]
	at org.springframework.web.filter.OncePerRequestFilter.doFilter(OncePerRequestFilter.java:116) ~[spring-web-7.0.7.jar:7.0.7]
	at org.springframework.security.web.ObservationFilterChainDecorator$ObservationFilter.wrapFilter(ObservationFilterChainDecorator.java:244) ~[spring-security-web-7.0.5.jar:7.0.5]
	at org.springframework.security.web.ObservationFilterChainDecorator$ObservationFilter.doFilter(ObservationFilterChainDecorator.java:231) ~[spring-security-web-7.0.5.jar:7.0.5]
	at org.springframework.security.web.ObservationFilterChainDecorator$VirtualFilterChain.doFilter(ObservationFilterChainDecorator.java:141) ~[spring-security-web-7.0.5.jar:7.0.5]
	at org.springframework.security.web.session.DisableEncodeUrlFilter.doFilterInternal(DisableEncodeUrlFilter.java:42) ~[spring-security-web-7.0.5.jar:7.0.5]
	at org.springframework.web.filter.OncePerRequestFilter.doFilter(OncePerRequestFilter.java:116) ~[spring-web-7.0.7.jar:7.0.7]
	at org.springframework.security.web.ObservationFilterChainDecorator$ObservationFilter.wrapFilter(ObservationFilterChainDecorator.java:244) ~[spring-security-web-7.0.5.jar:7.0.5]
	at org.springframework.security.web.ObservationFilterChainDecorator$AroundFilterObservation$SimpleAroundFilterObservation.lambda$wrap$0(ObservationFilterChainDecorator.java:337) ~[spring-security-web-7.0.5.jar:7.0.5]
	at org.springframework.security.web.ObservationFilterChainDecorator$ObservationFilter.doFilter(ObservationFilterChainDecorator.java:228) ~[spring-security-web-7.0.5.jar:7.0.5]
	at org.springframework.security.web.ObservationFilterChainDecorator$VirtualFilterChain.doFilter(ObservationFilterChainDecorator.java:141) ~[spring-security-web-7.0.5.jar:7.0.5]
	at org.springframework.security.web.FilterChainProxy.doFilterInternal(FilterChainProxy.java:237) ~[spring-security-web-7.0.5.jar:7.0.5]
	at org.springframework.security.web.FilterChainProxy.doFilter(FilterChainProxy.java:195) ~[spring-security-web-7.0.5.jar:7.0.5]
	at org.springframework.web.filter.CompositeFilter$VirtualFilterChain.doFilter(CompositeFilter.java:113) ~[spring-web-7.0.7.jar:7.0.7]
	at org.springframework.web.filter.ServletRequestPathFilter.doFilter(ServletRequestPathFilter.java:52) ~[spring-web-7.0.7.jar:7.0.7]
	at org.springframework.web.filter.CompositeFilter$VirtualFilterChain.doFilter(CompositeFilter.java:113) ~[spring-web-7.0.7.jar:7.0.7]
	at org.springframework.web.filter.CompositeFilter.doFilter(CompositeFilter.java:74) ~[spring-web-7.0.7.jar:7.0.7]
	at org.springframework.security.config.annotation.web.configuration.WebSecurityConfiguration$CompositeFilterChainProxy.doFilter(WebSecurityConfiguration.java:317) ~[spring-security-config-7.0.5.jar:7.0.5]
	at org.springframework.web.filter.DelegatingFilterProxy.invokeDelegate(DelegatingFilterProxy.java:355) ~[spring-web-7.0.7.jar:7.0.7]
	at org.springframework.web.filter.DelegatingFilterProxy.doFilter(DelegatingFilterProxy.java:272) ~[spring-web-7.0.7.jar:7.0.7]
	at org.apache.catalina.core.ApplicationFilterChain.doFilter(ApplicationFilterChain.java:107) ~[tomcat-embed-core-11.0.22.jar:11.0.22]
	at org.springframework.web.filter.RequestContextFilter.doFilterInternal(RequestContextFilter.java:100) ~[spring-web-7.0.7.jar:7.0.7]
	at org.springframework.web.filter.OncePerRequestFilter.doFilter(OncePerRequestFilter.java:116) ~[spring-web-7.0.7.jar:7.0.7]
	at org.apache.catalina.core.ApplicationFilterChain.doFilter(ApplicationFilterChain.java:107) ~[tomcat-embed-core-11.0.22.jar:11.0.22]
	at org.springframework.web.filter.FormContentFilter.doFilterInternal(FormContentFilter.java:93) ~[spring-web-7.0.7.jar:7.0.7]
	at org.springframework.web.filter.OncePerRequestFilter.doFilter(OncePerRequestFilter.java:116) ~[spring-web-7.0.7.jar:7.0.7]
	at org.apache.catalina.core.ApplicationFilterChain.doFilter(ApplicationFilterChain.java:107) ~[tomcat-embed-core-11.0.22.jar:11.0.22]
	at org.springframework.web.filter.ServerHttpObservationFilter.doFilterInternal(ServerHttpObservationFilter.java:110) ~[spring-web-7.0.7.jar:7.0.7]
	at org.springframework.web.filter.OncePerRequestFilter.doFilter(OncePerRequestFilter.java:116) ~[spring-web-7.0.7.jar:7.0.7]
	at org.apache.catalina.core.ApplicationFilterChain.doFilter(ApplicationFilterChain.java:107) ~[tomcat-embed-core-11.0.22.jar:11.0.22]
	at org.springframework.web.filter.CharacterEncodingFilter.doFilterInternal(CharacterEncodingFilter.java:199) ~[spring-web-7.0.7.jar:7.0.7]
	at org.springframework.web.filter.OncePerRequestFilter.doFilter(OncePerRequestFilter.java:116) ~[spring-web-7.0.7.jar:7.0.7]
	at org.apache.catalina.core.ApplicationFilterChain.doFilter(ApplicationFilterChain.java:107) ~[tomcat-embed-core-11.0.22.jar:11.0.22]
	at org.apache.catalina.core.StandardWrapperValve.invoke(StandardWrapperValve.java:165) ~[tomcat-embed-core-11.0.22.jar:11.0.22]
	at org.apache.catalina.core.StandardContextValve.invoke(StandardContextValve.java:77) ~[tomcat-embed-core-11.0.22.jar:11.0.22]
	at org.apache.catalina.authenticator.AuthenticatorBase.invoke(AuthenticatorBase.java:492) ~[tomcat-embed-core-11.0.22.jar:11.0.22]
	at org.apache.catalina.core.StandardHostValve.invoke(StandardHostValve.java:113) ~[tomcat-embed-core-11.0.22.jar:11.0.22]
	at org.apache.catalina.valves.ErrorReportValve.invoke(ErrorReportValve.java:83) ~[tomcat-embed-core-11.0.22.jar:11.0.22]
	at org.apache.catalina.core.StandardEngineValve.invoke(StandardEngineValve.java:72) ~[tomcat-embed-core-11.0.22.jar:11.0.22]
	at org.apache.catalina.connector.CoyoteAdapter.service(CoyoteAdapter.java:341) ~[tomcat-embed-core-11.0.22.jar:11.0.22]
	at org.apache.coyote.http11.Http11Processor.service(Http11Processor.java:397) ~[tomcat-embed-core-11.0.22.jar:11.0.22]
	at org.apache.coyote.AbstractProcessorLight.process(AbstractProcessorLight.java:63) ~[tomcat-embed-core-11.0.22.jar:11.0.22]
	at org.apache.coyote.AbstractProtocol$ConnectionHandler.process(AbstractProtocol.java:1272) ~[tomcat-embed-core-11.0.22.jar:11.0.22]
	at org.apache.tomcat.util.net.NioEndpoint$SocketProcessor.doRun(NioEndpoint.java:1801) ~[tomcat-embed-core-11.0.22.jar:11.0.22]
	at org.apache.tomcat.util.net.SocketProcessorBase.run(SocketProcessorBase.java:52) ~[tomcat-embed-core-11.0.22.jar:11.0.22]
	at org.apache.tomcat.util.threads.ThreadPoolExecutor.runWorker(ThreadPoolExecutor.java:946) ~[tomcat-embed-core-11.0.22.jar:11.0.22]
	at org.apache.tomcat.util.threads.ThreadPoolExecutor$Worker.run(ThreadPoolExecutor.java:480) ~[tomcat-embed-core-11.0.22.jar:11.0.22]
	at org.apache.tomcat.util.threads.TaskThread$WrappingRunnable.run(TaskThread.java:57) ~[tomcat-embed-core-11.0.22.jar:11.0.22]
	at java.base/java.lang.Thread.run(Thread.java:1583) ~[na:na]

2026-06-10T22:34:08.233-05:00 TRACE 4296 --- [practice-basic-auth] [http-nio-8080-exec-3] o.s.s.w.header.writers.HstsHeaderWriter  : Not injecting HSTS header since it did not match request to [Is Secure]
2026-06-10T22:34:41.561-05:00 DEBUG 4296 --- [practice-basic-auth] [SpringApplicationShutdownHook] o.s.b.a.ApplicationAvailabilityBean      : Application availability state ReadinessState changed from ACCEPTING_TRAFFIC to REFUSING_TRAFFIC
2026-06-10T22:34:41.561-05:00 DEBUG 4296 --- [practice-basic-auth] [SpringApplicationShutdownHook] ConfigServletWebServerApplicationContext : Closing org.springframework.boot.web.server.servlet.context.AnnotationConfigServletWebServerApplicationContext@6b9ce1bf, started on Wed Jun 10 22:32:00 CDT 2026
2026-06-10T22:34:41.563-05:00 DEBUG 4296 --- [practice-basic-auth] [SpringApplicationShutdownHook] o.s.c.support.DefaultLifecycleProcessor  : Stopping beans in phase 2147482623
2026-06-10T22:34:41.563-05:00  INFO 4296 --- [practice-basic-auth] [SpringApplicationShutdownHook] o.s.boot.tomcat.GracefulShutdown         : Commencing graceful shutdown. Waiting for active requests to complete
2026-06-10T22:34:41.569-05:00  INFO 4296 --- [practice-basic-auth] [tomcat-shutdown] o.s.boot.tomcat.GracefulShutdown         : Graceful shutdown complete
2026-06-10T22:34:41.569-05:00 DEBUG 4296 --- [practice-basic-auth] [SpringApplicationShutdownHook] o.s.c.support.DefaultLifecycleProcessor  : Stopping beans in phase 2147481599
2026-06-10T22:34:41.569-05:00 DEBUG 4296 --- [practice-basic-auth] [tomcat-shutdown] o.s.c.support.DefaultLifecycleProcessor  : Bean 'webServerGracefulShutdown' completed its stop procedure
2026-06-10T22:34:41.570-05:00 DEBUG 4296 --- [practice-basic-auth] [SpringApplicationShutdownHook] o.s.c.support.DefaultLifecycleProcessor  : Bean 'webServerStartStop' completed its stop procedure
2026-06-10T22:34:41.571-05:00 DEBUG 4296 --- [practice-basic-auth] [SpringApplicationShutdownHook] o.s.c.support.DefaultLifecycleProcessor  : Stopping beans in phase 1073741823
2026-06-10T22:34:41.571-05:00 DEBUG 4296 --- [practice-basic-auth] [SpringApplicationShutdownHook] o.s.c.support.DefaultLifecycleProcessor  : Bean 'applicationTaskExecutor' completed its stop procedure
2026-06-10T22:34:41.571-05:00 DEBUG 4296 --- [practice-basic-auth] [SpringApplicationShutdownHook] o.s.c.support.DefaultLifecycleProcessor  : Stopping beans in phase -2147483647
2026-06-10T22:34:41.571-05:00 DEBUG 4296 --- [practice-basic-auth] [SpringApplicationShutdownHook] o.s.c.support.DefaultLifecycleProcessor  : Bean 'springBootLoggingLifecycle' completed its stop procedure
2026-06-10T22:34:41.572-05:00 DEBUG 4296 --- [practice-basic-auth] [SpringApplicationShutdownHook] o.s.j.e.a.AnnotationMBeanExporter        : Unregistering JMX-exposed beans on shutdown
2026-06-10T22:34:41.572-05:00 DEBUG 4296 --- [practice-basic-auth] [SpringApplicationShutdownHook] o.s.j.e.a.AnnotationMBeanExporter        : Unregistering JMX-exposed beans
2026-06-10T22:34:41.574-05:00  INFO 4296 --- [practice-basic-auth] [SpringApplicationShutdownHook] com.zaxxer.hikari.HikariDataSource       : HikariPool-1 - Shutdown initiated...
2026-06-10T22:34:41.575-05:00  INFO 4296 --- [practice-basic-auth] [SpringApplicationShutdownHook] com.zaxxer.hikari.HikariDataSource       : HikariPool-1 - Shutdown completed.
2026-06-10T22:34:41.576-05:00 DEBUG 4296 --- [practice-basic-auth] [SpringApplicationShutdownHook] o.s.s.concurrent.ThreadPoolTaskExecutor  : Shutting down ExecutorService 'applicationTaskExecutor'
2026-06-10T22:34:41.576-05:00 DEBUG 4296 --- [practice-basic-auth] [SpringApplicationShutdownHook] o.s.b.f.support.DisposableBeanAdapter    : Custom destroy method 'close' on bean with name 'simpleMeterRegistry' completed
2026-06-10T22:34:45.908-05:00  INFO 20976 --- [practice-basic-auth] [main] o.b.s.p.PracticeBasicAuthApplication     : Starting PracticeBasicAuthApplication using Java 21.0.8 with PID 20976 (C:\Users\sbenj\Desktop\practice-basic-auth\target\classes started by sbenj in C:\Users\sbenj\Desktop\practice-basic-auth)
2026-06-10T22:34:45.911-05:00  INFO 20976 --- [practice-basic-auth] [main] o.b.s.p.PracticeBasicAuthApplication     : No active profile set, falling back to 1 default profile: "default"
2026-06-10T22:34:45.912-05:00 DEBUG 20976 --- [practice-basic-auth] [main] o.s.boot.SpringApplication               : Loading source class org.bsr.springboot.practicebasicauth.PracticeBasicAuthApplication
2026-06-10T22:34:45.952-05:00 DEBUG 20976 --- [practice-basic-auth] [main] ConfigServletWebServerApplicationContext : Refreshing org.springframework.boot.web.server.servlet.context.AnnotationConfigServletWebServerApplicationContext@7be58f16
2026-06-10T22:34:45.968-05:00 DEBUG 20976 --- [practice-basic-auth] [main] o.s.b.f.s.DefaultListableBeanFactory     : Creating shared instance of singleton bean 'org.springframework.context.annotation.internalConfigurationAnnotationProcessor'
2026-06-10T22:34:45.978-05:00 DEBUG 20976 --- [practice-basic-auth] [main] o.s.b.f.s.DefaultListableBeanFactory     : Creating shared instance of singleton bean 'org.springframework.boot.autoconfigure.internalCachingMetadataReaderFactory'
2026-06-10T22:34:46.020-05:00 DEBUG 20976 --- [practice-basic-auth] [main] o.s.c.a.ClassPathBeanDefinitionScanner   : Identified candidate component class: file [C:\Users\sbenj\Desktop\practice-basic-auth\target\classes\org\bsr\springboot\practicebasicauth\features\AppUserController.class]
2026-06-10T22:34:46.021-05:00 DEBUG 20976 --- [practice-basic-auth] [main] o.s.c.a.ClassPathBeanDefinitionScanner   : Identified candidate component class: file [C:\Users\sbenj\Desktop\practice-basic-auth\target\classes\org\bsr\springboot\practicebasicauth\features\AppUserMapper.class]
2026-06-10T22:34:46.022-05:00 DEBUG 20976 --- [practice-basic-auth] [main] o.s.c.a.ClassPathBeanDefinitionScanner   : Identified candidate component class: file [C:\Users\sbenj\Desktop\practice-basic-auth\target\classes\org\bsr\springboot\practicebasicauth\features\AppUserRepository.class]
2026-06-10T22:34:46.024-05:00 DEBUG 20976 --- [practice-basic-auth] [main] o.s.c.a.ClassPathBeanDefinitionScanner   : Identified candidate component class: file [C:\Users\sbenj\Desktop\practice-basic-auth\target\classes\org\bsr\springboot\practicebasicauth\features\AppUserService.class]
2026-06-10T22:34:46.025-05:00 DEBUG 20976 --- [practice-basic-auth] [main] o.s.c.a.ClassPathBeanDefinitionScanner   : Identified candidate component class: file [C:\Users\sbenj\Desktop\practice-basic-auth\target\classes\org\bsr\springboot\practicebasicauth\security\AppUserDetailsService.class]
2026-06-10T22:34:46.026-05:00 DEBUG 20976 --- [practice-basic-auth] [main] o.s.c.a.ClassPathBeanDefinitionScanner   : Identified candidate component class: file [C:\Users\sbenj\Desktop\practice-basic-auth\target\classes\org\bsr\springboot\practicebasicauth\security\CustomAccessDeniedHandler.class]
2026-06-10T22:34:46.027-05:00 DEBUG 20976 --- [practice-basic-auth] [main] o.s.c.a.ClassPathBeanDefinitionScanner   : Identified candidate component class: file [C:\Users\sbenj\Desktop\practice-basic-auth\target\classes\org\bsr\springboot\practicebasicauth\security\CustomAuthenticationEntryPoint.class]
2026-06-10T22:34:46.035-05:00 DEBUG 20976 --- [practice-basic-auth] [main] o.s.c.a.ClassPathBeanDefinitionScanner   : Identified candidate component class: file [C:\Users\sbenj\Desktop\practice-basic-auth\target\classes\org\bsr\springboot\practicebasicauth\security\SecurityConfig.class]
2026-06-10T22:34:46.554-05:00  INFO 20976 --- [practice-basic-auth] [main] .s.d.r.c.RepositoryConfigurationDelegate : Bootstrapping Spring Data JDBC repositories in DEFAULT mode.
2026-06-10T22:34:46.559-05:00 DEBUG 20976 --- [practice-basic-auth] [main] o.s.b.f.s.DefaultListableBeanFactory     : Creating shared instance of singleton bean 'org.springframework.boot.autoconfigure.AutoConfigurationPackages'
2026-06-10T22:34:46.564-05:00 DEBUG 20976 --- [practice-basic-auth] [main] o.s.b.a.AutoConfigurationPackages        : @EnableAutoConfiguration was declared on a class in the package 'org.bsr.springboot.practicebasicauth'. Automatic @Repository and @Entity scanning is enabled.
2026-06-10T22:34:46.565-05:00 DEBUG 20976 --- [practice-basic-auth] [main] .s.d.r.c.RepositoryConfigurationDelegate : Scanning for JDBC repositories in packages org.bsr.springboot.practicebasicauth.
2026-06-10T22:34:46.573-05:00  INFO 20976 --- [practice-basic-auth] [main] .s.d.r.c.RepositoryConfigurationDelegate : Finished Spring Data repository scanning in 6 ms. Found 0 JDBC repository interfaces.
2026-06-10T22:34:46.674-05:00 DEBUG 20976 --- [practice-basic-auth] [main] o.s.b.f.s.DefaultListableBeanFactory     : Creating shared instance of singleton bean 'springSecurityPathPatternParserBeanDefinitionRegistryPostProcessor'
2026-06-10T22:34:46.722-05:00 DEBUG 20976 --- [practice-basic-auth] [main] o.s.b.f.s.DefaultListableBeanFactory     : Creating shared instance of singleton bean 'propertySourcesPlaceholderConfigurer'
2026-06-10T22:34:46.725-05:00 DEBUG 20976 --- [practice-basic-auth] [main] o.s.b.f.s.DefaultListableBeanFactory     : Creating shared instance of singleton bean 'org.springframework.boot.sql.init.dependency.DatabaseInitializationDependencyConfigurer$DependsOnDatabaseInitializationPostProcessor'
2026-06-10T22:34:46.748-05:00 DEBUG 20976 --- [practice-basic-auth] [main] o.s.b.f.s.DefaultListableBeanFactory     : Creating shared instance of singleton bean 'org.springframework.context.event.internalEventListenerProcessor'
2026-06-10T22:34:46.749-05:00 DEBUG 20976 --- [practice-basic-auth] [main] o.s.b.f.s.DefaultListableBeanFactory     : Creating shared instance of singleton bean 'conversionServicePostProcessor'
2026-06-10T22:34:46.753-05:00 DEBUG 20976 --- [practice-basic-auth] [main] o.s.b.f.s.DefaultListableBeanFactory     : Creating shared instance of singleton bean 'bootstrapExecutorAliasPostProcessor'
2026-06-10T22:34:46.754-05:00 DEBUG 20976 --- [practice-basic-auth] [main] o.s.b.f.s.DefaultListableBeanFactory     : Creating shared instance of singleton bean 'preserveErrorControllerTargetClassPostProcessor'
2026-06-10T22:34:46.754-05:00 DEBUG 20976 --- [practice-basic-auth] [main] o.s.b.f.s.DefaultListableBeanFactory     : Creating shared instance of singleton bean 'forceAutoProxyCreatorToUseClassProxying'
2026-06-10T22:34:46.755-05:00 DEBUG 20976 --- [practice-basic-auth] [main] o.s.b.f.s.DefaultListableBeanFactory     : Creating shared instance of singleton bean 'org.springframework.context.event.internalEventListenerFactory'
2026-06-10T22:34:46.756-05:00 DEBUG 20976 --- [practice-basic-auth] [main] o.s.b.f.s.DefaultListableBeanFactory     : Creating shared instance of singleton bean 'org.springframework.transaction.config.internalTransactionalEventListenerFactory'
2026-06-10T22:34:46.759-05:00 DEBUG 20976 --- [practice-basic-auth] [main] o.s.b.f.s.DefaultListableBeanFactory     : Creating shared instance of singleton bean 'org.springframework.context.annotation.internalAutowiredAnnotationProcessor'
2026-06-10T22:34:46.761-05:00 DEBUG 20976 --- [practice-basic-auth] [main] o.s.b.f.s.DefaultListableBeanFactory     : Creating shared instance of singleton bean 'org.springframework.context.annotation.internalCommonAnnotationProcessor'
2026-06-10T22:34:46.764-05:00 DEBUG 20976 --- [practice-basic-auth] [main] o.s.b.f.s.DefaultListableBeanFactory     : Creating shared instance of singleton bean 'org.springframework.boot.context.properties.ConfigurationPropertiesBindingPostProcessor'
2026-06-10T22:34:46.765-05:00 DEBUG 20976 --- [practice-basic-auth] [main] o.s.b.f.s.DefaultListableBeanFactory     : Creating shared instance of singleton bean 'org.springframework.boot.context.internalConfigurationPropertiesBinder'
2026-06-10T22:34:46.767-05:00 DEBUG 20976 --- [practice-basic-auth] [main] o.s.b.f.s.DefaultListableBeanFactory     : Creating shared instance of singleton bean 'jdbcConnectionDetailsHikariBeanPostProcessor'
2026-06-10T22:34:46.770-05:00 DEBUG 20976 --- [practice-basic-auth] [main] o.s.b.f.s.DefaultListableBeanFactory     : Creating shared instance of singleton bean 'methodValidationPostProcessor'
2026-06-10T22:34:46.772-05:00 DEBUG 20976 --- [practice-basic-auth] [main] o.s.b.f.s.DefaultListableBeanFactory     : Autowiring by type from bean name 'methodValidationPostProcessor' via factory method to bean named 'environment'
2026-06-10T22:34:46.774-05:00 DEBUG 20976 --- [practice-basic-auth] [main] o.s.b.f.s.DefaultListableBeanFactory     : Creating shared instance of singleton bean 'org.springframework.boot.context.properties.EnableConfigurationPropertiesRegistrar.methodValidationExcludeFilter'
2026-06-10T22:34:46.784-05:00 DEBUG 20976 --- [practice-basic-auth] [main] o.s.b.f.s.DefaultListableBeanFactory     : Creating shared instance of singleton bean 'org.springframework.aop.framework.autoproxy.defaultProxyConfig'
2026-06-10T22:34:46.794-05:00 DEBUG 20976 --- [practice-basic-auth] [main] o.s.b.f.s.DefaultListableBeanFactory     : Creating shared instance of singleton bean 'persistenceExceptionTranslationPostProcessor'
2026-06-10T22:34:46.795-05:00 DEBUG 20976 --- [practice-basic-auth] [main] o.s.b.f.s.DefaultListableBeanFactory     : Autowiring by type from bean name 'persistenceExceptionTranslationPostProcessor' via factory method to bean named 'environment'
2026-06-10T22:34:46.797-05:00 DEBUG 20976 --- [practice-basic-auth] [main] o.s.b.f.s.DefaultListableBeanFactory     : Creating shared instance of singleton bean 'org.springframework.aop.config.internalAutoProxyCreator'
2026-06-10T22:34:46.801-05:00 DEBUG 20976 --- [practice-basic-auth] [main] o.s.b.f.s.DefaultListableBeanFactory     : Creating shared instance of singleton bean 'meterRegistryPostProcessor'
2026-06-10T22:34:46.803-05:00 DEBUG 20976 --- [practice-basic-auth] [main] o.s.b.f.s.DefaultListableBeanFactory     : Autowiring by type from bean name 'meterRegistryPostProcessor' via factory method to bean named 'org.springframework.boot.web.server.servlet.context.AnnotationConfigServletWebServerApplicationContext@7be58f16'
2026-06-10T22:34:46.806-05:00 DEBUG 20976 --- [practice-basic-auth] [main] o.s.b.f.s.DefaultListableBeanFactory     : Creating shared instance of singleton bean 'org.springframework.transaction.config.internalTransactionAdvisor'
2026-06-10T22:34:46.807-05:00 DEBUG 20976 --- [practice-basic-auth] [main] o.s.b.f.s.DefaultListableBeanFactory     : Creating shared instance of singleton bean 'org.springframework.transaction.annotation.ProxyTransactionManagementConfiguration'
2026-06-10T22:34:46.813-05:00 DEBUG 20976 --- [practice-basic-auth] [main] o.s.b.f.s.DefaultListableBeanFactory     : Creating shared instance of singleton bean 'transactionAttributeSource'
2026-06-10T22:34:46.816-05:00 DEBUG 20976 --- [practice-basic-auth] [main] o.s.b.f.s.DefaultListableBeanFactory     : Creating shared instance of singleton bean 'transactionInterceptor'
2026-06-10T22:34:46.816-05:00 DEBUG 20976 --- [practice-basic-auth] [main] o.s.b.f.s.DefaultListableBeanFactory     : Autowiring by type from bean name 'transactionInterceptor' via factory method to bean named 'transactionAttributeSource'
2026-06-10T22:34:46.822-05:00 DEBUG 20976 --- [practice-basic-auth] [main] o.s.b.f.s.DefaultListableBeanFactory     : Autowiring by type from bean name 'org.springframework.transaction.config.internalTransactionAdvisor' via factory method to bean named 'transactionAttributeSource'
2026-06-10T22:34:46.822-05:00 DEBUG 20976 --- [practice-basic-auth] [main] o.s.b.f.s.DefaultListableBeanFactory     : Autowiring by type from bean name 'org.springframework.transaction.config.internalTransactionAdvisor' via factory method to bean named 'transactionInterceptor'
2026-06-10T22:34:46.825-05:00 DEBUG 20976 --- [practice-basic-auth] [main] o.s.b.f.s.DefaultListableBeanFactory     : Creating shared instance of singleton bean 'metricsRepositoryMethodInvocationListenerBeanPostProcessor'
2026-06-10T22:34:46.827-05:00 DEBUG 20976 --- [practice-basic-auth] [main] o.s.b.f.s.DefaultListableBeanFactory     : Creating shared instance of singleton bean 'projectingArgumentResolverBeanPostProcessor'
2026-06-10T22:34:46.842-05:00 DEBUG 20976 --- [practice-basic-auth] [main] o.s.b.f.s.DefaultListableBeanFactory     : Creating shared instance of singleton bean 'healthEndpointGroupsBeanPostProcessor'
2026-06-10T22:34:46.843-05:00 DEBUG 20976 --- [practice-basic-auth] [main] o.s.b.f.s.DefaultListableBeanFactory     : Creating shared instance of singleton bean 'observationRegistryPostProcessor'
2026-06-10T22:34:46.847-05:00 DEBUG 20976 --- [practice-basic-auth] [main] o.s.b.f.s.DefaultListableBeanFactory     : Creating shared instance of singleton bean 'webServerFactoryCustomizerBeanPostProcessor'
2026-06-10T22:34:46.847-05:00 DEBUG 20976 --- [practice-basic-auth] [main] o.s.b.f.s.DefaultListableBeanFactory     : Creating shared instance of singleton bean 'errorPageRegistrarBeanPostProcessor'
2026-06-10T22:34:46.849-05:00 DEBUG 20976 --- [practice-basic-auth] [main] o.s.b.f.s.DefaultListableBeanFactory     : Creating shared instance of singleton bean 'tomcatServletWebServerFactory'
2026-06-10T22:34:46.850-05:00 DEBUG 20976 --- [practice-basic-auth] [main] o.s.b.f.s.DefaultListableBeanFactory     : Creating shared instance of singleton bean 'org.springframework.boot.tomcat.autoconfigure.servlet.TomcatServletWebServerAutoConfiguration'
2026-06-10T22:34:46.851-05:00 DEBUG 20976 --- [practice-basic-auth] [main] o.s.b.f.s.DefaultListableBeanFactory     : Creating shared instance of singleton bean 'server.tomcat-org.springframework.boot.tomcat.autoconfigure.TomcatServerProperties'
2026-06-10T22:34:46.854-05:00 DEBUG 20976 --- [practice-basic-auth] [main] o.s.b.f.s.DefaultListableBeanFactory     : Creating shared instance of singleton bean 'org.springframework.boot.context.properties.BoundConfigurationProperties'
2026-06-10T22:34:46.863-05:00 DEBUG 20976 --- [practice-basic-auth] [main] o.s.b.f.s.DefaultListableBeanFactory     : Autowiring by type from bean name 'org.springframework.boot.tomcat.autoconfigure.servlet.TomcatServletWebServerAutoConfiguration' via constructor to bean named 'server.tomcat-org.springframework.boot.tomcat.autoconfigure.TomcatServerProperties'
2026-06-10T22:34:46.881-05:00 DEBUG 20976 --- [practice-basic-auth] [main] o.s.b.f.s.DefaultListableBeanFactory     : Creating shared instance of singleton bean 'servletWebServerFactoryCustomizer'
2026-06-10T22:34:46.881-05:00 DEBUG 20976 --- [practice-basic-auth] [main] o.s.b.f.s.DefaultListableBeanFactory     : Creating shared instance of singleton bean 'org.springframework.boot.web.server.autoconfigure.servlet.ServletWebServerConfiguration'
2026-06-10T22:34:46.883-05:00 DEBUG 20976 --- [practice-basic-auth] [main] o.s.b.f.s.DefaultListableBeanFactory     : Creating shared instance of singleton bean 'server-org.springframework.boot.web.server.autoconfigure.ServerProperties'
2026-06-10T22:34:46.887-05:00 DEBUG 20976 --- [practice-basic-auth] [main] o.s.b.f.s.DefaultListableBeanFactory     : Autowiring by type from bean name 'servletWebServerFactoryCustomizer' via factory method to bean named 'server-org.springframework.boot.web.server.autoconfigure.ServerProperties'
2026-06-10T22:34:46.889-05:00 DEBUG 20976 --- [practice-basic-auth] [main] o.s.b.f.s.DefaultListableBeanFactory     : Creating shared instance of singleton bean 'sslBundleRegistry'
2026-06-10T22:34:46.889-05:00 DEBUG 20976 --- [practice-basic-auth] [main] o.s.b.f.s.DefaultListableBeanFactory     : Creating shared instance of singleton bean 'org.springframework.boot.autoconfigure.ssl.SslAutoConfiguration'
2026-06-10T22:34:46.890-05:00 DEBUG 20976 --- [practice-basic-auth] [main] o.s.b.f.s.DefaultListableBeanFactory     : Creating shared instance of singleton bean 'spring.ssl-org.springframework.boot.autoconfigure.ssl.SslProperties'
2026-06-10T22:34:46.891-05:00 DEBUG 20976 --- [practice-basic-auth] [main] o.s.b.f.s.DefaultListableBeanFactory     : Autowiring by type from bean name 'org.springframework.boot.autoconfigure.ssl.SslAutoConfiguration' via constructor to bean named 'org.springframework.boot.web.server.servlet.context.AnnotationConfigServletWebServerApplicationContext@7be58f16'
2026-06-10T22:34:46.891-05:00 DEBUG 20976 --- [practice-basic-auth] [main] o.s.b.f.s.DefaultListableBeanFactory     : Autowiring by type from bean name 'org.springframework.boot.autoconfigure.ssl.SslAutoConfiguration' via constructor to bean named 'spring.ssl-org.springframework.boot.autoconfigure.ssl.SslProperties'
2026-06-10T22:34:46.894-05:00 DEBUG 20976 --- [practice-basic-auth] [main] o.s.b.f.s.DefaultListableBeanFactory     : Creating shared instance of singleton bean 'sslPropertiesSslBundleRegistrar'
2026-06-10T22:34:46.894-05:00 DEBUG 20976 --- [practice-basic-auth] [main] o.s.b.f.s.DefaultListableBeanFactory     : Creating shared instance of singleton bean 'fileWatcher'
2026-06-10T22:34:46.895-05:00 DEBUG 20976 --- [practice-basic-auth] [main] o.s.b.f.s.DefaultListableBeanFactory     : Autowiring by type from bean name 'sslPropertiesSslBundleRegistrar' via factory method to bean named 'fileWatcher'
2026-06-10T22:34:46.899-05:00 DEBUG 20976 --- [practice-basic-auth] [main] o.s.b.f.s.DefaultListableBeanFactory     : Creating shared instance of singleton bean 'webSocketWebServerCustomizer'
2026-06-10T22:34:46.900-05:00 DEBUG 20976 --- [practice-basic-auth] [main] o.s.b.f.s.DefaultListableBeanFactory     : Creating shared instance of singleton bean 'org.springframework.boot.tomcat.autoconfigure.TomcatWebServerConfiguration$TomcatWebSocketConfiguration'
2026-06-10T22:34:46.900-05:00 DEBUG 20976 --- [practice-basic-auth] [main] o.s.b.f.s.DefaultListableBeanFactory     : Creating shared instance of singleton bean 'tomcatWebServerFactoryCustomizer'
2026-06-10T22:34:46.900-05:00 DEBUG 20976 --- [practice-basic-auth] [main] o.s.b.f.s.DefaultListableBeanFactory     : Creating shared instance of singleton bean 'org.springframework.boot.tomcat.autoconfigure.TomcatWebServerConfiguration'
2026-06-10T22:34:46.902-05:00 DEBUG 20976 --- [practice-basic-auth] [main] o.s.b.f.s.DefaultListableBeanFactory     : Creating shared instance of singleton bean 'spring.web-org.springframework.boot.autoconfigure.web.WebProperties'
2026-06-10T22:34:46.904-05:00 DEBUG 20976 --- [practice-basic-auth] [main] o.s.b.f.s.DefaultListableBeanFactory     : Autowiring by type from bean name 'tomcatWebServerFactoryCustomizer' via factory method to bean named 'environment'
2026-06-10T22:34:46.904-05:00 DEBUG 20976 --- [practice-basic-auth] [main] o.s.b.f.s.DefaultListableBeanFactory     : Autowiring by type from bean name 'tomcatWebServerFactoryCustomizer' via factory method to bean named 'server-org.springframework.boot.web.server.autoconfigure.ServerProperties'
2026-06-10T22:34:46.904-05:00 DEBUG 20976 --- [practice-basic-auth] [main] o.s.b.f.s.DefaultListableBeanFactory     : Autowiring by type from bean name 'tomcatWebServerFactoryCustomizer' via factory method to bean named 'server.tomcat-org.springframework.boot.tomcat.autoconfigure.TomcatServerProperties'
2026-06-10T22:34:46.904-05:00 DEBUG 20976 --- [practice-basic-auth] [main] o.s.b.f.s.DefaultListableBeanFactory     : Autowiring by type from bean name 'tomcatWebServerFactoryCustomizer' via factory method to bean named 'spring.web-org.springframework.boot.autoconfigure.web.WebProperties'
2026-06-10T22:34:46.906-05:00 DEBUG 20976 --- [practice-basic-auth] [main] o.s.b.f.s.DefaultListableBeanFactory     : Creating shared instance of singleton bean 'tomcatServletWebServerFactoryCustomizer'
2026-06-10T22:34:46.906-05:00 DEBUG 20976 --- [practice-basic-auth] [main] o.s.b.f.s.DefaultListableBeanFactory     : Autowiring by type from bean name 'tomcatServletWebServerFactoryCustomizer' via factory method to bean named 'server.tomcat-org.springframework.boot.tomcat.autoconfigure.TomcatServerProperties'
2026-06-10T22:34:46.925-05:00 DEBUG 20976 --- [practice-basic-auth] [main] o.s.b.f.s.DefaultListableBeanFactory     : Creating shared instance of singleton bean 'errorPageCustomizer'
2026-06-10T22:34:46.925-05:00 DEBUG 20976 --- [practice-basic-auth] [main] o.s.b.f.s.DefaultListableBeanFactory     : Creating shared instance of singleton bean 'org.springframework.boot.webmvc.autoconfigure.error.ErrorMvcAutoConfiguration'
2026-06-10T22:34:46.926-05:00 DEBUG 20976 --- [practice-basic-auth] [main] o.s.b.f.s.DefaultListableBeanFactory     : Autowiring by type from bean name 'org.springframework.boot.webmvc.autoconfigure.error.ErrorMvcAutoConfiguration' via constructor to bean named 'spring.web-org.springframework.boot.autoconfigure.web.WebProperties'
2026-06-10T22:34:46.926-05:00 DEBUG 20976 --- [practice-basic-auth] [main] o.s.b.f.s.DefaultListableBeanFactory     : Creating shared instance of singleton bean 'dispatcherServletRegistration'
2026-06-10T22:34:46.926-05:00 DEBUG 20976 --- [practice-basic-auth] [main] o.s.b.f.s.DefaultListableBeanFactory     : Creating shared instance of singleton bean 'org.springframework.boot.webmvc.autoconfigure.DispatcherServletAutoConfiguration$DispatcherServletRegistrationConfiguration'
2026-06-10T22:34:46.927-05:00 DEBUG 20976 --- [practice-basic-auth] [main] o.s.b.f.s.DefaultListableBeanFactory     : Creating shared instance of singleton bean 'dispatcherServlet'
2026-06-10T22:34:46.927-05:00 DEBUG 20976 --- [practice-basic-auth] [main] o.s.b.f.s.DefaultListableBeanFactory     : Creating shared instance of singleton bean 'org.springframework.boot.webmvc.autoconfigure.DispatcherServletAutoConfiguration$DispatcherServletConfiguration'
2026-06-10T22:34:46.927-05:00 DEBUG 20976 --- [practice-basic-auth] [main] o.s.b.f.s.DefaultListableBeanFactory     : Creating shared instance of singleton bean 'spring.mvc-org.springframework.boot.webmvc.autoconfigure.WebMvcProperties'
2026-06-10T22:34:46.929-05:00 DEBUG 20976 --- [practice-basic-auth] [main] o.s.b.f.s.DefaultListableBeanFactory     : Autowiring by type from bean name 'dispatcherServlet' via factory method to bean named 'spring.mvc-org.springframework.boot.webmvc.autoconfigure.WebMvcProperties'
2026-06-10T22:34:46.937-05:00 DEBUG 20976 --- [practice-basic-auth] [main] o.s.b.f.s.DefaultListableBeanFactory     : Autowiring by type from bean name 'dispatcherServletRegistration' via factory method to bean named 'dispatcherServlet'
2026-06-10T22:34:46.938-05:00 DEBUG 20976 --- [practice-basic-auth] [main] o.s.b.f.s.DefaultListableBeanFactory     : Autowiring by type from bean name 'dispatcherServletRegistration' via factory method to bean named 'spring.mvc-org.springframework.boot.webmvc.autoconfigure.WebMvcProperties'
2026-06-10T22:34:46.939-05:00 DEBUG 20976 --- [practice-basic-auth] [main] o.s.b.f.s.DefaultListableBeanFactory     : Creating shared instance of singleton bean 'multipartConfigElement'
2026-06-10T22:34:46.939-05:00 DEBUG 20976 --- [practice-basic-auth] [main] o.s.b.f.s.DefaultListableBeanFactory     : Creating shared instance of singleton bean 'org.springframework.boot.servlet.autoconfigure.MultipartAutoConfiguration'
2026-06-10T22:34:46.939-05:00 DEBUG 20976 --- [practice-basic-auth] [main] o.s.b.f.s.DefaultListableBeanFactory     : Creating shared instance of singleton bean 'spring.servlet.multipart-org.springframework.boot.servlet.autoconfigure.MultipartProperties'
2026-06-10T22:34:46.941-05:00 DEBUG 20976 --- [practice-basic-auth] [main] o.s.b.f.s.DefaultListableBeanFactory     : Autowiring by type from bean name 'org.springframework.boot.servlet.autoconfigure.MultipartAutoConfiguration' via constructor to bean named 'spring.servlet.multipart-org.springframework.boot.servlet.autoconfigure.MultipartProperties'
2026-06-10T22:34:46.944-05:00 DEBUG 20976 --- [practice-basic-auth] [main] o.s.b.f.s.DefaultListableBeanFactory     : Autowiring by type from bean name 'errorPageCustomizer' via factory method to bean named 'dispatcherServletRegistration'
2026-06-10T22:34:46.995-05:00 DEBUG 20976 --- [practice-basic-auth] [main] o.s.b.t.s.TomcatServletWebServerFactory  : Code archive: C:\Users\sbenj\.m2\repository\org\springframework\boot\spring-boot-web-server\4.0.6\spring-boot-web-server-4.0.6.jar
2026-06-10T22:34:46.995-05:00 DEBUG 20976 --- [practice-basic-auth] [main] o.s.b.t.s.TomcatServletWebServerFactory  : Code archive: C:\Users\sbenj\.m2\repository\org\springframework\boot\spring-boot-web-server\4.0.6\spring-boot-web-server-4.0.6.jar
2026-06-10T22:34:46.995-05:00 DEBUG 20976 --- [practice-basic-auth] [main] o.s.b.t.s.TomcatServletWebServerFactory  : None of the document roots [src/main/webapp, public, static] point to a directory and will be ignored.
2026-06-10T22:34:47.021-05:00  INFO 20976 --- [practice-basic-auth] [main] o.s.boot.tomcat.TomcatWebServer          : Tomcat initialized with port 8080 (http)
2026-06-10T22:34:47.037-05:00  INFO 20976 --- [practice-basic-auth] [main] o.apache.catalina.core.StandardService   : Starting service [Tomcat]
2026-06-10T22:34:47.037-05:00  INFO 20976 --- [practice-basic-auth] [main] o.apache.catalina.core.StandardEngine    : Starting Servlet engine: [Apache Tomcat/11.0.22]
2026-06-10T22:34:47.090-05:00 DEBUG 20976 --- [practice-basic-auth] [main] b.w.c.s.WebApplicationContextInitializer : Published root WebApplicationContext as ServletContext attribute with name [org.springframework.web.context.WebApplicationContext.ROOT]
2026-06-10T22:34:47.090-05:00  INFO 20976 --- [practice-basic-auth] [main] b.w.c.s.WebApplicationContextInitializer : Root WebApplicationContext: initialization completed in 1138 ms
2026-06-10T22:34:47.093-05:00 DEBUG 20976 --- [practice-basic-auth] [main] o.s.b.f.s.DefaultListableBeanFactory     : Creating shared instance of singleton bean 'securityFilterChainRegistration'
2026-06-10T22:34:47.093-05:00 DEBUG 20976 --- [practice-basic-auth] [main] o.s.b.f.s.DefaultListableBeanFactory     : Creating shared instance of singleton bean 'org.springframework.boot.security.autoconfigure.web.servlet.SecurityFilterAutoConfiguration'
2026-06-10T22:34:47.093-05:00 DEBUG 20976 --- [practice-basic-auth] [main] o.s.b.f.s.DefaultListableBeanFactory     : Creating shared instance of singleton bean 'spring.security.filter-org.springframework.boot.security.autoconfigure.web.servlet.SecurityFilterProperties'
2026-06-10T22:34:47.094-05:00 DEBUG 20976 --- [practice-basic-auth] [main] o.s.b.f.s.DefaultListableBeanFactory     : Autowiring by type from bean name 'securityFilterChainRegistration' via factory method to bean named 'spring.security.filter-org.springframework.boot.security.autoconfigure.web.servlet.SecurityFilterProperties'
2026-06-10T22:34:47.096-05:00 DEBUG 20976 --- [practice-basic-auth] [main] o.s.b.f.s.DefaultListableBeanFactory     : Creating shared instance of singleton bean 'webMvcObservationFilter'
2026-06-10T22:34:47.096-05:00 DEBUG 20976 --- [practice-basic-auth] [main] o.s.b.f.s.DefaultListableBeanFactory     : Creating shared instance of singleton bean 'org.springframework.boot.webmvc.autoconfigure.WebMvcObservationAutoConfiguration'
2026-06-10T22:34:47.097-05:00 DEBUG 20976 --- [practice-basic-auth] [main] o.s.b.f.s.DefaultListableBeanFactory     : Creating shared instance of singleton bean 'observationRegistry'
2026-06-10T22:34:47.097-05:00 DEBUG 20976 --- [practice-basic-auth] [main] o.s.b.f.s.DefaultListableBeanFactory     : Creating shared instance of singleton bean 'org.springframework.boot.micrometer.observation.autoconfigure.ObservationAutoConfiguration'
2026-06-10T22:34:47.099-05:00 DEBUG 20976 --- [practice-basic-auth] [main] o.s.b.f.s.DefaultListableBeanFactory     : Creating shared instance of singleton bean 'propertiesObservationFilter'
2026-06-10T22:34:47.100-05:00 DEBUG 20976 --- [practice-basic-auth] [main] o.s.b.f.s.DefaultListableBeanFactory     : Creating shared instance of singleton bean 'management.observations-org.springframework.boot.micrometer.observation.autoconfigure.ObservationProperties'
2026-06-10T22:34:47.101-05:00 DEBUG 20976 --- [practice-basic-auth] [main] o.s.b.f.s.DefaultListableBeanFactory     : Autowiring by type from bean name 'propertiesObservationFilter' via factory method to bean named 'management.observations-org.springframework.boot.micrometer.observation.autoconfigure.ObservationProperties'
2026-06-10T22:34:47.104-05:00 DEBUG 20976 --- [practice-basic-auth] [main] o.s.b.f.s.DefaultListableBeanFactory     : Creating shared instance of singleton bean 'metricsObservationHandlerGroup'
2026-06-10T22:34:47.105-05:00 DEBUG 20976 --- [practice-basic-auth] [main] o.s.b.f.s.DefaultListableBeanFactory     : Creating shared instance of singleton bean 'org.springframework.boot.micrometer.metrics.autoconfigure.MetricsAutoConfiguration'
2026-06-10T22:34:47.106-05:00 DEBUG 20976 --- [practice-basic-auth] [main] o.s.b.f.s.DefaultListableBeanFactory     : Creating shared instance of singleton bean 'defaultMeterObservationHandler'
2026-06-10T22:34:47.107-05:00 DEBUG 20976 --- [practice-basic-auth] [main] o.s.b.f.s.DefaultListableBeanFactory     : Creating shared instance of singleton bean 'micrometerClock'
2026-06-10T22:34:47.108-05:00 DEBUG 20976 --- [practice-basic-auth] [main] o.s.b.f.s.DefaultListableBeanFactory     : Creating shared instance of singleton bean 'management.metrics-org.springframework.boot.micrometer.metrics.autoconfigure.MetricsProperties'
2026-06-10T22:34:47.110-05:00 DEBUG 20976 --- [practice-basic-auth] [main] o.s.b.f.s.DefaultListableBeanFactory     : Autowiring by type from bean name 'defaultMeterObservationHandler' via factory method to bean named 'micrometerClock'
2026-06-10T22:34:47.111-05:00 DEBUG 20976 --- [practice-basic-auth] [main] o.s.b.f.s.DefaultListableBeanFactory     : Autowiring by type from bean name 'defaultMeterObservationHandler' via factory method to bean named 'management.metrics-org.springframework.boot.micrometer.metrics.autoconfigure.MetricsProperties'
2026-06-10T22:34:47.112-05:00 DEBUG 20976 --- [practice-basic-auth] [main] o.s.b.f.s.DefaultListableBeanFactory     : Creating shared instance of singleton bean 'simpleMeterRegistry'
2026-06-10T22:34:47.112-05:00 DEBUG 20976 --- [practice-basic-auth] [main] o.s.b.f.s.DefaultListableBeanFactory     : Creating shared instance of singleton bean 'org.springframework.boot.micrometer.metrics.autoconfigure.export.simple.SimpleMetricsExportAutoConfiguration'
2026-06-10T22:34:47.113-05:00 DEBUG 20976 --- [practice-basic-auth] [main] o.s.b.f.s.DefaultListableBeanFactory     : Creating shared instance of singleton bean 'simpleConfig'
2026-06-10T22:34:47.113-05:00 DEBUG 20976 --- [practice-basic-auth] [main] o.s.b.f.s.DefaultListableBeanFactory     : Creating shared instance of singleton bean 'management.simple.metrics.export-org.springframework.boot.micrometer.metrics.autoconfigure.export.simple.SimpleProperties'
2026-06-10T22:34:47.114-05:00 DEBUG 20976 --- [practice-basic-auth] [main] o.s.b.f.s.DefaultListableBeanFactory     : Autowiring by type from bean name 'simpleConfig' via factory method to bean named 'management.simple.metrics.export-org.springframework.boot.micrometer.metrics.autoconfigure.export.simple.SimpleProperties'
2026-06-10T22:34:47.117-05:00 DEBUG 20976 --- [practice-basic-auth] [main] o.s.b.f.s.DefaultListableBeanFactory     : Autowiring by type from bean name 'simpleMeterRegistry' via factory method to bean named 'simpleConfig'
2026-06-10T22:34:47.117-05:00 DEBUG 20976 --- [practice-basic-auth] [main] o.s.b.f.s.DefaultListableBeanFactory     : Autowiring by type from bean name 'simpleMeterRegistry' via factory method to bean named 'micrometerClock'
2026-06-10T22:34:47.133-05:00 DEBUG 20976 --- [practice-basic-auth] [main] o.s.b.f.s.DefaultListableBeanFactory     : Creating shared instance of singleton bean 'propertiesMeterFilter'
2026-06-10T22:34:47.133-05:00 DEBUG 20976 --- [practice-basic-auth] [main] o.s.b.f.s.DefaultListableBeanFactory     : Autowiring by type from bean name 'propertiesMeterFilter' via factory method to bean named 'management.metrics-org.springframework.boot.micrometer.metrics.autoconfigure.MetricsProperties'
2026-06-10T22:34:47.135-05:00 DEBUG 20976 --- [practice-basic-auth] [main] o.s.b.f.s.DefaultListableBeanFactory     : Creating shared instance of singleton bean 'metricsHttpServerUriTagFilter'
2026-06-10T22:34:47.135-05:00 DEBUG 20976 --- [practice-basic-auth] [main] o.s.b.f.s.DefaultListableBeanFactory     : Creating shared instance of singleton bean 'org.springframework.boot.webmvc.autoconfigure.WebMvcObservationAutoConfiguration$MeterFilterConfiguration'
2026-06-10T22:34:47.136-05:00 DEBUG 20976 --- [practice-basic-auth] [main] o.s.b.f.s.DefaultListableBeanFactory     : Autowiring by type from bean name 'metricsHttpServerUriTagFilter' via factory method to bean named 'management.observations-org.springframework.boot.micrometer.observation.autoconfigure.ObservationProperties'
2026-06-10T22:34:47.136-05:00 DEBUG 20976 --- [practice-basic-auth] [main] o.s.b.f.s.DefaultListableBeanFactory     : Autowiring by type from bean name 'metricsHttpServerUriTagFilter' via factory method to bean named 'management.metrics-org.springframework.boot.micrometer.metrics.autoconfigure.MetricsProperties'
2026-06-10T22:34:47.142-05:00 DEBUG 20976 --- [practice-basic-auth] [main] o.s.b.f.s.DefaultListableBeanFactory     : Autowiring by type from bean name 'webMvcObservationFilter' via factory method to bean named 'observationRegistry'
2026-06-10T22:34:47.142-05:00 DEBUG 20976 --- [practice-basic-auth] [main] o.s.b.f.s.DefaultListableBeanFactory     : Autowiring by type from bean name 'webMvcObservationFilter' via factory method to bean named 'management.observations-org.springframework.boot.micrometer.observation.autoconfigure.ObservationProperties'
2026-06-10T22:34:47.147-05:00 DEBUG 20976 --- [practice-basic-auth] [main] o.s.b.f.s.DefaultListableBeanFactory     : Creating shared instance of singleton bean 'servletEndpointRegistrar'
2026-06-10T22:34:47.148-05:00 DEBUG 20976 --- [practice-basic-auth] [main] o.s.b.f.s.DefaultListableBeanFactory     : Creating shared instance of singleton bean 'org.springframework.boot.webmvc.autoconfigure.actuate.web.WebMvcEndpointManagementContextConfiguration'
2026-06-10T22:34:47.148-05:00 DEBUG 20976 --- [practice-basic-auth] [main] o.s.b.f.s.DefaultListableBeanFactory     : Creating shared instance of singleton bean 'management.endpoints.web-org.springframework.boot.actuate.autoconfigure.endpoint.web.WebEndpointProperties'
2026-06-10T22:34:47.151-05:00 DEBUG 20976 --- [practice-basic-auth] [main] o.s.b.f.s.DefaultListableBeanFactory     : Creating shared instance of singleton bean 'servletEndpointDiscoverer'
2026-06-10T22:34:47.152-05:00 DEBUG 20976 --- [practice-basic-auth] [main] o.s.b.f.s.DefaultListableBeanFactory     : Creating shared instance of singleton bean 'org.springframework.boot.actuate.autoconfigure.endpoint.web.WebEndpointAutoConfiguration$WebEndpointServletConfiguration'
2026-06-10T22:34:47.152-05:00 DEBUG 20976 --- [practice-basic-auth] [main] o.s.b.f.s.DefaultListableBeanFactory     : Autowiring by type from bean name 'servletEndpointDiscoverer' via factory method to bean named 'org.springframework.boot.web.server.servlet.context.AnnotationConfigServletWebServerApplicationContext@7be58f16'
2026-06-10T22:34:47.155-05:00 DEBUG 20976 --- [practice-basic-auth] [main] o.s.b.f.s.DefaultListableBeanFactory     : Creating shared instance of singleton bean 'webEndpointPathMapper'
2026-06-10T22:34:47.155-05:00 DEBUG 20976 --- [practice-basic-auth] [main] o.s.b.f.s.DefaultListableBeanFactory     : Creating shared instance of singleton bean 'org.springframework.boot.actuate.autoconfigure.endpoint.web.WebEndpointAutoConfiguration'
2026-06-10T22:34:47.155-05:00 DEBUG 20976 --- [practice-basic-auth] [main] o.s.b.f.s.DefaultListableBeanFactory     : Autowiring by type from bean name 'org.springframework.boot.actuate.autoconfigure.endpoint.web.WebEndpointAutoConfiguration' via constructor to bean named 'org.springframework.boot.web.server.servlet.context.AnnotationConfigServletWebServerApplicationContext@7be58f16'
2026-06-10T22:34:47.156-05:00 DEBUG 20976 --- [practice-basic-auth] [main] o.s.b.f.s.DefaultListableBeanFactory     : Autowiring by type from bean name 'org.springframework.boot.actuate.autoconfigure.endpoint.web.WebEndpointAutoConfiguration' via constructor to bean named 'management.endpoints.web-org.springframework.boot.actuate.autoconfigure.endpoint.web.WebEndpointProperties'
2026-06-10T22:34:47.157-05:00 DEBUG 20976 --- [practice-basic-auth] [main] o.s.b.f.s.DefaultListableBeanFactory     : Creating shared instance of singleton bean 'servletExposeExcludePropertyEndpointFilter'
2026-06-10T22:34:47.158-05:00 DEBUG 20976 --- [practice-basic-auth] [main] o.s.b.f.s.DefaultListableBeanFactory     : Creating shared instance of singleton bean 'org.springframework.boot.servlet.autoconfigure.actuate.web.ServletEndpointManagementContextConfiguration'
2026-06-10T22:34:47.158-05:00 DEBUG 20976 --- [practice-basic-auth] [main] o.s.b.f.s.DefaultListableBeanFactory     : Autowiring by type from bean name 'servletExposeExcludePropertyEndpointFilter' via factory method to bean named 'management.endpoints.web-org.springframework.boot.actuate.autoconfigure.endpoint.web.WebEndpointProperties'
2026-06-10T22:34:47.163-05:00 DEBUG 20976 --- [practice-basic-auth] [main] o.s.b.f.s.DefaultListableBeanFactory     : Creating shared instance of singleton bean 'propertiesEndpointAccessResolver'
2026-06-10T22:34:47.163-05:00 DEBUG 20976 --- [practice-basic-auth] [main] o.s.b.f.s.DefaultListableBeanFactory     : Creating shared instance of singleton bean 'org.springframework.boot.actuate.autoconfigure.endpoint.EndpointAutoConfiguration'
2026-06-10T22:34:47.163-05:00 DEBUG 20976 --- [practice-basic-auth] [main] o.s.b.f.s.DefaultListableBeanFactory     : Autowiring by type from bean name 'propertiesEndpointAccessResolver' via factory method to bean named 'environment'
2026-06-10T22:34:47.164-05:00 DEBUG 20976 --- [practice-basic-auth] [main] o.s.b.f.s.DefaultListableBeanFactory     : Autowiring by type from bean name 'servletEndpointRegistrar' via factory method to bean named 'management.endpoints.web-org.springframework.boot.actuate.autoconfigure.endpoint.web.WebEndpointProperties'
2026-06-10T22:34:47.164-05:00 DEBUG 20976 --- [practice-basic-auth] [main] o.s.b.f.s.DefaultListableBeanFactory     : Autowiring by type from bean name 'servletEndpointRegistrar' via factory method to bean named 'servletEndpointDiscoverer'
2026-06-10T22:34:47.164-05:00 DEBUG 20976 --- [practice-basic-auth] [main] o.s.b.f.s.DefaultListableBeanFactory     : Autowiring by type from bean name 'servletEndpointRegistrar' via factory method to bean named 'dispatcherServletRegistration'
2026-06-10T22:34:47.164-05:00 DEBUG 20976 --- [practice-basic-auth] [main] o.s.b.f.s.DefaultListableBeanFactory     : Autowiring by type from bean name 'servletEndpointRegistrar' via factory method to bean named 'propertiesEndpointAccessResolver'
2026-06-10T22:34:47.174-05:00 DEBUG 20976 --- [practice-basic-auth] [main] o.s.b.f.s.DefaultListableBeanFactory     : Creating shared instance of singleton bean 'requestContextFilter'
2026-06-10T22:34:47.176-05:00 DEBUG 20976 --- [practice-basic-auth] [main] o.s.b.f.s.DefaultListableBeanFactory     : Creating shared instance of singleton bean 'formContentFilter'
2026-06-10T22:34:47.176-05:00 DEBUG 20976 --- [practice-basic-auth] [main] o.s.b.f.s.DefaultListableBeanFactory     : Creating shared instance of singleton bean 'org.springframework.boot.webmvc.autoconfigure.WebMvcAutoConfiguration'
2026-06-10T22:34:47.177-05:00 DEBUG 20976 --- [practice-basic-auth] [main] o.s.b.f.s.DefaultListableBeanFactory     : Creating shared instance of singleton bean 'characterEncodingFilter'
2026-06-10T22:34:47.178-05:00 DEBUG 20976 --- [practice-basic-auth] [main] o.s.b.f.s.DefaultListableBeanFactory     : Creating shared instance of singleton bean 'org.springframework.boot.servlet.autoconfigure.HttpEncodingAutoConfiguration'
2026-06-10T22:34:47.178-05:00 DEBUG 20976 --- [practice-basic-auth] [main] o.s.b.f.s.DefaultListableBeanFactory     : Creating shared instance of singleton bean 'spring.servlet.encoding-org.springframework.boot.servlet.autoconfigure.ServletEncodingProperties'
2026-06-10T22:34:47.179-05:00 DEBUG 20976 --- [practice-basic-auth] [main] o.s.b.f.s.DefaultListableBeanFactory     : Autowiring by type from bean name 'characterEncodingFilter' via factory method to bean named 'spring.servlet.encoding-org.springframework.boot.servlet.autoconfigure.ServletEncodingProperties'
2026-06-10T22:34:47.184-05:00 DEBUG 20976 --- [practice-basic-auth] [main] o.s.b.w.s.ServletContextInitializerBeans : Mapping filters: webMvcObservationFilter urls=[/*] order=-2147483647, springSecurityFilterChain urls=[/*] order=-100, characterEncodingFilter urls=[/*] order=-2147483648, formContentFilter urls=[/*] order=-9900, requestContextFilter urls=[/*] order=-105
2026-06-10T22:34:47.184-05:00 DEBUG 20976 --- [practice-basic-auth] [main] o.s.b.w.s.ServletContextInitializerBeans : Mapping servlets: dispatcherServlet urls=[/]
2026-06-10T22:34:47.204-05:00 DEBUG 20976 --- [practice-basic-auth] [main] o.s.b.s.f.OrderedRequestContextFilter    : Filter 'requestContextFilter' configured for use
2026-06-10T22:34:47.206-05:00 DEBUG 20976 --- [practice-basic-auth] [main] o.s.w.f.ServerHttpObservationFilter      : Filter 'webMvcObservationFilter' configured for use
2026-06-10T22:34:47.207-05:00 DEBUG 20976 --- [practice-basic-auth] [main] o.s.b.s.f.OrderedCharacterEncodingFilter : Filter 'characterEncodingFilter' configured for use
2026-06-10T22:34:47.207-05:00 DEBUG 20976 --- [practice-basic-auth] [main] .DelegatingFilterProxyRegistrationBean$1 : Filter 'springSecurityFilterChain' configured for use
2026-06-10T22:34:47.207-05:00 DEBUG 20976 --- [practice-basic-auth] [main] o.s.b.s.filter.OrderedFormContentFilter  : Filter 'formContentFilter' configured for use
2026-06-10T22:34:47.213-05:00 DEBUG 20976 --- [practice-basic-auth] [main] o.s.b.f.s.DefaultListableBeanFactory     : Creating shared instance of singleton bean 'applicationTaskExecutor'
2026-06-10T22:34:47.213-05:00 DEBUG 20976 --- [practice-basic-auth] [main] o.s.b.f.s.DefaultListableBeanFactory     : Creating shared instance of singleton bean 'org.springframework.boot.autoconfigure.task.TaskExecutorConfigurations$TaskExecutorConfiguration'
2026-06-10T22:34:47.214-05:00 DEBUG 20976 --- [practice-basic-auth] [main] o.s.b.f.s.DefaultListableBeanFactory     : Creating shared instance of singleton bean 'threadPoolTaskExecutorBuilder'
2026-06-10T22:34:47.214-05:00 DEBUG 20976 --- [practice-basic-auth] [main] o.s.b.f.s.DefaultListableBeanFactory     : Creating shared instance of singleton bean 'org.springframework.boot.autoconfigure.task.TaskExecutorConfigurations$ThreadPoolTaskExecutorBuilderConfiguration'
2026-06-10T22:34:47.216-05:00 DEBUG 20976 --- [practice-basic-auth] [main] o.s.b.f.s.DefaultListableBeanFactory     : Creating shared instance of singleton bean 'spring.task.execution-org.springframework.boot.autoconfigure.task.TaskExecutionProperties'
2026-06-10T22:34:47.217-05:00 DEBUG 20976 --- [practice-basic-auth] [main] o.s.b.f.s.DefaultListableBeanFactory     : Autowiring by type from bean name 'threadPoolTaskExecutorBuilder' via factory method to bean named 'spring.task.execution-org.springframework.boot.autoconfigure.task.TaskExecutionProperties'
2026-06-10T22:34:47.220-05:00 DEBUG 20976 --- [practice-basic-auth] [main] o.s.b.f.s.DefaultListableBeanFactory     : Autowiring by type from bean name 'applicationTaskExecutor' via factory method to bean named 'threadPoolTaskExecutorBuilder'
2026-06-10T22:34:47.225-05:00 DEBUG 20976 --- [practice-basic-auth] [main] o.s.s.concurrent.ThreadPoolTaskExecutor  : Initializing ExecutorService 'applicationTaskExecutor'
2026-06-10T22:34:47.228-05:00 DEBUG 20976 --- [practice-basic-auth] [main] o.s.b.f.s.DefaultListableBeanFactory     : Creating shared instance of singleton bean 'practiceBasicAuthApplication'
2026-06-10T22:34:47.229-05:00 DEBUG 20976 --- [practice-basic-auth] [main] o.s.b.f.s.DefaultListableBeanFactory     : Creating shared instance of singleton bean 'appUserController'
2026-06-10T22:34:47.233-05:00 DEBUG 20976 --- [practice-basic-auth] [main] o.s.b.f.s.DefaultListableBeanFactory     : Creating shared instance of singleton bean 'appUserService'
2026-06-10T22:34:47.234-05:00 DEBUG 20976 --- [practice-basic-auth] [main] o.s.b.f.s.DefaultListableBeanFactory     : Creating shared instance of singleton bean 'appUserRepository'
2026-06-10T22:34:47.237-05:00 DEBUG 20976 --- [practice-basic-auth] [main] o.s.b.f.s.DefaultListableBeanFactory     : Creating shared instance of singleton bean 'dataSourceScriptDatabaseInitializer'
2026-06-10T22:34:47.237-05:00 DEBUG 20976 --- [practice-basic-auth] [main] o.s.b.f.s.DefaultListableBeanFactory     : Creating shared instance of singleton bean 'org.springframework.boot.jdbc.autoconfigure.DataSourceInitializationAutoConfiguration'
2026-06-10T22:34:47.238-05:00 DEBUG 20976 --- [practice-basic-auth] [main] o.s.b.f.s.DefaultListableBeanFactory     : Creating shared instance of singleton bean 'dataSource'
2026-06-10T22:34:47.239-05:00 DEBUG 20976 --- [practice-basic-auth] [main] o.s.b.f.s.DefaultListableBeanFactory     : Creating shared instance of singleton bean 'org.springframework.boot.jdbc.autoconfigure.DataSourceConfiguration$Hikari'
2026-06-10T22:34:47.242-05:00 DEBUG 20976 --- [practice-basic-auth] [main] o.s.b.f.s.DefaultListableBeanFactory     : Creating shared instance of singleton bean 'spring.datasource-org.springframework.boot.jdbc.autoconfigure.DataSourceProperties'
2026-06-10T22:34:47.248-05:00 DEBUG 20976 --- [practice-basic-auth] [main] o.s.b.f.s.DefaultListableBeanFactory     : Creating shared instance of singleton bean 'jdbcConnectionDetails'
2026-06-10T22:34:47.248-05:00 DEBUG 20976 --- [practice-basic-auth] [main] o.s.b.f.s.DefaultListableBeanFactory     : Creating shared instance of singleton bean 'org.springframework.boot.jdbc.autoconfigure.DataSourceAutoConfiguration$PooledDataSourceConfiguration'
2026-06-10T22:34:47.249-05:00 DEBUG 20976 --- [practice-basic-auth] [main] o.s.b.f.s.DefaultListableBeanFactory     : Autowiring by type from bean name 'jdbcConnectionDetails' via factory method to bean named 'spring.datasource-org.springframework.boot.jdbc.autoconfigure.DataSourceProperties'
2026-06-10T22:34:47.250-05:00 DEBUG 20976 --- [practice-basic-auth] [main] o.s.b.f.s.DefaultListableBeanFactory     : Autowiring by type from bean name 'dataSource' via factory method to bean named 'spring.datasource-org.springframework.boot.jdbc.autoconfigure.DataSourceProperties'
2026-06-10T22:34:47.250-05:00 DEBUG 20976 --- [practice-basic-auth] [main] o.s.b.f.s.DefaultListableBeanFactory     : Autowiring by type from bean name 'dataSource' via factory method to bean named 'jdbcConnectionDetails'
2026-06-10T22:34:47.250-05:00 DEBUG 20976 --- [practice-basic-auth] [main] o.s.b.f.s.DefaultListableBeanFactory     : Autowiring by type from bean name 'dataSource' via factory method to bean named 'environment'
2026-06-10T22:34:47.264-05:00 DEBUG 20976 --- [practice-basic-auth] [main] o.s.b.f.s.DefaultListableBeanFactory     : Creating shared instance of singleton bean 'spring.sql.init-org.springframework.boot.sql.autoconfigure.init.SqlInitializationProperties'
2026-06-10T22:34:47.266-05:00 DEBUG 20976 --- [practice-basic-auth] [main] o.s.b.f.s.DefaultListableBeanFactory     : Autowiring by type from bean name 'dataSourceScriptDatabaseInitializer' via factory method to bean named 'dataSource'
2026-06-10T22:34:47.266-05:00 DEBUG 20976 --- [practice-basic-auth] [main] o.s.b.f.s.DefaultListableBeanFactory     : Autowiring by type from bean name 'dataSourceScriptDatabaseInitializer' via factory method to bean named 'spring.sql.init-org.springframework.boot.sql.autoconfigure.init.SqlInitializationProperties'
2026-06-10T22:34:47.270-05:00  INFO 20976 --- [practice-basic-auth] [main] com.zaxxer.hikari.HikariDataSource       : HikariPool-1 - Starting...
2026-06-10T22:34:47.450-05:00  INFO 20976 --- [practice-basic-auth] [main] com.zaxxer.hikari.pool.HikariPool        : HikariPool-1 - Added connection conn0: url=jdbc:h2:mem:0596fb6e-54df-492b-9b7d-1952f6182961 user=SA
2026-06-10T22:34:47.452-05:00  INFO 20976 --- [practice-basic-auth] [main] com.zaxxer.hikari.HikariDataSource       : HikariPool-1 - Start completed.
2026-06-10T22:34:47.467-05:00 DEBUG 20976 --- [practice-basic-auth] [main] o.s.jdbc.datasource.DataSourceUtils      : Fetching JDBC Connection from DataSource
2026-06-10T22:34:47.467-05:00 DEBUG 20976 --- [practice-basic-auth] [main] o.s.jdbc.datasource.init.ScriptUtils     : Executing SQL script from file [C:\Users\sbenj\Desktop\practice-basic-auth\target\classes\schema.sql]
2026-06-10T22:34:47.478-05:00 DEBUG 20976 --- [practice-basic-auth] [main] o.s.jdbc.datasource.init.ScriptUtils     : 0 returned as update count for SQL: CREATE TABLE IF NOT EXISTS USERS ( USERNAME VARCHAR(50) PRIMARY KEY, HASHED_PASSWORD VARCHAR(255) NOT NULL, STATUS VARCHAR(15) NOT NULL DEFAULT 'ACTIVE', CREATED_AT TIMESTAMP DEFAULT CURRENT_TIMESTAMP, UPDATED_AT TIMESTAMP DEFAULT CURRENT_TIMESTAMP )
2026-06-10T22:34:47.479-05:00 DEBUG 20976 --- [practice-basic-auth] [main] o.s.jdbc.datasource.init.ScriptUtils     : 0 returned as update count for SQL: CREATE TABLE IF NOT EXISTS ROLES ( ROLE_NAME VARCHAR(15) PRIMARY KEY, ROLE_DESC VARCHAR(255) NOT NULL )
2026-06-10T22:34:47.480-05:00 DEBUG 20976 --- [practice-basic-auth] [main] o.s.jdbc.datasource.init.ScriptUtils     : 0 returned as update count for SQL: CREATE TABLE IF NOT EXISTS USER_ROLES ( ROLE_NAME VARCHAR(15) NOT NULL, USERNAME VARCHAR(50) NOT NULL, PRIMARY KEY (ROLE_NAME, USERNAME) )
2026-06-10T22:34:47.494-05:00 DEBUG 20976 --- [practice-basic-auth] [main] o.s.jdbc.datasource.init.ScriptUtils     : 0 returned as update count for SQL: ALTER TABLE USER_ROLES ADD CONSTRAINT fk_user_roles_users FOREIGN KEY (USERNAME) REFERENCES USERS(USERNAME) ON DELETE CASCADE
2026-06-10T22:34:47.496-05:00 DEBUG 20976 --- [practice-basic-auth] [main] o.s.jdbc.datasource.init.ScriptUtils     : 0 returned as update count for SQL: ALTER TABLE USER_ROLES ADD CONSTRAINT fk_user_roles_roles FOREIGN KEY (ROLE_NAME) REFERENCES ROLES(ROLE_NAME) ON DELETE CASCADE
2026-06-10T22:34:47.496-05:00 DEBUG 20976 --- [practice-basic-auth] [main] o.s.jdbc.datasource.init.ScriptUtils     : Executed SQL script from file [C:\Users\sbenj\Desktop\practice-basic-auth\target\classes\schema.sql] in 28 ms.
2026-06-10T22:34:47.497-05:00 DEBUG 20976 --- [practice-basic-auth] [main] o.s.jdbc.datasource.DataSourceUtils      : Fetching JDBC Connection from DataSource
2026-06-10T22:34:47.498-05:00 DEBUG 20976 --- [practice-basic-auth] [main] o.s.jdbc.datasource.init.ScriptUtils     : Executing SQL script from file [C:\Users\sbenj\Desktop\practice-basic-auth\target\classes\data.sql]
2026-06-10T22:34:47.500-05:00 DEBUG 20976 --- [practice-basic-auth] [main] o.s.jdbc.datasource.init.ScriptUtils     : 1 returned as update count for SQL: INSERT INTO USERS (USERNAME, HASHED_PASSWORD) VALUES ('admin1', '$2a$10$b1PPzL3SXdxA0sx3ecpwc.DxdCacIqxPoKsduTPkQogW.cDPcr8DS')
2026-06-10T22:34:47.501-05:00 DEBUG 20976 --- [practice-basic-auth] [main] o.s.jdbc.datasource.init.ScriptUtils     : 1 returned as update count for SQL: INSERT INTO USERS (USERNAME, HASHED_PASSWORD) VALUES ('user1', '$2a$10$GisvYeNUuwRUiVb/Andi4uaqItdavpZAIkscPifY/MpPkRI7sw6uq')
2026-06-10T22:34:47.501-05:00 DEBUG 20976 --- [practice-basic-auth] [main] o.s.jdbc.datasource.init.ScriptUtils     : 1 returned as update count for SQL: INSERT INTO ROLES (ROLE_NAME, ROLE_DESC) VALUES ('ADMIN', 'PRIVILEGED USER...')
2026-06-10T22:34:47.501-05:00 DEBUG 20976 --- [practice-basic-auth] [main] o.s.jdbc.datasource.init.ScriptUtils     : 1 returned as update count for SQL: INSERT INTO ROLES (ROLE_NAME, ROLE_DESC) VALUES ('USER', 'GENERAL USER...')
2026-06-10T22:34:47.502-05:00 DEBUG 20976 --- [practice-basic-auth] [main] o.s.jdbc.datasource.init.ScriptUtils     : 1 returned as update count for SQL: INSERT INTO USER_ROLES (ROLE_NAME, USERNAME) VALUES ('ADMIN', 'admin1')
2026-06-10T22:34:47.503-05:00 DEBUG 20976 --- [practice-basic-auth] [main] o.s.jdbc.datasource.init.ScriptUtils     : 1 returned as update count for SQL: INSERT INTO USER_ROLES (ROLE_NAME, USERNAME) VALUES ('USER', 'admin1')
2026-06-10T22:34:47.503-05:00 DEBUG 20976 --- [practice-basic-auth] [main] o.s.jdbc.datasource.init.ScriptUtils     : 1 returned as update count for SQL: INSERT INTO USER_ROLES (ROLE_NAME, USERNAME) VALUES ('USER', 'user1')
2026-06-10T22:34:47.504-05:00 DEBUG 20976 --- [practice-basic-auth] [main] o.s.jdbc.datasource.init.ScriptUtils     : Executed SQL script from file [C:\Users\sbenj\Desktop\practice-basic-auth\target\classes\data.sql] in 6 ms.
2026-06-10T22:34:47.505-05:00 DEBUG 20976 --- [practice-basic-auth] [main] o.s.b.f.s.DefaultListableBeanFactory     : Creating shared instance of singleton bean 'jdbcTemplate'
2026-06-10T22:34:47.505-05:00 DEBUG 20976 --- [practice-basic-auth] [main] o.s.b.f.s.DefaultListableBeanFactory     : Creating shared instance of singleton bean 'org.springframework.boot.jdbc.autoconfigure.JdbcTemplateConfiguration'
2026-06-10T22:34:47.507-05:00 DEBUG 20976 --- [practice-basic-auth] [main] o.s.b.f.s.DefaultListableBeanFactory     : Creating shared instance of singleton bean 'spring.jdbc-org.springframework.boot.jdbc.autoconfigure.JdbcProperties'
2026-06-10T22:34:47.509-05:00 DEBUG 20976 --- [practice-basic-auth] [main] o.s.b.f.s.DefaultListableBeanFactory     : Autowiring by type from bean name 'jdbcTemplate' via factory method to bean named 'dataSource'
2026-06-10T22:34:47.509-05:00 DEBUG 20976 --- [practice-basic-auth] [main] o.s.b.f.s.DefaultListableBeanFactory     : Autowiring by type from bean name 'jdbcTemplate' via factory method to bean named 'spring.jdbc-org.springframework.boot.jdbc.autoconfigure.JdbcProperties'
2026-06-10T22:34:47.519-05:00 DEBUG 20976 --- [practice-basic-auth] [main] o.s.b.f.s.DefaultListableBeanFactory     : Autowiring by type from bean name 'appUserRepository' via constructor to bean named 'jdbcTemplate'
2026-06-10T22:34:47.538-05:00 DEBUG 20976 --- [practice-basic-auth] [main] o.s.b.f.s.DefaultListableBeanFactory     : Creating shared instance of singleton bean 'appUserMapper'
2026-06-10T22:34:47.538-05:00 DEBUG 20976 --- [practice-basic-auth] [main] o.s.b.f.s.DefaultListableBeanFactory     : Autowiring by type from bean name 'appUserService' via constructor to bean named 'appUserRepository'
2026-06-10T22:34:47.539-05:00 DEBUG 20976 --- [practice-basic-auth] [main] o.s.b.f.s.DefaultListableBeanFactory     : Autowiring by type from bean name 'appUserService' via constructor to bean named 'appUserMapper'
2026-06-10T22:34:47.545-05:00 DEBUG 20976 --- [practice-basic-auth] [main] o.s.b.f.s.DefaultListableBeanFactory     : Autowiring by type from bean name 'appUserController' via constructor to bean named 'appUserService'
2026-06-10T22:34:47.546-05:00 DEBUG 20976 --- [practice-basic-auth] [main] o.s.b.f.s.DefaultListableBeanFactory     : Creating shared instance of singleton bean 'appUserDetailsService'
2026-06-10T22:34:47.547-05:00 DEBUG 20976 --- [practice-basic-auth] [main] o.s.b.f.s.DefaultListableBeanFactory     : Autowiring by type from bean name 'appUserDetailsService' via constructor to bean named 'appUserRepository'
2026-06-10T22:34:47.548-05:00 DEBUG 20976 --- [practice-basic-auth] [main] o.s.b.f.s.DefaultListableBeanFactory     : Creating shared instance of singleton bean 'customAccessDeniedHandler'
2026-06-10T22:34:47.549-05:00 DEBUG 20976 --- [practice-basic-auth] [main] o.s.b.f.s.DefaultListableBeanFactory     : Creating shared instance of singleton bean 'jacksonJsonMapper'
2026-06-10T22:34:47.549-05:00 DEBUG 20976 --- [practice-basic-auth] [main] o.s.b.f.s.DefaultListableBeanFactory     : Creating shared instance of singleton bean 'org.springframework.boot.jackson.autoconfigure.JacksonAutoConfiguration'
2026-06-10T22:34:47.550-05:00 DEBUG 20976 --- [practice-basic-auth] [main] o.s.b.f.s.DefaultListableBeanFactory     : Creating shared instance of singleton bean 'problemDetailJsonMapperBuilderCustomizer'
2026-06-10T22:34:47.550-05:00 DEBUG 20976 --- [practice-basic-auth] [main] o.s.b.f.s.DefaultListableBeanFactory     : Creating shared instance of singleton bean 'org.springframework.boot.jackson.autoconfigure.JacksonAutoConfiguration$JsonProblemDetailsConfiguration'
2026-06-10T22:34:47.551-05:00 DEBUG 20976 --- [practice-basic-auth] [main] o.s.b.f.s.DefaultListableBeanFactory     : Creating shared instance of singleton bean 'standardJsonMapperBuilderCustomizer'
2026-06-10T22:34:47.551-05:00 DEBUG 20976 --- [practice-basic-auth] [main] o.s.b.f.s.DefaultListableBeanFactory     : Creating shared instance of singleton bean 'org.springframework.boot.jackson.autoconfigure.JacksonAutoConfiguration$JacksonJsonMapperBuilderCustomizerConfiguration'
2026-06-10T22:34:47.552-05:00 DEBUG 20976 --- [practice-basic-auth] [main] o.s.b.f.s.DefaultListableBeanFactory     : Creating shared instance of singleton bean 'spring.jackson-org.springframework.boot.jackson.autoconfigure.JacksonProperties'
2026-06-10T22:34:47.554-05:00 DEBUG 20976 --- [practice-basic-auth] [main] o.s.b.f.s.DefaultListableBeanFactory     : Autowiring by type from bean name 'standardJsonMapperBuilderCustomizer' via factory method to bean named 'spring.jackson-org.springframework.boot.jackson.autoconfigure.JacksonProperties'
2026-06-10T22:34:47.555-05:00 DEBUG 20976 --- [practice-basic-auth] [main] o.s.b.f.s.DefaultListableBeanFactory     : Creating shared instance of singleton bean 'jackson3GeoModule'
2026-06-10T22:34:47.555-05:00 DEBUG 20976 --- [practice-basic-auth] [main] o.s.b.f.s.DefaultListableBeanFactory     : Creating shared instance of singleton bean 'org.springframework.data.web.config.SpringDataJackson3Configuration'
2026-06-10T22:34:47.557-05:00 DEBUG 20976 --- [practice-basic-auth] [main] o.s.b.f.s.DefaultListableBeanFactory     : Creating shared instance of singleton bean 'springDataWebSettings'
2026-06-10T22:34:47.557-05:00 DEBUG 20976 --- [practice-basic-auth] [main] o.s.b.f.s.DefaultListableBeanFactory     : Creating shared instance of singleton bean 'org.springframework.boot.data.autoconfigure.web.DataWebAutoConfiguration'
2026-06-10T22:34:47.557-05:00 DEBUG 20976 --- [practice-basic-auth] [main] o.s.b.f.s.DefaultListableBeanFactory     : Creating shared instance of singleton bean 'spring.data.web-org.springframework.boot.data.autoconfigure.web.DataWebProperties'
2026-06-10T22:34:47.558-05:00 DEBUG 20976 --- [practice-basic-auth] [main] o.s.b.f.s.DefaultListableBeanFactory     : Autowiring by type from bean name 'org.springframework.boot.data.autoconfigure.web.DataWebAutoConfiguration' via constructor to bean named 'spring.data.web-org.springframework.boot.data.autoconfigure.web.DataWebProperties'
2026-06-10T22:34:47.563-05:00 DEBUG 20976 --- [practice-basic-auth] [main] o.s.b.f.s.DefaultListableBeanFactory     : Creating shared instance of singleton bean 'jackson3pageModule'
2026-06-10T22:34:47.565-05:00 DEBUG 20976 --- [practice-basic-auth] [main] o.s.b.f.s.DefaultListableBeanFactory     : Creating shared instance of singleton bean 'jacksonMixinModule'
2026-06-10T22:34:47.565-05:00 DEBUG 20976 --- [practice-basic-auth] [main] o.s.b.f.s.DefaultListableBeanFactory     : Creating shared instance of singleton bean 'org.springframework.boot.jackson.autoconfigure.JacksonAutoConfiguration$JacksonMixinConfiguration'
2026-06-10T22:34:47.566-05:00 DEBUG 20976 --- [practice-basic-auth] [main] o.s.b.f.s.DefaultListableBeanFactory     : Creating shared instance of singleton bean 'jacksonMixinModuleEntries'
2026-06-10T22:34:47.566-05:00 DEBUG 20976 --- [practice-basic-auth] [main] o.s.b.f.s.DefaultListableBeanFactory     : Autowiring by type from bean name 'jacksonMixinModuleEntries' via factory method to bean named 'org.springframework.boot.web.server.servlet.context.AnnotationConfigServletWebServerApplicationContext@7be58f16'
2026-06-10T22:34:47.569-05:00 DEBUG 20976 --- [practice-basic-auth] [main] o.s.b.f.s.DefaultListableBeanFactory     : Autowiring by type from bean name 'jacksonMixinModule' via factory method to bean named 'org.springframework.boot.web.server.servlet.context.AnnotationConfigServletWebServerApplicationContext@7be58f16'
2026-06-10T22:34:47.570-05:00 DEBUG 20976 --- [practice-basic-auth] [main] o.s.b.f.s.DefaultListableBeanFactory     : Autowiring by type from bean name 'jacksonMixinModule' via factory method to bean named 'jacksonMixinModuleEntries'
2026-06-10T22:34:47.571-05:00 DEBUG 20976 --- [practice-basic-auth] [main] o.s.b.f.s.DefaultListableBeanFactory     : Creating shared instance of singleton bean 'jsonComponentModule'
2026-06-10T22:34:47.574-05:00 DEBUG 20976 --- [practice-basic-auth] [main] o.s.b.f.s.DefaultListableBeanFactory     : Autowiring by type from bean name 'jsonMapperBuilder' via factory method to bean named 'problemDetailJsonMapperBuilderCustomizer'
2026-06-10T22:34:47.575-05:00 DEBUG 20976 --- [practice-basic-auth] [main] o.s.b.f.s.DefaultListableBeanFactory     : Autowiring by type from bean name 'jsonMapperBuilder' via factory method to bean named 'standardJsonMapperBuilderCustomizer'
2026-06-10T22:34:47.580-05:00 DEBUG 20976 --- [practice-basic-auth] [main] o.s.b.f.s.DefaultListableBeanFactory     : Autowiring by type from bean name 'jacksonJsonMapper' via factory method to bean named 'jsonMapperBuilder'
2026-06-10T22:34:47.587-05:00 DEBUG 20976 --- [practice-basic-auth] [main] o.s.b.f.s.DefaultListableBeanFactory     : Autowiring by type from bean name 'customAccessDeniedHandler' via constructor to bean named 'jacksonJsonMapper'
2026-06-10T22:34:47.588-05:00 DEBUG 20976 --- [practice-basic-auth] [main] o.s.b.f.s.DefaultListableBeanFactory     : Creating shared instance of singleton bean 'customAuthenticationEntryPoint'
2026-06-10T22:34:47.588-05:00 DEBUG 20976 --- [practice-basic-auth] [main] o.s.b.f.s.DefaultListableBeanFactory     : Autowiring by type from bean name 'customAuthenticationEntryPoint' via constructor to bean named 'jacksonJsonMapper'
2026-06-10T22:34:47.588-05:00 DEBUG 20976 --- [practice-basic-auth] [main] o.s.b.f.s.DefaultListableBeanFactory     : Creating shared instance of singleton bean 'securityConfig'
2026-06-10T22:34:47.589-05:00 DEBUG 20976 --- [practice-basic-auth] [main] o.s.b.f.s.DefaultListableBeanFactory     : Creating shared instance of singleton bean 'org.springframework.security.config.annotation.configuration.ObjectPostProcessorConfiguration'
2026-06-10T22:34:47.589-05:00 DEBUG 20976 --- [practice-basic-auth] [main] o.s.b.f.s.DefaultListableBeanFactory     : Creating shared instance of singleton bean 'objectPostProcessor'
2026-06-10T22:34:47.590-05:00 DEBUG 20976 --- [practice-basic-auth] [main] o.s.b.f.s.DefaultListableBeanFactory     : Autowiring by type from bean name 'objectPostProcessor' via factory method to bean named 'org.springframework.beans.factory.support.DefaultListableBeanFactory@16afbd92'
2026-06-10T22:34:47.591-05:00 DEBUG 20976 --- [practice-basic-auth] [main] o.s.b.f.s.DefaultListableBeanFactory     : Creating shared instance of singleton bean 'org.springframework.security.config.annotation.authentication.configuration.AuthenticationConfiguration'
2026-06-10T22:34:47.592-05:00 DEBUG 20976 --- [practice-basic-auth] [main] o.s.b.f.s.DefaultListableBeanFactory     : Creating shared instance of singleton bean 'enableGlobalAuthenticationAutowiredConfigurer'
2026-06-10T22:34:47.592-05:00 DEBUG 20976 --- [practice-basic-auth] [main] o.s.b.f.s.DefaultListableBeanFactory     : Autowiring by type from bean name 'enableGlobalAuthenticationAutowiredConfigurer' via factory method to bean named 'org.springframework.boot.web.server.servlet.context.AnnotationConfigServletWebServerApplicationContext@7be58f16'
2026-06-10T22:34:47.593-05:00 DEBUG 20976 --- [practice-basic-auth] [main] o.s.b.f.s.DefaultListableBeanFactory     : Creating shared instance of singleton bean 'initializeUserDetailsBeanManagerConfigurer'
2026-06-10T22:34:47.593-05:00 DEBUG 20976 --- [practice-basic-auth] [main] o.s.b.f.s.DefaultListableBeanFactory     : Autowiring by type from bean name 'initializeUserDetailsBeanManagerConfigurer' via factory method to bean named 'org.springframework.boot.web.server.servlet.context.AnnotationConfigServletWebServerApplicationContext@7be58f16'
2026-06-10T22:34:47.594-05:00 DEBUG 20976 --- [practice-basic-auth] [main] o.s.b.f.s.DefaultListableBeanFactory     : Creating shared instance of singleton bean 'initializeAuthenticationProviderBeanManagerConfigurer'
2026-06-10T22:34:47.594-05:00 DEBUG 20976 --- [practice-basic-auth] [main] o.s.b.f.s.DefaultListableBeanFactory     : Autowiring by type from bean name 'initializeAuthenticationProviderBeanManagerConfigurer' via factory method to bean named 'org.springframework.boot.web.server.servlet.context.AnnotationConfigServletWebServerApplicationContext@7be58f16'
2026-06-10T22:34:47.595-05:00 DEBUG 20976 --- [practice-basic-auth] [main] o.s.b.f.s.DefaultListableBeanFactory     : Creating shared instance of singleton bean 'authenticationManagerBuilder'
2026-06-10T22:34:47.595-05:00 DEBUG 20976 --- [practice-basic-auth] [main] o.s.b.f.s.DefaultListableBeanFactory     : Autowiring by type from bean name 'authenticationManagerBuilder' via factory method to bean named 'objectPostProcessor'
2026-06-10T22:34:47.595-05:00 DEBUG 20976 --- [practice-basic-auth] [main] o.s.b.f.s.DefaultListableBeanFactory     : Autowiring by type from bean name 'authenticationManagerBuilder' via factory method to bean named 'org.springframework.boot.web.server.servlet.context.AnnotationConfigServletWebServerApplicationContext@7be58f16'
2026-06-10T22:34:47.596-05:00 DEBUG 20976 --- [practice-basic-auth] [main] o.s.b.f.s.DefaultListableBeanFactory     : Creating shared instance of singleton bean 'authenticationEventPublisher'
2026-06-10T22:34:47.596-05:00 DEBUG 20976 --- [practice-basic-auth] [main] o.s.b.f.s.DefaultListableBeanFactory     : Creating shared instance of singleton bean 'org.springframework.boot.security.autoconfigure.SecurityAutoConfiguration'
2026-06-10T22:34:47.597-05:00 DEBUG 20976 --- [practice-basic-auth] [main] o.s.b.f.s.DefaultListableBeanFactory     : Autowiring by type from bean name 'authenticationEventPublisher' via factory method to bean named 'org.springframework.boot.web.server.servlet.context.AnnotationConfigServletWebServerApplicationContext@7be58f16'
2026-06-10T22:34:47.604-05:00 DEBUG 20976 --- [practice-basic-auth] [main] o.s.b.f.s.DefaultListableBeanFactory     : Creating shared instance of singleton bean 'org.springframework.security.config.annotation.web.configuration.WebSecurityConfiguration'
2026-06-10T22:34:47.614-05:00 DEBUG 20976 --- [practice-basic-auth] [main] o.s.b.f.s.DefaultListableBeanFactory     : Creating shared instance of singleton bean 'filterChainDecoratorPostProcessor'
2026-06-10T22:34:47.620-05:00 DEBUG 20976 --- [practice-basic-auth] [main] o.s.b.f.s.DefaultListableBeanFactory     : Creating shared instance of singleton bean 'securityFilterChain'
2026-06-10T22:34:47.620-05:00 DEBUG 20976 --- [practice-basic-auth] [main] o.s.b.f.s.DefaultListableBeanFactory     : Creating shared instance of singleton bean 'org.springframework.security.config.annotation.web.configuration.HttpSecurityConfiguration'
2026-06-10T22:34:47.624-05:00 DEBUG 20976 --- [practice-basic-auth] [main] o.s.b.f.s.DefaultListableBeanFactory     : Creating shared instance of singleton bean 'mvcContentNegotiationManager'
2026-06-10T22:34:47.624-05:00 DEBUG 20976 --- [practice-basic-auth] [main] o.s.b.f.s.DefaultListableBeanFactory     : Creating shared instance of singleton bean 'org.springframework.boot.webmvc.autoconfigure.WebMvcAutoConfiguration$EnableWebMvcConfiguration'
2026-06-10T22:34:47.625-05:00 DEBUG 20976 --- [practice-basic-auth] [main] o.s.b.f.s.DefaultListableBeanFactory     : Autowiring by type from bean name 'org.springframework.boot.webmvc.autoconfigure.WebMvcAutoConfiguration$EnableWebMvcConfiguration' via constructor to bean named 'spring.mvc-org.springframework.boot.webmvc.autoconfigure.WebMvcProperties'
2026-06-10T22:34:47.625-05:00 DEBUG 20976 --- [practice-basic-auth] [main] o.s.b.f.s.DefaultListableBeanFactory     : Autowiring by type from bean name 'org.springframework.boot.webmvc.autoconfigure.WebMvcAutoConfiguration$EnableWebMvcConfiguration' via constructor to bean named 'spring.web-org.springframework.boot.autoconfigure.web.WebProperties'
2026-06-10T22:34:47.625-05:00 DEBUG 20976 --- [practice-basic-auth] [main] o.s.b.f.s.DefaultListableBeanFactory     : Autowiring by type from bean name 'org.springframework.boot.webmvc.autoconfigure.WebMvcAutoConfiguration$EnableWebMvcConfiguration' via constructor to bean named 'org.springframework.beans.factory.support.DefaultListableBeanFactory@16afbd92'
2026-06-10T22:34:47.628-05:00 DEBUG 20976 --- [practice-basic-auth] [main] o.s.b.f.s.DefaultListableBeanFactory     : Creating shared instance of singleton bean 'org.springframework.security.config.annotation.web.configuration.WebMvcSecurityConfiguration'
2026-06-10T22:34:47.629-05:00 DEBUG 20976 --- [practice-basic-auth] [main] o.s.b.f.s.DefaultListableBeanFactory     : Creating shared instance of singleton bean 'org.springframework.boot.webmvc.autoconfigure.WebMvcAutoConfiguration$WebMvcAutoConfigurationAdapter'
2026-06-10T22:34:47.630-05:00 DEBUG 20976 --- [practice-basic-auth] [main] o.s.b.f.s.DefaultListableBeanFactory     : Autowiring by type from bean name 'org.springframework.boot.webmvc.autoconfigure.WebMvcAutoConfiguration$WebMvcAutoConfigurationAdapter' via constructor to bean named 'spring.web-org.springframework.boot.autoconfigure.web.WebProperties'
2026-06-10T22:34:47.630-05:00 DEBUG 20976 --- [practice-basic-auth] [main] o.s.b.f.s.DefaultListableBeanFactory     : Autowiring by type from bean name 'org.springframework.boot.webmvc.autoconfigure.WebMvcAutoConfiguration$WebMvcAutoConfigurationAdapter' via constructor to bean named 'spring.mvc-org.springframework.boot.webmvc.autoconfigure.WebMvcProperties'
2026-06-10T22:34:47.630-05:00 DEBUG 20976 --- [practice-basic-auth] [main] o.s.b.f.s.DefaultListableBeanFactory     : Autowiring by type from bean name 'org.springframework.boot.webmvc.autoconfigure.WebMvcAutoConfiguration$WebMvcAutoConfigurationAdapter' via constructor to bean named 'org.springframework.beans.factory.support.DefaultListableBeanFactory@16afbd92'
2026-06-10T22:34:47.632-05:00 DEBUG 20976 --- [practice-basic-auth] [main] o.s.b.f.s.DefaultListableBeanFactory     : Creating shared instance of singleton bean 'org.springframework.data.web.config.SpringDataWebConfiguration'
2026-06-10T22:34:47.632-05:00 DEBUG 20976 --- [practice-basic-auth] [main] o.s.b.f.s.DefaultListableBeanFactory     : Autowiring by type from bean name 'org.springframework.data.web.config.SpringDataWebConfiguration' via constructor to bean named 'org.springframework.boot.web.server.servlet.context.AnnotationConfigServletWebServerApplicationContext@7be58f16'
2026-06-10T22:34:47.634-05:00 DEBUG 20976 --- [practice-basic-auth] [main] o.s.b.f.s.DefaultListableBeanFactory     : Creating shared instance of singleton bean 'endpointJsonMapperWebMvcConfigurer'
2026-06-10T22:34:47.634-05:00 DEBUG 20976 --- [practice-basic-auth] [main] o.s.b.f.s.DefaultListableBeanFactory     : Creating shared instance of singleton bean 'endpointJsonMapper'
2026-06-10T22:34:47.634-05:00 DEBUG 20976 --- [practice-basic-auth] [main] o.s.b.f.s.DefaultListableBeanFactory     : Creating shared instance of singleton bean 'org.springframework.boot.actuate.autoconfigure.endpoint.jackson.JacksonEndpointAutoConfiguration'
2026-06-10T22:34:47.635-05:00 DEBUG 20976 --- [practice-basic-auth] [main] o.s.b.f.s.DefaultListableBeanFactory     : Autowiring by type from bean name 'endpointJsonMapperWebMvcConfigurer' via factory method to bean named 'endpointJsonMapper'
2026-06-10T22:34:47.640-05:00 DEBUG 20976 --- [practice-basic-auth] [main] o.s.b.f.s.DefaultListableBeanFactory     : Creating shared instance of singleton bean 'stringHttpMessageConvertersCustomizer'
2026-06-10T22:34:47.640-05:00 DEBUG 20976 --- [practice-basic-auth] [main] o.s.b.f.s.DefaultListableBeanFactory     : Creating shared instance of singleton bean 'org.springframework.boot.http.converter.autoconfigure.HttpMessageConvertersAutoConfiguration$StringHttpMessageConverterConfiguration'
2026-06-10T22:34:47.641-05:00 DEBUG 20976 --- [practice-basic-auth] [main] o.s.b.f.s.DefaultListableBeanFactory     : Creating shared instance of singleton bean 'spring.http.converters-org.springframework.boot.http.converter.autoconfigure.HttpMessageConvertersProperties'
2026-06-10T22:34:47.641-05:00 DEBUG 20976 --- [practice-basic-auth] [main] o.s.b.f.s.DefaultListableBeanFactory     : Autowiring by type from bean name 'stringHttpMessageConvertersCustomizer' via factory method to bean named 'spring.http.converters-org.springframework.boot.http.converter.autoconfigure.HttpMessageConvertersProperties'
2026-06-10T22:34:47.641-05:00 DEBUG 20976 --- [practice-basic-auth] [main] o.s.b.f.s.DefaultListableBeanFactory     : Creating shared instance of singleton bean 'jacksonJsonHttpMessageConvertersCustomizer'
2026-06-10T22:34:47.641-05:00 DEBUG 20976 --- [practice-basic-auth] [main] o.s.b.f.s.DefaultListableBeanFactory     : Creating shared instance of singleton bean 'org.springframework.boot.http.converter.autoconfigure.JacksonHttpMessageConvertersConfiguration$JacksonJsonHttpMessageConverterConfiguration'
2026-06-10T22:34:47.642-05:00 DEBUG 20976 --- [practice-basic-auth] [main] o.s.b.f.s.DefaultListableBeanFactory     : Autowiring by type from bean name 'jacksonJsonHttpMessageConvertersCustomizer' via factory method to bean named 'jacksonJsonMapper'
2026-06-10T22:34:47.642-05:00 DEBUG 20976 --- [practice-basic-auth] [main] o.s.b.f.s.DefaultListableBeanFactory     : Creating shared instance of singleton bean 'serverConvertersCustomizer'
2026-06-10T22:34:47.642-05:00 DEBUG 20976 --- [practice-basic-auth] [main] o.s.b.f.s.DefaultListableBeanFactory     : Creating shared instance of singleton bean 'org.springframework.boot.http.converter.autoconfigure.HttpMessageConvertersAutoConfiguration'
2026-06-10T22:34:47.651-05:00 TRACE 20976 --- [practice-basic-auth] [main] eGlobalAuthenticationAutowiredConfigurer : Eagerly initializing {securityConfig=org.bsr.springboot.practicebasicauth.security.SecurityConfig$$SpringCGLIB$$0@7b451bf4}
2026-06-10T22:34:47.652-05:00 DEBUG 20976 --- [practice-basic-auth] [main] o.s.b.f.s.DefaultListableBeanFactory     : Creating shared instance of singleton bean 'passwordEncoder'
2026-06-10T22:34:47.659-05:00  INFO 20976 --- [practice-basic-auth] [main] r$InitializeUserDetailsManagerConfigurer : Global AuthenticationManager configured with UserDetailsService bean with name appUserDetailsService
2026-06-10T22:34:47.670-05:00 DEBUG 20976 --- [practice-basic-auth] [main] o.s.b.f.s.DefaultListableBeanFactory     : Creating shared instance of singleton bean 'pathPatternRequestMatcherBuilder'
2026-06-10T22:34:47.670-05:00 DEBUG 20976 --- [practice-basic-auth] [main] o.s.b.f.s.DefaultListableBeanFactory     : Creating shared instance of singleton bean 'org.springframework.boot.security.autoconfigure.web.servlet.ServletWebSecurityAutoConfiguration$PathPatternRequestMatcherBuilderConfiguration'
2026-06-10T22:34:47.671-05:00 DEBUG 20976 --- [practice-basic-auth] [main] o.s.b.f.s.DefaultListableBeanFactory     : Autowiring by type from bean name 'pathPatternRequestMatcherBuilder' via factory method to bean named 'dispatcherServletRegistration'
2026-06-10T22:34:47.765-05:00 DEBUG 20976 --- [practice-basic-auth] [main] o.s.b.f.s.DefaultListableBeanFactory     : Autowiring by type from bean name 'securityFilterChain' via factory method to bean named 'org.springframework.security.config.annotation.web.configuration.HttpSecurityConfiguration.httpSecurity'
2026-06-10T22:34:47.765-05:00 DEBUG 20976 --- [practice-basic-auth] [main] o.s.b.f.s.DefaultListableBeanFactory     : Autowiring by type from bean name 'securityFilterChain' via factory method to bean named 'customAuthenticationEntryPoint'
2026-06-10T22:34:47.765-05:00 DEBUG 20976 --- [practice-basic-auth] [main] o.s.b.f.s.DefaultListableBeanFactory     : Autowiring by type from bean name 'securityFilterChain' via factory method to bean named 'customAccessDeniedHandler'
2026-06-10T22:34:47.774-05:00 DEBUG 20976 --- [practice-basic-auth] [main] o.s.b.f.s.DefaultListableBeanFactory     : Creating shared instance of singleton bean 'webAuthorizationManagerPostProcessor'
2026-06-10T22:34:47.788-05:00 DEBUG 20976 --- [practice-basic-auth] [main] o.s.b.f.s.DefaultListableBeanFactory     : Creating shared instance of singleton bean 'authenticationManagerPostProcessor'
2026-06-10T22:34:47.802-05:00 DEBUG 20976 --- [practice-basic-auth] [main] o.s.s.web.DefaultSecurityFilterChain     : Will secure any request with filters: DisableEncodeUrlFilter, WebAsyncManagerIntegrationFilter, SecurityContextHolderFilter, HeaderWriterFilter, LogoutFilter, BasicAuthenticationFilter, RequestCacheAwareFilter, SecurityContextHolderAwareRequestFilter, AnonymousAuthenticationFilter, SessionManagementFilter, ExceptionTranslationFilter, AuthorizationFilter
2026-06-10T22:34:47.809-05:00 DEBUG 20976 --- [practice-basic-auth] [main] o.s.b.f.s.DefaultListableBeanFactory     : Creating shared instance of singleton bean 'delegatingApplicationListener'
2026-06-10T22:34:47.809-05:00 DEBUG 20976 --- [practice-basic-auth] [main] o.s.b.f.s.DefaultListableBeanFactory     : Creating shared instance of singleton bean 'springSecurityFilterChain'
2026-06-10T22:34:47.819-05:00 DEBUG 20976 --- [practice-basic-auth] [main] o.s.b.f.s.DefaultListableBeanFactory     : Creating shared instance of singleton bean 'webSecurityExpressionHandler'
2026-06-10T22:34:47.819-05:00 DEBUG 20976 --- [practice-basic-auth] [main] o.s.b.f.s.DefaultListableBeanFactory     : Creating shared instance of singleton bean 'privilegeEvaluator'
2026-06-10T22:34:47.820-05:00 DEBUG 20976 --- [practice-basic-auth] [main] o.s.b.f.s.DefaultListableBeanFactory     : Creating shared instance of singleton bean 'requestDataValueProcessor'
2026-06-10T22:34:47.820-05:00 DEBUG 20976 --- [practice-basic-auth] [main] o.s.b.f.s.DefaultListableBeanFactory     : Creating shared instance of singleton bean 'org.springframework.security.config.annotation.web.configuration.ObservationConfiguration'
2026-06-10T22:34:47.820-05:00 DEBUG 20976 --- [practice-basic-auth] [main] o.s.b.f.s.DefaultListableBeanFactory     : Creating shared instance of singleton bean 'org.springframework.boot.autoconfigure.context.PropertyPlaceholderAutoConfiguration'
2026-06-10T22:34:47.821-05:00 DEBUG 20976 --- [practice-basic-auth] [main] o.s.b.f.s.DefaultListableBeanFactory     : Creating shared instance of singleton bean 'org.springframework.boot.webmvc.autoconfigure.DispatcherServletAutoConfiguration'
2026-06-10T22:34:47.821-05:00 DEBUG 20976 --- [practice-basic-auth] [main] o.s.b.f.s.DefaultListableBeanFactory     : Creating shared instance of singleton bean 'org.springframework.boot.autoconfigure.task.TaskExecutorConfigurations$SimpleAsyncTaskExecutorBuilderConfiguration'
2026-06-10T22:34:47.822-05:00 DEBUG 20976 --- [practice-basic-auth] [main] o.s.b.f.s.DefaultListableBeanFactory     : Autowiring by type from bean name 'org.springframework.boot.autoconfigure.task.TaskExecutorConfigurations$SimpleAsyncTaskExecutorBuilderConfiguration' via constructor to bean named 'spring.task.execution-org.springframework.boot.autoconfigure.task.TaskExecutionProperties'
2026-06-10T22:34:47.822-05:00 DEBUG 20976 --- [practice-basic-auth] [main] o.s.b.f.s.DefaultListableBeanFactory     : Creating shared instance of singleton bean 'simpleAsyncTaskExecutorBuilder'
2026-06-10T22:34:47.823-05:00 DEBUG 20976 --- [practice-basic-auth] [main] o.s.b.f.s.DefaultListableBeanFactory     : Creating shared instance of singleton bean 'org.springframework.boot.autoconfigure.task.TaskExecutorConfigurations$AsyncConfigurerConfiguration'
2026-06-10T22:34:47.823-05:00 DEBUG 20976 --- [practice-basic-auth] [main] o.s.b.f.s.DefaultListableBeanFactory     : Creating shared instance of singleton bean 'applicationTaskExecutorAsyncConfigurer'
2026-06-10T22:34:47.824-05:00 DEBUG 20976 --- [practice-basic-auth] [main] o.s.b.f.s.DefaultListableBeanFactory     : Autowiring by type from bean name 'applicationTaskExecutorAsyncConfigurer' via factory method to bean named 'org.springframework.beans.factory.support.DefaultListableBeanFactory@16afbd92'
2026-06-10T22:34:47.824-05:00 DEBUG 20976 --- [practice-basic-auth] [main] o.s.b.f.s.DefaultListableBeanFactory     : Creating shared instance of singleton bean 'org.springframework.boot.autoconfigure.task.TaskExecutorConfigurations$BootstrapExecutorConfiguration'
2026-06-10T22:34:47.824-05:00 DEBUG 20976 --- [practice-basic-auth] [main] o.s.b.f.s.DefaultListableBeanFactory     : Creating shared instance of singleton bean 'org.springframework.boot.autoconfigure.task.TaskExecutionAutoConfiguration'
2026-06-10T22:34:47.825-05:00 DEBUG 20976 --- [practice-basic-auth] [main] o.s.b.f.s.DefaultListableBeanFactory     : Creating shared instance of singleton bean 'org.springframework.boot.validation.autoconfigure.ValidationAutoConfiguration'
2026-06-10T22:34:47.825-05:00 DEBUG 20976 --- [practice-basic-auth] [main] o.s.b.f.s.DefaultListableBeanFactory     : Creating shared instance of singleton bean 'defaultValidator'
2026-06-10T22:34:47.825-05:00 DEBUG 20976 --- [practice-basic-auth] [main] o.s.b.f.s.DefaultListableBeanFactory     : Autowiring by type from bean name 'defaultValidator' via factory method to bean named 'org.springframework.boot.web.server.servlet.context.AnnotationConfigServletWebServerApplicationContext@7be58f16'
2026-06-10T22:34:47.832-05:00 DEBUG 20976 --- [practice-basic-auth] [main] o.s.b.f.s.DefaultListableBeanFactory     : Creating shared instance of singleton bean 'org.springframework.boot.webmvc.autoconfigure.error.ErrorMvcAutoConfiguration$WhitelabelErrorViewConfiguration'
2026-06-10T22:34:47.834-05:00 DEBUG 20976 --- [practice-basic-auth] [main] o.s.b.f.s.DefaultListableBeanFactory     : Creating shared instance of singleton bean 'error'
2026-06-10T22:34:47.834-05:00 DEBUG 20976 --- [practice-basic-auth] [main] o.s.b.f.s.DefaultListableBeanFactory     : Creating shared instance of singleton bean 'beanNameViewResolver'
2026-06-10T22:34:47.834-05:00 DEBUG 20976 --- [practice-basic-auth] [main] o.s.b.f.s.DefaultListableBeanFactory     : Creating shared instance of singleton bean 'org.springframework.boot.webmvc.autoconfigure.error.ErrorMvcAutoConfiguration$DefaultErrorViewResolverConfiguration'
2026-06-10T22:34:47.835-05:00 DEBUG 20976 --- [practice-basic-auth] [main] o.s.b.f.s.DefaultListableBeanFactory     : Autowiring by type from bean name 'org.springframework.boot.webmvc.autoconfigure.error.ErrorMvcAutoConfiguration$DefaultErrorViewResolverConfiguration' via constructor to bean named 'org.springframework.boot.web.server.servlet.context.AnnotationConfigServletWebServerApplicationContext@7be58f16'
2026-06-10T22:34:47.835-05:00 DEBUG 20976 --- [practice-basic-auth] [main] o.s.b.f.s.DefaultListableBeanFactory     : Autowiring by type from bean name 'org.springframework.boot.webmvc.autoconfigure.error.ErrorMvcAutoConfiguration$DefaultErrorViewResolverConfiguration' via constructor to bean named 'spring.web-org.springframework.boot.autoconfigure.web.WebProperties'
2026-06-10T22:34:47.835-05:00 DEBUG 20976 --- [practice-basic-auth] [main] o.s.b.f.s.DefaultListableBeanFactory     : Creating shared instance of singleton bean 'conventionErrorViewResolver'
2026-06-10T22:34:47.835-05:00 DEBUG 20976 --- [practice-basic-auth] [main] o.s.b.f.s.DefaultListableBeanFactory     : Creating shared instance of singleton bean 'errorAttributes'
2026-06-10T22:34:47.836-05:00 DEBUG 20976 --- [practice-basic-auth] [main] o.s.b.f.s.DefaultListableBeanFactory     : Creating shared instance of singleton bean 'basicErrorController'
2026-06-10T22:34:47.836-05:00 DEBUG 20976 --- [practice-basic-auth] [main] o.s.b.f.s.DefaultListableBeanFactory     : Autowiring by type from bean name 'basicErrorController' via factory method to bean named 'errorAttributes'
2026-06-10T22:34:47.839-05:00 DEBUG 20976 --- [practice-basic-auth] [main] o.s.b.f.s.DefaultListableBeanFactory     : Creating shared instance of singleton bean 'welcomePageHandlerMapping'
2026-06-10T22:34:47.839-05:00 DEBUG 20976 --- [practice-basic-auth] [main] o.s.b.f.s.DefaultListableBeanFactory     : Creating shared instance of singleton bean 'mvcConversionService'
2026-06-10T22:34:47.846-05:00 DEBUG 20976 --- [practice-basic-auth] [main] o.s.b.f.s.DefaultListableBeanFactory     : Creating shared instance of singleton bean 'mvcResourceUrlProvider'
2026-06-10T22:34:47.847-05:00 DEBUG 20976 --- [practice-basic-auth] [main] o.s.b.f.s.DefaultListableBeanFactory     : Autowiring by type from bean name 'welcomePageHandlerMapping' via factory method to bean named 'org.springframework.boot.web.server.servlet.context.AnnotationConfigServletWebServerApplicationContext@7be58f16'
2026-06-10T22:34:47.847-05:00 DEBUG 20976 --- [practice-basic-auth] [main] o.s.b.f.s.DefaultListableBeanFactory     : Autowiring by type from bean name 'welcomePageHandlerMapping' via factory method to bean named 'mvcConversionService'
2026-06-10T22:34:47.847-05:00 DEBUG 20976 --- [practice-basic-auth] [main] o.s.b.f.s.DefaultListableBeanFactory     : Autowiring by type from bean name 'welcomePageHandlerMapping' via factory method to bean named 'mvcResourceUrlProvider'
2026-06-10T22:34:47.855-05:00 DEBUG 20976 --- [practice-basic-auth] [main] o.s.b.f.s.DefaultListableBeanFactory     : Creating shared instance of singleton bean 'welcomePageNotAcceptableHandlerMapping'
2026-06-10T22:34:47.856-05:00 DEBUG 20976 --- [practice-basic-auth] [main] o.s.b.f.s.DefaultListableBeanFactory     : Autowiring by type from bean name 'welcomePageNotAcceptableHandlerMapping' via factory method to bean named 'org.springframework.boot.web.server.servlet.context.AnnotationConfigServletWebServerApplicationContext@7be58f16'
2026-06-10T22:34:47.856-05:00 DEBUG 20976 --- [practice-basic-auth] [main] o.s.b.f.s.DefaultListableBeanFactory     : Autowiring by type from bean name 'welcomePageNotAcceptableHandlerMapping' via factory method to bean named 'mvcConversionService'
2026-06-10T22:34:47.856-05:00 DEBUG 20976 --- [practice-basic-auth] [main] o.s.b.f.s.DefaultListableBeanFactory     : Autowiring by type from bean name 'welcomePageNotAcceptableHandlerMapping' via factory method to bean named 'mvcResourceUrlProvider'
2026-06-10T22:34:47.858-05:00 DEBUG 20976 --- [practice-basic-auth] [main] o.s.b.f.s.DefaultListableBeanFactory     : Creating shared instance of singleton bean 'localeResolver'
2026-06-10T22:34:47.859-05:00 DEBUG 20976 --- [practice-basic-auth] [main] o.s.b.f.s.DefaultListableBeanFactory     : Creating shared instance of singleton bean 'flashMapManager'
2026-06-10T22:34:47.860-05:00 DEBUG 20976 --- [practice-basic-auth] [main] o.s.b.f.s.DefaultListableBeanFactory     : Creating shared instance of singleton bean 'viewNameTranslator'
2026-06-10T22:34:47.861-05:00 DEBUG 20976 --- [practice-basic-auth] [main] o.s.b.f.s.DefaultListableBeanFactory     : Creating shared instance of singleton bean 'mvcValidator'
2026-06-10T22:34:47.862-05:00 DEBUG 20976 --- [practice-basic-auth] [main] o.s.b.f.s.DefaultListableBeanFactory     : Creating shared instance of singleton bean 'requestMappingHandlerMapping'
2026-06-10T22:34:47.863-05:00 DEBUG 20976 --- [practice-basic-auth] [main] o.s.b.f.s.DefaultListableBeanFactory     : Creating shared instance of singleton bean 'mvcApiVersionStrategy'
2026-06-10T22:34:47.869-05:00 DEBUG 20976 --- [practice-basic-auth] [main] o.s.b.f.s.DefaultListableBeanFactory     : Autowiring by type from bean name 'requestMappingHandlerMapping' via factory method to bean named 'mvcContentNegotiationManager'
2026-06-10T22:34:47.869-05:00 DEBUG 20976 --- [practice-basic-auth] [main] o.s.b.f.s.DefaultListableBeanFactory     : Autowiring by type from bean name 'requestMappingHandlerMapping' via factory method to bean named 'mvcApiVersionStrategy'
2026-06-10T22:34:47.869-05:00 DEBUG 20976 --- [practice-basic-auth] [main] o.s.b.f.s.DefaultListableBeanFactory     : Autowiring by type from bean name 'requestMappingHandlerMapping' via factory method to bean named 'mvcConversionService'
2026-06-10T22:34:47.870-05:00 DEBUG 20976 --- [practice-basic-auth] [main] o.s.b.f.s.DefaultListableBeanFactory     : Autowiring by type from bean name 'requestMappingHandlerMapping' via factory method to bean named 'mvcResourceUrlProvider'
2026-06-10T22:34:47.906-05:00 DEBUG 20976 --- [practice-basic-auth] [main] s.w.s.m.m.a.RequestMappingHandlerMapping : 4 mappings in 'requestMappingHandlerMapping'
2026-06-10T22:34:47.908-05:00 DEBUG 20976 --- [practice-basic-auth] [main] o.s.b.f.s.DefaultListableBeanFactory     : Creating shared instance of singleton bean 'mvcPatternParser'
2026-06-10T22:34:47.909-05:00 DEBUG 20976 --- [practice-basic-auth] [main] o.s.b.f.s.DefaultListableBeanFactory     : Creating shared instance of singleton bean 'mvcUrlPathHelper'
2026-06-10T22:34:47.909-05:00 DEBUG 20976 --- [practice-basic-auth] [main] o.s.b.f.s.DefaultListableBeanFactory     : Creating shared instance of singleton bean 'mvcPathMatcher'
2026-06-10T22:34:47.909-05:00 DEBUG 20976 --- [practice-basic-auth] [main] o.s.b.f.s.DefaultListableBeanFactory     : Creating shared instance of singleton bean 'viewControllerHandlerMapping'
2026-06-10T22:34:47.910-05:00 DEBUG 20976 --- [practice-basic-auth] [main] o.s.b.f.s.DefaultListableBeanFactory     : Autowiring by type from bean name 'viewControllerHandlerMapping' via factory method to bean named 'mvcConversionService'
2026-06-10T22:34:47.910-05:00 DEBUG 20976 --- [practice-basic-auth] [main] o.s.b.f.s.DefaultListableBeanFactory     : Autowiring by type from bean name 'viewControllerHandlerMapping' via factory method to bean named 'mvcResourceUrlProvider'
2026-06-10T22:34:47.911-05:00 DEBUG 20976 --- [practice-basic-auth] [main] o.s.b.f.s.DefaultListableBeanFactory     : Creating shared instance of singleton bean 'beanNameHandlerMapping'
2026-06-10T22:34:47.911-05:00 DEBUG 20976 --- [practice-basic-auth] [main] o.s.b.f.s.DefaultListableBeanFactory     : Autowiring by type from bean name 'beanNameHandlerMapping' via factory method to bean named 'mvcConversionService'
2026-06-10T22:34:47.911-05:00 DEBUG 20976 --- [practice-basic-auth] [main] o.s.b.f.s.DefaultListableBeanFactory     : Autowiring by type from bean name 'beanNameHandlerMapping' via factory method to bean named 'mvcResourceUrlProvider'
2026-06-10T22:34:47.913-05:00 DEBUG 20976 --- [practice-basic-auth] [main] o.s.b.f.s.DefaultListableBeanFactory     : Creating shared instance of singleton bean 'routerFunctionMapping'
2026-06-10T22:34:47.914-05:00 DEBUG 20976 --- [practice-basic-auth] [main] o.s.b.f.s.DefaultListableBeanFactory     : Autowiring by type from bean name 'routerFunctionMapping' via factory method to bean named 'mvcConversionService'
2026-06-10T22:34:47.915-05:00 DEBUG 20976 --- [practice-basic-auth] [main] o.s.b.f.s.DefaultListableBeanFactory     : Autowiring by type from bean name 'routerFunctionMapping' via factory method to bean named 'mvcResourceUrlProvider'
2026-06-10T22:34:47.915-05:00 DEBUG 20976 --- [practice-basic-auth] [main] o.s.b.f.s.DefaultListableBeanFactory     : Autowiring by type from bean name 'routerFunctionMapping' via factory method to bean named 'mvcApiVersionStrategy'
2026-06-10T22:34:47.919-05:00 DEBUG 20976 --- [practice-basic-auth] [main] o.s.b.f.s.DefaultListableBeanFactory     : Creating shared instance of singleton bean 'resourceHandlerMapping'
2026-06-10T22:34:47.920-05:00 DEBUG 20976 --- [practice-basic-auth] [main] o.s.b.f.s.DefaultListableBeanFactory     : Autowiring by type from bean name 'resourceHandlerMapping' via factory method to bean named 'mvcContentNegotiationManager'
2026-06-10T22:34:47.920-05:00 DEBUG 20976 --- [practice-basic-auth] [main] o.s.b.f.s.DefaultListableBeanFactory     : Autowiring by type from bean name 'resourceHandlerMapping' via factory method to bean named 'mvcConversionService'
2026-06-10T22:34:47.920-05:00 DEBUG 20976 --- [practice-basic-auth] [main] o.s.b.f.s.DefaultListableBeanFactory     : Autowiring by type from bean name 'resourceHandlerMapping' via factory method to bean named 'mvcResourceUrlProvider'
2026-06-10T22:34:47.935-05:00 DEBUG 20976 --- [practice-basic-auth] [main] o.s.w.s.handler.SimpleUrlHandlerMapping  : Patterns [/webjars/**, /**] in 'resourceHandlerMapping'
2026-06-10T22:34:47.936-05:00 DEBUG 20976 --- [practice-basic-auth] [main] o.s.b.f.s.DefaultListableBeanFactory     : Creating shared instance of singleton bean 'defaultServletHandlerMapping'
2026-06-10T22:34:47.937-05:00 DEBUG 20976 --- [practice-basic-auth] [main] o.s.b.f.s.DefaultListableBeanFactory     : Creating shared instance of singleton bean 'requestMappingHandlerAdapter'
2026-06-10T22:34:47.938-05:00 DEBUG 20976 --- [practice-basic-auth] [main] o.s.b.f.s.DefaultListableBeanFactory     : Autowiring by type from bean name 'requestMappingHandlerAdapter' via factory method to bean named 'mvcContentNegotiationManager'
2026-06-10T22:34:47.939-05:00 DEBUG 20976 --- [practice-basic-auth] [main] o.s.b.f.s.DefaultListableBeanFactory     : Autowiring by type from bean name 'requestMappingHandlerAdapter' via factory method to bean named 'mvcConversionService'
2026-06-10T22:34:47.939-05:00 DEBUG 20976 --- [practice-basic-auth] [main] o.s.b.f.s.DefaultListableBeanFactory     : Autowiring by type from bean name 'requestMappingHandlerAdapter' via factory method to bean named 'mvcValidator'
2026-06-10T22:34:47.948-05:00 DEBUG 20976 --- [practice-basic-auth] [main] o.s.b.f.s.DefaultListableBeanFactory     : Creating shared instance of singleton bean 'sortResolver'
2026-06-10T22:34:47.950-05:00 DEBUG 20976 --- [practice-basic-auth] [main] o.s.b.f.s.DefaultListableBeanFactory     : Creating shared instance of singleton bean 'sortCustomizer'
2026-06-10T22:34:47.952-05:00 DEBUG 20976 --- [practice-basic-auth] [main] o.s.b.f.s.DefaultListableBeanFactory     : Creating shared instance of singleton bean 'pageableResolver'
2026-06-10T22:34:47.953-05:00 DEBUG 20976 --- [practice-basic-auth] [main] o.s.b.f.s.DefaultListableBeanFactory     : Creating shared instance of singleton bean 'pageableCustomizer'
2026-06-10T22:34:47.965-05:00 DEBUG 20976 --- [practice-basic-auth] [main] s.w.s.m.m.a.RequestMappingHandlerAdapter : ControllerAdvice beans: 0 @ModelAttribute, 0 @InitBinder, 2 RequestBodyAdvice, 1 ResponseBodyAdvice
2026-06-10T22:34:47.982-05:00 DEBUG 20976 --- [practice-basic-auth] [main] o.s.b.f.s.DefaultListableBeanFactory     : Creating shared instance of singleton bean 'mvcViewResolver'
2026-06-10T22:34:47.982-05:00 DEBUG 20976 --- [practice-basic-auth] [main] o.s.b.f.s.DefaultListableBeanFactory     : Autowiring by type from bean name 'mvcViewResolver' via factory method to bean named 'mvcContentNegotiationManager'
2026-06-10T22:34:47.984-05:00 DEBUG 20976 --- [practice-basic-auth] [main] o.s.b.f.s.DefaultListableBeanFactory     : Creating shared instance of singleton bean 'defaultViewResolver'
2026-06-10T22:34:47.988-05:00 DEBUG 20976 --- [practice-basic-auth] [main] o.s.b.f.s.DefaultListableBeanFactory     : Creating shared instance of singleton bean 'viewResolver'
2026-06-10T22:34:47.988-05:00 DEBUG 20976 --- [practice-basic-auth] [main] o.s.b.f.s.DefaultListableBeanFactory     : Autowiring by type from bean name 'viewResolver' via factory method to bean named 'org.springframework.beans.factory.support.DefaultListableBeanFactory@16afbd92'
2026-06-10T22:34:47.989-05:00 DEBUG 20976 --- [practice-basic-auth] [main] o.s.b.f.s.DefaultListableBeanFactory     : Creating shared instance of singleton bean 'viewResolver'
2026-06-10T22:34:47.996-05:00 DEBUG 20976 --- [practice-basic-auth] [main] o.s.b.f.s.DefaultListableBeanFactory     : Creating shared instance of singleton bean 'handlerFunctionAdapter'
2026-06-10T22:34:47.997-05:00 DEBUG 20976 --- [practice-basic-auth] [main] o.s.b.f.s.DefaultListableBeanFactory     : Creating shared instance of singleton bean 'mvcUriComponentsContributor'
2026-06-10T22:34:47.997-05:00 DEBUG 20976 --- [practice-basic-auth] [main] o.s.b.f.s.DefaultListableBeanFactory     : Autowiring by type from bean name 'mvcUriComponentsContributor' via factory method to bean named 'mvcConversionService'
2026-06-10T22:34:47.997-05:00 DEBUG 20976 --- [practice-basic-auth] [main] o.s.b.f.s.DefaultListableBeanFactory     : Autowiring by type from bean name 'mvcUriComponentsContributor' via factory method to bean named 'requestMappingHandlerAdapter'
2026-06-10T22:34:47.998-05:00 DEBUG 20976 --- [practice-basic-auth] [main] o.s.b.f.s.DefaultListableBeanFactory     : Creating shared instance of singleton bean 'httpRequestHandlerAdapter'
2026-06-10T22:34:47.999-05:00 DEBUG 20976 --- [practice-basic-auth] [main] o.s.b.f.s.DefaultListableBeanFactory     : Creating shared instance of singleton bean 'simpleControllerHandlerAdapter'
2026-06-10T22:34:47.999-05:00 DEBUG 20976 --- [practice-basic-auth] [main] o.s.b.f.s.DefaultListableBeanFactory     : Creating shared instance of singleton bean 'handlerExceptionResolver'
2026-06-10T22:34:47.999-05:00 DEBUG 20976 --- [practice-basic-auth] [main] o.s.b.f.s.DefaultListableBeanFactory     : Autowiring by type from bean name 'handlerExceptionResolver' via factory method to bean named 'mvcContentNegotiationManager'
2026-06-10T22:34:48.002-05:00 DEBUG 20976 --- [practice-basic-auth] [main] .m.m.a.ExceptionHandlerExceptionResolver : ControllerAdvice beans: 0 @ExceptionHandler, 1 ResponseBodyAdvice
2026-06-10T22:34:48.004-05:00 DEBUG 20976 --- [practice-basic-auth] [main] o.s.b.f.s.DefaultListableBeanFactory     : Creating shared instance of singleton bean 'org.springframework.boot.actuate.autoconfigure.audit.AuditEventsEndpointAutoConfiguration'
2026-06-10T22:34:48.004-05:00 DEBUG 20976 --- [practice-basic-auth] [main] o.s.b.f.s.DefaultListableBeanFactory     : Creating shared instance of singleton bean 'org.springframework.boot.actuate.autoconfigure.beans.BeansEndpointAutoConfiguration'
2026-06-10T22:34:48.004-05:00 DEBUG 20976 --- [practice-basic-auth] [main] o.s.b.f.s.DefaultListableBeanFactory     : Creating shared instance of singleton bean 'beansEndpoint'
2026-06-10T22:34:48.005-05:00 DEBUG 20976 --- [practice-basic-auth] [main] o.s.b.f.s.DefaultListableBeanFactory     : Autowiring by type from bean name 'beansEndpoint' via factory method to bean named 'org.springframework.boot.web.server.servlet.context.AnnotationConfigServletWebServerApplicationContext@7be58f16'
2026-06-10T22:34:48.006-05:00 DEBUG 20976 --- [practice-basic-auth] [main] o.s.b.f.s.DefaultListableBeanFactory     : Creating shared instance of singleton bean 'org.springframework.boot.actuate.autoconfigure.condition.ConditionsReportEndpointAutoConfiguration'
2026-06-10T22:34:48.006-05:00 DEBUG 20976 --- [practice-basic-auth] [main] o.s.b.f.s.DefaultListableBeanFactory     : Creating shared instance of singleton bean 'conditionsReportEndpoint'
2026-06-10T22:34:48.007-05:00 DEBUG 20976 --- [practice-basic-auth] [main] o.s.b.f.s.DefaultListableBeanFactory     : Autowiring by type from bean name 'conditionsReportEndpoint' via factory method to bean named 'org.springframework.boot.web.server.servlet.context.AnnotationConfigServletWebServerApplicationContext@7be58f16'
2026-06-10T22:34:48.007-05:00 DEBUG 20976 --- [practice-basic-auth] [main] o.s.b.f.s.DefaultListableBeanFactory     : Creating shared instance of singleton bean 'org.springframework.boot.actuate.autoconfigure.context.properties.ConfigurationPropertiesReportEndpointAutoConfiguration'
2026-06-10T22:34:48.007-05:00 DEBUG 20976 --- [practice-basic-auth] [main] o.s.b.f.s.DefaultListableBeanFactory     : Creating shared instance of singleton bean 'configurationPropertiesReportEndpoint'
2026-06-10T22:34:48.008-05:00 DEBUG 20976 --- [practice-basic-auth] [main] o.s.b.f.s.DefaultListableBeanFactory     : Creating shared instance of singleton bean 'management.endpoint.configprops-org.springframework.boot.actuate.autoconfigure.context.properties.ConfigurationPropertiesReportEndpointProperties'
2026-06-10T22:34:48.009-05:00 DEBUG 20976 --- [practice-basic-auth] [main] o.s.b.f.s.DefaultListableBeanFactory     : Autowiring by type from bean name 'configurationPropertiesReportEndpoint' via factory method to bean named 'management.endpoint.configprops-org.springframework.boot.actuate.autoconfigure.context.properties.ConfigurationPropertiesReportEndpointProperties'
2026-06-10T22:34:48.014-05:00 DEBUG 20976 --- [practice-basic-auth] [main] o.s.b.f.s.DefaultListableBeanFactory     : Creating shared instance of singleton bean 'configurationPropertiesReportEndpointWebExtension'
2026-06-10T22:34:48.015-05:00 DEBUG 20976 --- [practice-basic-auth] [main] o.s.b.f.s.DefaultListableBeanFactory     : Autowiring by type from bean name 'configurationPropertiesReportEndpointWebExtension' via factory method to bean named 'configurationPropertiesReportEndpoint'
2026-06-10T22:34:48.015-05:00 DEBUG 20976 --- [practice-basic-auth] [main] o.s.b.f.s.DefaultListableBeanFactory     : Autowiring by type from bean name 'configurationPropertiesReportEndpointWebExtension' via factory method to bean named 'management.endpoint.configprops-org.springframework.boot.actuate.autoconfigure.context.properties.ConfigurationPropertiesReportEndpointProperties'
2026-06-10T22:34:48.016-05:00 DEBUG 20976 --- [practice-basic-auth] [main] o.s.b.f.s.DefaultListableBeanFactory     : Creating shared instance of singleton bean 'endpointOperationParameterMapper'
2026-06-10T22:34:48.018-05:00 DEBUG 20976 --- [practice-basic-auth] [main] o.s.b.f.s.DefaultListableBeanFactory     : Creating shared instance of singleton bean 'endpointCachingOperationInvokerAdvisor'
2026-06-10T22:34:48.018-05:00 DEBUG 20976 --- [practice-basic-auth] [main] o.s.b.f.s.DefaultListableBeanFactory     : Autowiring by type from bean name 'endpointCachingOperationInvokerAdvisor' via factory method to bean named 'environment'
2026-06-10T22:34:48.019-05:00 DEBUG 20976 --- [practice-basic-auth] [main] o.s.b.f.s.DefaultListableBeanFactory     : Creating shared instance of singleton bean 'org.springframework.boot.autoconfigure.jmx.JmxAutoConfiguration'
2026-06-10T22:34:48.020-05:00 DEBUG 20976 --- [practice-basic-auth] [main] o.s.b.f.s.DefaultListableBeanFactory     : Creating shared instance of singleton bean 'spring.jmx-org.springframework.boot.autoconfigure.jmx.JmxProperties'
2026-06-10T22:34:48.021-05:00 DEBUG 20976 --- [practice-basic-auth] [main] o.s.b.f.s.DefaultListableBeanFactory     : Autowiring by type from bean name 'org.springframework.boot.autoconfigure.jmx.JmxAutoConfiguration' via constructor to bean named 'spring.jmx-org.springframework.boot.autoconfigure.jmx.JmxProperties'
2026-06-10T22:34:48.021-05:00 DEBUG 20976 --- [practice-basic-auth] [main] o.s.b.f.s.DefaultListableBeanFactory     : Creating shared instance of singleton bean 'mbeanExporter'
2026-06-10T22:34:48.022-05:00 DEBUG 20976 --- [practice-basic-auth] [main] o.s.b.f.s.DefaultListableBeanFactory     : Creating shared instance of singleton bean 'objectNamingStrategy'
2026-06-10T22:34:48.023-05:00 DEBUG 20976 --- [practice-basic-auth] [main] o.s.b.f.s.DefaultListableBeanFactory     : Autowiring by type from bean name 'mbeanExporter' via factory method to bean named 'objectNamingStrategy'
2026-06-10T22:34:48.023-05:00 DEBUG 20976 --- [practice-basic-auth] [main] o.s.b.f.s.DefaultListableBeanFactory     : Autowiring by type from bean name 'mbeanExporter' via factory method to bean named 'org.springframework.beans.factory.support.DefaultListableBeanFactory@16afbd92'
2026-06-10T22:34:48.027-05:00 DEBUG 20976 --- [practice-basic-auth] [main] o.s.b.f.s.DefaultListableBeanFactory     : Creating shared instance of singleton bean 'mbeanServer'
2026-06-10T22:34:48.028-05:00 DEBUG 20976 --- [practice-basic-auth] [main] o.springframework.jmx.support.JmxUtils   : Found MBeanServer: com.sun.jmx.mbeanserver.JmxMBeanServer@4f4a7090
2026-06-10T22:34:48.031-05:00 DEBUG 20976 --- [practice-basic-auth] [main] o.s.b.f.s.DefaultListableBeanFactory     : Creating shared instance of singleton bean 'org.springframework.boot.actuate.autoconfigure.endpoint.jmx.JmxEndpointAutoConfiguration$JmxJacksonEndpointConfiguration'
2026-06-10T22:34:48.031-05:00 DEBUG 20976 --- [practice-basic-auth] [main] o.s.b.f.s.DefaultListableBeanFactory     : Creating shared instance of singleton bean 'jmxMBeanExporter'
2026-06-10T22:34:48.031-05:00 DEBUG 20976 --- [practice-basic-auth] [main] o.s.b.f.s.DefaultListableBeanFactory     : Creating shared instance of singleton bean 'endpointObjectNameFactory'
2026-06-10T22:34:48.031-05:00 DEBUG 20976 --- [practice-basic-auth] [main] o.s.b.f.s.DefaultListableBeanFactory     : Creating shared instance of singleton bean 'org.springframework.boot.actuate.autoconfigure.endpoint.jmx.JmxEndpointAutoConfiguration'
2026-06-10T22:34:48.032-05:00 DEBUG 20976 --- [practice-basic-auth] [main] o.s.b.f.s.DefaultListableBeanFactory     : Creating shared instance of singleton bean 'management.endpoints.jmx-org.springframework.boot.actuate.autoconfigure.endpoint.jmx.JmxEndpointProperties'
2026-06-10T22:34:48.034-05:00 DEBUG 20976 --- [practice-basic-auth] [main] o.s.b.f.s.DefaultListableBeanFactory     : Autowiring by type from bean name 'org.springframework.boot.actuate.autoconfigure.endpoint.jmx.JmxEndpointAutoConfiguration' via constructor to bean named 'org.springframework.boot.web.server.servlet.context.AnnotationConfigServletWebServerApplicationContext@7be58f16'
2026-06-10T22:34:48.034-05:00 DEBUG 20976 --- [practice-basic-auth] [main] o.s.b.f.s.DefaultListableBeanFactory     : Autowiring by type from bean name 'org.springframework.boot.actuate.autoconfigure.endpoint.jmx.JmxEndpointAutoConfiguration' via constructor to bean named 'management.endpoints.jmx-org.springframework.boot.actuate.autoconfigure.endpoint.jmx.JmxEndpointProperties'
2026-06-10T22:34:48.034-05:00 DEBUG 20976 --- [practice-basic-auth] [main] o.s.b.f.s.DefaultListableBeanFactory     : Autowiring by type from bean name 'org.springframework.boot.actuate.autoconfigure.endpoint.jmx.JmxEndpointAutoConfiguration' via constructor to bean named 'spring.jmx-org.springframework.boot.autoconfigure.jmx.JmxProperties'
2026-06-10T22:34:48.034-05:00 DEBUG 20976 --- [practice-basic-auth] [main] o.s.b.f.s.DefaultListableBeanFactory     : Autowiring by type from bean name 'endpointObjectNameFactory' via factory method to bean named 'mbeanServer'
2026-06-10T22:34:48.034-05:00 DEBUG 20976 --- [practice-basic-auth] [main] o.s.b.f.s.DefaultListableBeanFactory     : Creating shared instance of singleton bean 'jmxAnnotationEndpointDiscoverer'
2026-06-10T22:34:48.034-05:00 DEBUG 20976 --- [practice-basic-auth] [main] o.s.b.f.s.DefaultListableBeanFactory     : Autowiring by type from bean name 'jmxAnnotationEndpointDiscoverer' via factory method to bean named 'endpointOperationParameterMapper'
2026-06-10T22:34:48.035-05:00 DEBUG 20976 --- [practice-basic-auth] [main] o.s.b.f.s.DefaultListableBeanFactory     : Creating shared instance of singleton bean 'jmxIncludeExcludePropertyEndpointFilter'
2026-06-10T22:34:48.036-05:00 DEBUG 20976 --- [practice-basic-auth] [main] o.s.b.f.s.DefaultListableBeanFactory     : Creating shared instance of singleton bean 'jmxAccessPropertiesOperationFilter'
2026-06-10T22:34:48.036-05:00 DEBUG 20976 --- [practice-basic-auth] [main] o.s.b.f.s.DefaultListableBeanFactory     : Autowiring by type from bean name 'jmxAccessPropertiesOperationFilter' via factory method to bean named 'propertiesEndpointAccessResolver'
2026-06-10T22:34:48.038-05:00 DEBUG 20976 --- [practice-basic-auth] [main] o.s.b.f.s.DefaultListableBeanFactory     : Autowiring by type from bean name 'jmxMBeanExporter' via factory method to bean named 'mbeanServer'
2026-06-10T22:34:48.038-05:00 DEBUG 20976 --- [practice-basic-auth] [main] o.s.b.f.s.DefaultListableBeanFactory     : Autowiring by type from bean name 'jmxMBeanExporter' via factory method to bean named 'endpointObjectNameFactory'
2026-06-10T22:34:48.038-05:00 DEBUG 20976 --- [practice-basic-auth] [main] o.s.b.f.s.DefaultListableBeanFactory     : Autowiring by type from bean name 'jmxMBeanExporter' via factory method to bean named 'jmxAnnotationEndpointDiscoverer'
2026-06-10T22:34:48.047-05:00 DEBUG 20976 --- [practice-basic-auth] [main] o.s.b.f.s.DefaultListableBeanFactory     : Creating shared instance of singleton bean 'environmentEndpoint'
2026-06-10T22:34:48.047-05:00 DEBUG 20976 --- [practice-basic-auth] [main] o.s.b.f.s.DefaultListableBeanFactory     : Creating shared instance of singleton bean 'org.springframework.boot.actuate.autoconfigure.env.EnvironmentEndpointAutoConfiguration'
2026-06-10T22:34:48.048-05:00 DEBUG 20976 --- [practice-basic-auth] [main] o.s.b.f.s.DefaultListableBeanFactory     : Creating shared instance of singleton bean 'management.endpoint.env-org.springframework.boot.actuate.autoconfigure.env.EnvironmentEndpointProperties'
2026-06-10T22:34:48.048-05:00 DEBUG 20976 --- [practice-basic-auth] [main] o.s.b.f.s.DefaultListableBeanFactory     : Autowiring by type from bean name 'environmentEndpoint' via factory method to bean named 'environment'
2026-06-10T22:34:48.048-05:00 DEBUG 20976 --- [practice-basic-auth] [main] o.s.b.f.s.DefaultListableBeanFactory     : Autowiring by type from bean name 'environmentEndpoint' via factory method to bean named 'management.endpoint.env-org.springframework.boot.actuate.autoconfigure.env.EnvironmentEndpointProperties'
2026-06-10T22:34:48.050-05:00 DEBUG 20976 --- [practice-basic-auth] [main] o.s.b.f.s.DefaultListableBeanFactory     : Creating shared instance of singleton bean 'sbomEndpoint'
2026-06-10T22:34:48.050-05:00 DEBUG 20976 --- [practice-basic-auth] [main] o.s.b.f.s.DefaultListableBeanFactory     : Creating shared instance of singleton bean 'org.springframework.boot.actuate.autoconfigure.sbom.SbomEndpointAutoConfiguration'
2026-06-10T22:34:48.051-05:00 DEBUG 20976 --- [practice-basic-auth] [main] o.s.b.f.s.DefaultListableBeanFactory     : Creating shared instance of singleton bean 'management.endpoint.sbom-org.springframework.boot.actuate.sbom.SbomProperties'
2026-06-10T22:34:48.051-05:00 DEBUG 20976 --- [practice-basic-auth] [main] o.s.b.f.s.DefaultListableBeanFactory     : Autowiring by type from bean name 'org.springframework.boot.actuate.autoconfigure.sbom.SbomEndpointAutoConfiguration' via constructor to bean named 'management.endpoint.sbom-org.springframework.boot.actuate.sbom.SbomProperties'
2026-06-10T22:34:48.052-05:00 DEBUG 20976 --- [practice-basic-auth] [main] o.s.b.f.s.DefaultListableBeanFactory     : Autowiring by type from bean name 'sbomEndpoint' via factory method to bean named 'org.springframework.boot.web.server.servlet.context.AnnotationConfigServletWebServerApplicationContext@7be58f16'
2026-06-10T22:34:48.053-05:00 DEBUG 20976 --- [practice-basic-auth] [main] o.s.b.f.s.DefaultListableBeanFactory     : Creating shared instance of singleton bean 'healthEndpoint'
2026-06-10T22:34:48.053-05:00 DEBUG 20976 --- [practice-basic-auth] [main] o.s.b.f.s.DefaultListableBeanFactory     : Creating shared instance of singleton bean 'org.springframework.boot.health.autoconfigure.actuate.endpoint.HealthEndpointConfiguration'
2026-06-10T22:34:48.054-05:00 DEBUG 20976 --- [practice-basic-auth] [main] o.s.b.f.s.DefaultListableBeanFactory     : Creating shared instance of singleton bean 'healthContributorRegistry'
2026-06-10T22:34:48.054-05:00 DEBUG 20976 --- [practice-basic-auth] [main] o.s.b.f.s.DefaultListableBeanFactory     : Creating shared instance of singleton bean 'org.springframework.boot.health.autoconfigure.registry.HealthContributorRegistryAutoConfiguration'
2026-06-10T22:34:48.055-05:00 DEBUG 20976 --- [practice-basic-auth] [main] o.s.b.f.s.DefaultListableBeanFactory     : Creating shared instance of singleton bean 'livenessStateHealthIndicator'
2026-06-10T22:34:48.055-05:00 DEBUG 20976 --- [practice-basic-auth] [main] o.s.b.f.s.DefaultListableBeanFactory     : Creating shared instance of singleton bean 'org.springframework.boot.health.autoconfigure.actuate.endpoint.AvailabilityProbesAutoConfiguration'
2026-06-10T22:34:48.055-05:00 DEBUG 20976 --- [practice-basic-auth] [main] o.s.b.f.s.DefaultListableBeanFactory     : Creating shared instance of singleton bean 'applicationAvailability'
2026-06-10T22:34:48.055-05:00 DEBUG 20976 --- [practice-basic-auth] [main] o.s.b.f.s.DefaultListableBeanFactory     : Creating shared instance of singleton bean 'org.springframework.boot.autoconfigure.availability.ApplicationAvailabilityAutoConfiguration'
2026-06-10T22:34:48.056-05:00 DEBUG 20976 --- [practice-basic-auth] [main] o.s.b.f.s.DefaultListableBeanFactory     : Autowiring by type from bean name 'livenessStateHealthIndicator' via factory method to bean named 'applicationAvailability'
2026-06-10T22:34:48.058-05:00 DEBUG 20976 --- [practice-basic-auth] [main] o.s.b.f.s.DefaultListableBeanFactory     : Creating shared instance of singleton bean 'readinessStateHealthIndicator'
2026-06-10T22:34:48.059-05:00 DEBUG 20976 --- [practice-basic-auth] [main] o.s.b.f.s.DefaultListableBeanFactory     : Autowiring by type from bean name 'readinessStateHealthIndicator' via factory method to bean named 'applicationAvailability'
2026-06-10T22:34:48.059-05:00 DEBUG 20976 --- [practice-basic-auth] [main] o.s.b.f.s.DefaultListableBeanFactory     : Creating shared instance of singleton bean 'diskSpaceHealthIndicator'
2026-06-10T22:34:48.059-05:00 DEBUG 20976 --- [practice-basic-auth] [main] o.s.b.f.s.DefaultListableBeanFactory     : Creating shared instance of singleton bean 'org.springframework.boot.health.autoconfigure.application.DiskSpaceHealthContributorAutoConfiguration'
2026-06-10T22:34:48.060-05:00 DEBUG 20976 --- [practice-basic-auth] [main] o.s.b.f.s.DefaultListableBeanFactory     : Creating shared instance of singleton bean 'management.health.diskspace-org.springframework.boot.health.autoconfigure.application.DiskSpaceHealthIndicatorProperties'
2026-06-10T22:34:48.061-05:00 DEBUG 20976 --- [practice-basic-auth] [main] o.s.b.f.s.DefaultListableBeanFactory     : Autowiring by type from bean name 'diskSpaceHealthIndicator' via factory method to bean named 'management.health.diskspace-org.springframework.boot.health.autoconfigure.application.DiskSpaceHealthIndicatorProperties'
2026-06-10T22:34:48.061-05:00 DEBUG 20976 --- [practice-basic-auth] [main] o.s.b.f.s.DefaultListableBeanFactory     : Creating shared instance of singleton bean 'sslHealthIndicator'
2026-06-10T22:34:48.061-05:00 DEBUG 20976 --- [practice-basic-auth] [main] o.s.b.f.s.DefaultListableBeanFactory     : Creating shared instance of singleton bean 'org.springframework.boot.health.autoconfigure.application.SslHealthContributorAutoConfiguration'
2026-06-10T22:34:48.061-05:00 DEBUG 20976 --- [practice-basic-auth] [main] o.s.b.f.s.DefaultListableBeanFactory     : Creating shared instance of singleton bean 'sslInfo'
2026-06-10T22:34:48.062-05:00 DEBUG 20976 --- [practice-basic-auth] [main] o.s.b.f.s.DefaultListableBeanFactory     : Autowiring by type from bean name 'sslInfo' via factory method to bean named 'sslBundleRegistry'
2026-06-10T22:34:48.063-05:00 DEBUG 20976 --- [practice-basic-auth] [main] o.s.b.f.s.DefaultListableBeanFactory     : Creating shared instance of singleton bean 'management.health.ssl-org.springframework.boot.health.autoconfigure.application.SslHealthIndicatorProperties'
2026-06-10T22:34:48.063-05:00 DEBUG 20976 --- [practice-basic-auth] [main] o.s.b.f.s.DefaultListableBeanFactory     : Autowiring by type from bean name 'sslHealthIndicator' via factory method to bean named 'sslInfo'
2026-06-10T22:34:48.063-05:00 DEBUG 20976 --- [practice-basic-auth] [main] o.s.b.f.s.DefaultListableBeanFactory     : Autowiring by type from bean name 'sslHealthIndicator' via factory method to bean named 'management.health.ssl-org.springframework.boot.health.autoconfigure.application.SslHealthIndicatorProperties'
2026-06-10T22:34:48.064-05:00 DEBUG 20976 --- [practice-basic-auth] [main] o.s.b.f.s.DefaultListableBeanFactory     : Creating shared instance of singleton bean 'pingHealthContributor'
2026-06-10T22:34:48.064-05:00 DEBUG 20976 --- [practice-basic-auth] [main] o.s.b.f.s.DefaultListableBeanFactory     : Creating shared instance of singleton bean 'org.springframework.boot.health.autoconfigure.contributor.HealthContributorAutoConfiguration'
2026-06-10T22:34:48.065-05:00 DEBUG 20976 --- [practice-basic-auth] [main] o.s.b.f.s.DefaultListableBeanFactory     : Creating shared instance of singleton bean 'dbHealthContributor'
2026-06-10T22:34:48.065-05:00 DEBUG 20976 --- [practice-basic-auth] [main] o.s.b.f.s.DefaultListableBeanFactory     : Creating shared instance of singleton bean 'org.springframework.boot.jdbc.autoconfigure.health.DataSourceHealthContributorAutoConfiguration'
2026-06-10T22:34:48.066-05:00 DEBUG 20976 --- [practice-basic-auth] [main] o.s.b.f.s.DefaultListableBeanFactory     : Creating shared instance of singleton bean 'hikariPoolDataSourceMetadataProvider'
2026-06-10T22:34:48.066-05:00 DEBUG 20976 --- [practice-basic-auth] [main] o.s.b.f.s.DefaultListableBeanFactory     : Creating shared instance of singleton bean 'org.springframework.boot.jdbc.autoconfigure.DataSourcePoolMetadataProvidersConfiguration$HikariPoolDataSourceMetadataProviderConfiguration'
2026-06-10T22:34:48.067-05:00 DEBUG 20976 --- [practice-basic-auth] [main] o.s.b.f.s.DefaultListableBeanFactory     : Creating shared instance of singleton bean 'management.health.db-org.springframework.boot.jdbc.autoconfigure.health.DataSourceHealthIndicatorProperties'
2026-06-10T22:34:48.067-05:00 DEBUG 20976 --- [practice-basic-auth] [main] o.s.b.f.s.DefaultListableBeanFactory     : Autowiring by type from bean name 'dbHealthContributor' via factory method to bean named 'org.springframework.beans.factory.support.DefaultListableBeanFactory@16afbd92'
2026-06-10T22:34:48.067-05:00 DEBUG 20976 --- [practice-basic-auth] [main] o.s.b.f.s.DefaultListableBeanFactory     : Autowiring by type from bean name 'dbHealthContributor' via factory method to bean named 'management.health.db-org.springframework.boot.jdbc.autoconfigure.health.DataSourceHealthIndicatorProperties'
2026-06-10T22:34:48.070-05:00 DEBUG 20976 --- [practice-basic-auth] [main] o.s.b.f.s.DefaultListableBeanFactory     : Creating shared instance of singleton bean 'groupsHealthContributorNameValidator'
2026-06-10T22:34:48.070-05:00 DEBUG 20976 --- [practice-basic-auth] [main] o.s.b.f.s.DefaultListableBeanFactory     : Creating shared instance of singleton bean 'healthEndpointGroups'
2026-06-10T22:34:48.071-05:00 DEBUG 20976 --- [practice-basic-auth] [main] o.s.b.f.s.DefaultListableBeanFactory     : Creating shared instance of singleton bean 'management.endpoint.health-org.springframework.boot.health.autoconfigure.actuate.endpoint.HealthEndpointProperties'
2026-06-10T22:34:48.072-05:00 DEBUG 20976 --- [practice-basic-auth] [main] o.s.b.f.s.DefaultListableBeanFactory     : Autowiring by type from bean name 'healthEndpointGroups' via factory method to bean named 'org.springframework.boot.web.server.servlet.context.AnnotationConfigServletWebServerApplicationContext@7be58f16'
2026-06-10T22:34:48.072-05:00 DEBUG 20976 --- [practice-basic-auth] [main] o.s.b.f.s.DefaultListableBeanFactory     : Autowiring by type from bean name 'healthEndpointGroups' via factory method to bean named 'management.endpoint.health-org.springframework.boot.health.autoconfigure.actuate.endpoint.HealthEndpointProperties'
2026-06-10T22:34:48.074-05:00 DEBUG 20976 --- [practice-basic-auth] [main] o.s.b.f.s.DefaultListableBeanFactory     : Creating shared instance of singleton bean 'healthStatusAggregator'
2026-06-10T22:34:48.074-05:00 DEBUG 20976 --- [practice-basic-auth] [main] o.s.b.f.s.DefaultListableBeanFactory     : Autowiring by type from bean name 'healthStatusAggregator' via factory method to bean named 'management.endpoint.health-org.springframework.boot.health.autoconfigure.actuate.endpoint.HealthEndpointProperties'
2026-06-10T22:34:48.076-05:00 DEBUG 20976 --- [practice-basic-auth] [main] o.s.b.f.s.DefaultListableBeanFactory     : Creating shared instance of singleton bean 'healthHttpCodeStatusMapper'
2026-06-10T22:34:48.076-05:00 DEBUG 20976 --- [practice-basic-auth] [main] o.s.b.f.s.DefaultListableBeanFactory     : Autowiring by type from bean name 'healthHttpCodeStatusMapper' via factory method to bean named 'management.endpoint.health-org.springframework.boot.health.autoconfigure.actuate.endpoint.HealthEndpointProperties'
2026-06-10T22:34:48.079-05:00 DEBUG 20976 --- [practice-basic-auth] [main] o.s.b.f.s.DefaultListableBeanFactory     : Creating shared instance of singleton bean 'availabilityProbesHealthEndpointGroupsPostProcessor'
2026-06-10T22:34:48.080-05:00 DEBUG 20976 --- [practice-basic-auth] [main] o.s.b.f.s.DefaultListableBeanFactory     : Autowiring by type from bean name 'availabilityProbesHealthEndpointGroupsPostProcessor' via factory method to bean named 'environment'
2026-06-10T22:34:48.081-05:00 DEBUG 20976 --- [practice-basic-auth] [main] o.s.b.f.s.DefaultListableBeanFactory     : Autowiring by type from bean name 'healthContributorRegistry' via factory method to bean named 'livenessStateHealthIndicator'
2026-06-10T22:34:48.082-05:00 DEBUG 20976 --- [practice-basic-auth] [main] o.s.b.f.s.DefaultListableBeanFactory     : Autowiring by type from bean name 'healthContributorRegistry' via factory method to bean named 'readinessStateHealthIndicator'
2026-06-10T22:34:48.082-05:00 DEBUG 20976 --- [practice-basic-auth] [main] o.s.b.f.s.DefaultListableBeanFactory     : Autowiring by type from bean name 'healthContributorRegistry' via factory method to bean named 'diskSpaceHealthIndicator'
2026-06-10T22:34:48.082-05:00 DEBUG 20976 --- [practice-basic-auth] [main] o.s.b.f.s.DefaultListableBeanFactory     : Autowiring by type from bean name 'healthContributorRegistry' via factory method to bean named 'sslHealthIndicator'
2026-06-10T22:34:48.082-05:00 DEBUG 20976 --- [practice-basic-auth] [main] o.s.b.f.s.DefaultListableBeanFactory     : Autowiring by type from bean name 'healthContributorRegistry' via factory method to bean named 'pingHealthContributor'
2026-06-10T22:34:48.082-05:00 DEBUG 20976 --- [practice-basic-auth] [main] o.s.b.f.s.DefaultListableBeanFactory     : Autowiring by type from bean name 'healthContributorRegistry' via factory method to bean named 'dbHealthContributor'
2026-06-10T22:34:48.082-05:00 DEBUG 20976 --- [practice-basic-auth] [main] o.s.b.f.s.DefaultListableBeanFactory     : Autowiring by type from bean name 'healthContributorRegistry' via factory method to bean named 'groupsHealthContributorNameValidator'
2026-06-10T22:34:48.086-05:00 DEBUG 20976 --- [practice-basic-auth] [main] o.s.b.f.s.DefaultListableBeanFactory     : Autowiring by type from bean name 'healthEndpoint' via factory method to bean named 'healthContributorRegistry'
2026-06-10T22:34:48.086-05:00 DEBUG 20976 --- [practice-basic-auth] [main] o.s.b.f.s.DefaultListableBeanFactory     : Autowiring by type from bean name 'healthEndpoint' via factory method to bean named 'healthEndpointGroups'
2026-06-10T22:34:48.086-05:00 DEBUG 20976 --- [practice-basic-auth] [main] o.s.b.f.s.DefaultListableBeanFactory     : Autowiring by type from bean name 'healthEndpoint' via factory method to bean named 'management.endpoint.health-org.springframework.boot.health.autoconfigure.actuate.endpoint.HealthEndpointProperties'
2026-06-10T22:34:48.101-05:00 DEBUG 20976 --- [practice-basic-auth] [main] o.s.b.f.s.DefaultListableBeanFactory     : Creating shared instance of singleton bean 'infoEndpoint'
2026-06-10T22:34:48.101-05:00 DEBUG 20976 --- [practice-basic-auth] [main] o.s.b.f.s.DefaultListableBeanFactory     : Creating shared instance of singleton bean 'org.springframework.boot.actuate.autoconfigure.info.InfoEndpointAutoConfiguration'
2026-06-10T22:34:48.103-05:00 DEBUG 20976 --- [practice-basic-auth] [main] o.s.b.f.s.DefaultListableBeanFactory     : Creating shared instance of singleton bean 'logFileWebEndpoint'
2026-06-10T22:34:48.103-05:00 DEBUG 20976 --- [practice-basic-auth] [main] o.s.b.f.s.DefaultListableBeanFactory     : Creating shared instance of singleton bean 'org.springframework.boot.actuate.autoconfigure.logging.LogFileWebEndpointAutoConfiguration'
2026-06-10T22:34:48.104-05:00 DEBUG 20976 --- [practice-basic-auth] [main] o.s.b.f.s.DefaultListableBeanFactory     : Creating shared instance of singleton bean 'management.endpoint.logfile-org.springframework.boot.actuate.autoconfigure.logging.LogFileWebEndpointProperties'
2026-06-10T22:34:48.104-05:00 DEBUG 20976 --- [practice-basic-auth] [main] o.s.b.f.s.DefaultListableBeanFactory     : Autowiring by type from bean name 'logFileWebEndpoint' via factory method to bean named 'management.endpoint.logfile-org.springframework.boot.actuate.autoconfigure.logging.LogFileWebEndpointProperties'
2026-06-10T22:34:48.106-05:00 DEBUG 20976 --- [practice-basic-auth] [main] o.s.b.f.s.DefaultListableBeanFactory     : Creating shared instance of singleton bean 'loggersEndpoint'
2026-06-10T22:34:48.106-05:00 DEBUG 20976 --- [practice-basic-auth] [main] o.s.b.f.s.DefaultListableBeanFactory     : Creating shared instance of singleton bean 'org.springframework.boot.actuate.autoconfigure.logging.LoggersEndpointAutoConfiguration'
2026-06-10T22:34:48.106-05:00 DEBUG 20976 --- [practice-basic-auth] [main] o.s.b.f.s.DefaultListableBeanFactory     : Autowiring by type from bean name 'loggersEndpoint' via factory method to bean named 'springBootLoggingSystem'
2026-06-10T22:34:48.109-05:00 DEBUG 20976 --- [practice-basic-auth] [main] o.s.b.f.s.DefaultListableBeanFactory     : Creating shared instance of singleton bean 'dumpEndpoint'
2026-06-10T22:34:48.109-05:00 DEBUG 20976 --- [practice-basic-auth] [main] o.s.b.f.s.DefaultListableBeanFactory     : Creating shared instance of singleton bean 'org.springframework.boot.actuate.autoconfigure.management.ThreadDumpEndpointAutoConfiguration'
2026-06-10T22:34:48.112-05:00 DEBUG 20976 --- [practice-basic-auth] [main] o.s.b.f.s.DefaultListableBeanFactory     : Creating shared instance of singleton bean 'scheduledTasksEndpoint'
2026-06-10T22:34:48.113-05:00 DEBUG 20976 --- [practice-basic-auth] [main] o.s.b.f.s.DefaultListableBeanFactory     : Creating shared instance of singleton bean 'org.springframework.boot.actuate.autoconfigure.scheduling.ScheduledTasksEndpointAutoConfiguration'
2026-06-10T22:34:48.115-05:00 DEBUG 20976 --- [practice-basic-auth] [main] o.s.b.f.s.DefaultListableBeanFactory     : Creating shared instance of singleton bean 'mappingsEndpoint'
2026-06-10T22:34:48.115-05:00 DEBUG 20976 --- [practice-basic-auth] [main] o.s.b.f.s.DefaultListableBeanFactory     : Creating shared instance of singleton bean 'org.springframework.boot.actuate.autoconfigure.web.mappings.MappingsEndpointAutoConfiguration'
2026-06-10T22:34:48.115-05:00 DEBUG 20976 --- [practice-basic-auth] [main] o.s.b.f.s.DefaultListableBeanFactory     : Autowiring by type from bean name 'mappingsEndpoint' via factory method to bean named 'org.springframework.boot.web.server.servlet.context.AnnotationConfigServletWebServerApplicationContext@7be58f16'
2026-06-10T22:34:48.115-05:00 DEBUG 20976 --- [practice-basic-auth] [main] o.s.b.f.s.DefaultListableBeanFactory     : Creating shared instance of singleton bean 'servletMappingDescriptionProvider'
2026-06-10T22:34:48.115-05:00 DEBUG 20976 --- [practice-basic-auth] [main] o.s.b.f.s.DefaultListableBeanFactory     : Creating shared instance of singleton bean 'org.springframework.boot.servlet.autoconfigure.actuate.web.mappings.ServletMappingsAutoConfiguration'
2026-06-10T22:34:48.116-05:00 DEBUG 20976 --- [practice-basic-auth] [main] o.s.b.f.s.DefaultListableBeanFactory     : Creating shared instance of singleton bean 'filterMappingDescriptionProvider'
2026-06-10T22:34:48.116-05:00 DEBUG 20976 --- [practice-basic-auth] [main] o.s.b.f.s.DefaultListableBeanFactory     : Creating shared instance of singleton bean 'dispatcherServletMappingDescriptionProvider'
2026-06-10T22:34:48.116-05:00 DEBUG 20976 --- [practice-basic-auth] [main] o.s.b.f.s.DefaultListableBeanFactory     : Creating shared instance of singleton bean 'org.springframework.boot.webmvc.autoconfigure.actuate.web.mappings.WebMvcMappingsAutoConfiguration'
2026-06-10T22:34:48.121-05:00 DEBUG 20976 --- [practice-basic-auth] [main] o.s.b.f.s.DefaultListableBeanFactory     : Creating shared instance of singleton bean 'metricsEndpoint'
2026-06-10T22:34:48.121-05:00 DEBUG 20976 --- [practice-basic-auth] [main] o.s.b.f.s.DefaultListableBeanFactory     : Creating shared instance of singleton bean 'org.springframework.boot.micrometer.metrics.autoconfigure.MetricsEndpointAutoConfiguration'
2026-06-10T22:34:48.121-05:00 DEBUG 20976 --- [practice-basic-auth] [main] o.s.b.f.s.DefaultListableBeanFactory     : Autowiring by type from bean name 'metricsEndpoint' via factory method to bean named 'simpleMeterRegistry'
2026-06-10T22:34:48.130-05:00 DEBUG 20976 --- [practice-basic-auth] [main] o.s.b.f.s.DefaultListableBeanFactory     : Creating shared instance of singleton bean 'eagerlyInitializeJmxEndpointExporter'
2026-06-10T22:34:48.131-05:00 DEBUG 20976 --- [practice-basic-auth] [main] o.s.b.f.s.DefaultListableBeanFactory     : Creating shared instance of singleton bean 'endpointMediaTypes'
2026-06-10T22:34:48.131-05:00 DEBUG 20976 --- [practice-basic-auth] [main] o.s.b.f.s.DefaultListableBeanFactory     : Creating shared instance of singleton bean 'webEndpointDiscoverer'
2026-06-10T22:34:48.132-05:00 DEBUG 20976 --- [practice-basic-auth] [main] o.s.b.f.s.DefaultListableBeanFactory     : Autowiring by type from bean name 'webEndpointDiscoverer' via factory method to bean named 'endpointOperationParameterMapper'
2026-06-10T22:34:48.132-05:00 DEBUG 20976 --- [practice-basic-auth] [main] o.s.b.f.s.DefaultListableBeanFactory     : Autowiring by type from bean name 'webEndpointDiscoverer' via factory method to bean named 'endpointMediaTypes'
2026-06-10T22:34:48.134-05:00 DEBUG 20976 --- [practice-basic-auth] [main] o.s.b.f.s.DefaultListableBeanFactory     : Creating shared instance of singleton bean 'webExposeExcludePropertyEndpointFilter'
2026-06-10T22:34:48.134-05:00 DEBUG 20976 --- [practice-basic-auth] [main] o.s.b.f.s.DefaultListableBeanFactory     : Creating shared instance of singleton bean 'webAccessPropertiesOperationFilter'
2026-06-10T22:34:48.135-05:00 DEBUG 20976 --- [practice-basic-auth] [main] o.s.b.f.s.DefaultListableBeanFactory     : Autowiring by type from bean name 'webAccessPropertiesOperationFilter' via factory method to bean named 'propertiesEndpointAccessResolver'
2026-06-10T22:34:48.136-05:00 DEBUG 20976 --- [practice-basic-auth] [main] o.s.b.f.s.DefaultListableBeanFactory     : Creating shared instance of singleton bean 'controllerEndpointDiscoverer'
2026-06-10T22:34:48.137-05:00 DEBUG 20976 --- [practice-basic-auth] [main] o.s.b.f.s.DefaultListableBeanFactory     : Creating shared instance of singleton bean 'controllerExposeExcludePropertyEndpointFilter'
2026-06-10T22:34:48.138-05:00 DEBUG 20976 --- [practice-basic-auth] [main] o.s.b.f.s.DefaultListableBeanFactory     : Creating shared instance of singleton bean 'pathMappedEndpoints'
2026-06-10T22:34:48.139-05:00 DEBUG 20976 --- [practice-basic-auth] [main] o.s.b.f.s.DefaultListableBeanFactory     : Autowiring by type from bean name 'pathMappedEndpoints' via factory method to bean named 'jmxAnnotationEndpointDiscoverer'
2026-06-10T22:34:48.139-05:00 DEBUG 20976 --- [practice-basic-auth] [main] o.s.b.f.s.DefaultListableBeanFactory     : Autowiring by type from bean name 'pathMappedEndpoints' via factory method to bean named 'servletEndpointDiscoverer'
2026-06-10T22:34:48.139-05:00 DEBUG 20976 --- [practice-basic-auth] [main] o.s.b.f.s.DefaultListableBeanFactory     : Autowiring by type from bean name 'pathMappedEndpoints' via factory method to bean named 'webEndpointDiscoverer'
2026-06-10T22:34:48.139-05:00 DEBUG 20976 --- [practice-basic-auth] [main] o.s.b.f.s.DefaultListableBeanFactory     : Autowiring by type from bean name 'pathMappedEndpoints' via factory method to bean named 'controllerEndpointDiscoverer'
2026-06-10T22:34:48.149-05:00 DEBUG 20976 --- [practice-basic-auth] [main] o.s.b.f.s.DefaultListableBeanFactory     : Creating shared instance of singleton bean 'environmentEndpointWebExtension'
2026-06-10T22:34:48.150-05:00 DEBUG 20976 --- [practice-basic-auth] [main] o.s.b.f.s.DefaultListableBeanFactory     : Autowiring by type from bean name 'environmentEndpointWebExtension' via factory method to bean named 'environmentEndpoint'
2026-06-10T22:34:48.150-05:00 DEBUG 20976 --- [practice-basic-auth] [main] o.s.b.f.s.DefaultListableBeanFactory     : Autowiring by type from bean name 'environmentEndpointWebExtension' via factory method to bean named 'management.endpoint.env-org.springframework.boot.actuate.autoconfigure.env.EnvironmentEndpointProperties'
2026-06-10T22:34:48.154-05:00 DEBUG 20976 --- [practice-basic-auth] [main] o.s.b.f.s.DefaultListableBeanFactory     : Creating shared instance of singleton bean 'sbomEndpointWebExtension'
2026-06-10T22:34:48.154-05:00 DEBUG 20976 --- [practice-basic-auth] [main] o.s.b.f.s.DefaultListableBeanFactory     : Autowiring by type from bean name 'sbomEndpointWebExtension' via factory method to bean named 'sbomEndpoint'
2026-06-10T22:34:48.156-05:00 DEBUG 20976 --- [practice-basic-auth] [main] o.s.b.f.s.DefaultListableBeanFactory     : Creating shared instance of singleton bean 'healthEndpointWebExtension'
2026-06-10T22:34:48.156-05:00 DEBUG 20976 --- [practice-basic-auth] [main] o.s.b.f.s.DefaultListableBeanFactory     : Creating shared instance of singleton bean 'org.springframework.boot.health.autoconfigure.actuate.endpoint.HealthEndpointWebExtensionConfiguration'
2026-06-10T22:34:48.156-05:00 DEBUG 20976 --- [practice-basic-auth] [main] o.s.b.f.s.DefaultListableBeanFactory     : Autowiring by type from bean name 'healthEndpointWebExtension' via factory method to bean named 'healthContributorRegistry'
2026-06-10T22:34:48.156-05:00 DEBUG 20976 --- [practice-basic-auth] [main] o.s.b.f.s.DefaultListableBeanFactory     : Autowiring by type from bean name 'healthEndpointWebExtension' via factory method to bean named 'healthEndpointGroups'
2026-06-10T22:34:48.156-05:00 DEBUG 20976 --- [practice-basic-auth] [main] o.s.b.f.s.DefaultListableBeanFactory     : Autowiring by type from bean name 'healthEndpointWebExtension' via factory method to bean named 'management.endpoint.health-org.springframework.boot.health.autoconfigure.actuate.endpoint.HealthEndpointProperties'
2026-06-10T22:34:48.163-05:00 DEBUG 20976 --- [practice-basic-auth] [main] o.s.b.f.s.DefaultListableBeanFactory     : Creating shared instance of singleton bean 'org.springframework.boot.autoconfigure.info.ProjectInfoAutoConfiguration'
2026-06-10T22:34:48.164-05:00 DEBUG 20976 --- [practice-basic-auth] [main] o.s.b.f.s.DefaultListableBeanFactory     : Creating shared instance of singleton bean 'spring.info-org.springframework.boot.autoconfigure.info.ProjectInfoProperties'
2026-06-10T22:34:48.165-05:00 DEBUG 20976 --- [practice-basic-auth] [main] o.s.b.f.s.DefaultListableBeanFactory     : Autowiring by type from bean name 'org.springframework.boot.autoconfigure.info.ProjectInfoAutoConfiguration' via constructor to bean named 'spring.info-org.springframework.boot.autoconfigure.info.ProjectInfoProperties'
2026-06-10T22:34:48.165-05:00 DEBUG 20976 --- [practice-basic-auth] [main] o.s.b.f.s.DefaultListableBeanFactory     : Creating shared instance of singleton bean 'org.springframework.boot.actuate.autoconfigure.info.InfoContributorAutoConfiguration'
2026-06-10T22:34:48.165-05:00 DEBUG 20976 --- [practice-basic-auth] [main] o.s.b.f.s.DefaultListableBeanFactory     : Creating shared instance of singleton bean 'management.info-org.springframework.boot.actuate.autoconfigure.info.InfoContributorProperties'
2026-06-10T22:34:48.166-05:00 DEBUG 20976 --- [practice-basic-auth] [main] o.s.b.f.s.DefaultListableBeanFactory     : Creating shared instance of singleton bean 'org.springframework.boot.actuate.autoconfigure.web.exchanges.HttpExchangesEndpointAutoConfiguration'
2026-06-10T22:34:48.166-05:00 DEBUG 20976 --- [practice-basic-auth] [main] o.s.b.f.s.DefaultListableBeanFactory     : Creating shared instance of singleton bean 'org.springframework.boot.autoconfigure.admin.SpringApplicationAdminJmxAutoConfiguration'
2026-06-10T22:34:48.166-05:00 DEBUG 20976 --- [practice-basic-auth] [main] o.s.b.f.s.DefaultListableBeanFactory     : Creating shared instance of singleton bean 'springApplicationAdminRegistrar'
2026-06-10T22:34:48.166-05:00 DEBUG 20976 --- [practice-basic-auth] [main] o.s.b.f.s.DefaultListableBeanFactory     : Autowiring by type from bean name 'springApplicationAdminRegistrar' via factory method to bean named 'environment'
2026-06-10T22:34:48.168-05:00 DEBUG 20976 --- [practice-basic-auth] [main] inMXBeanRegistrar$SpringApplicationAdmin : Application Admin MBean registered with name 'org.springframework.boot:type=Admin,name=SpringApplication'
2026-06-10T22:34:48.168-05:00 DEBUG 20976 --- [practice-basic-auth] [main] o.s.b.f.s.DefaultListableBeanFactory     : Creating shared instance of singleton bean 'org.springframework.boot.autoconfigure.aop.AopAutoConfiguration$ClassProxyingConfiguration'
2026-06-10T22:34:48.168-05:00 DEBUG 20976 --- [practice-basic-auth] [main] o.s.b.f.s.DefaultListableBeanFactory     : Creating shared instance of singleton bean 'org.springframework.boot.autoconfigure.aop.AopAutoConfiguration'
2026-06-10T22:34:48.169-05:00 DEBUG 20976 --- [practice-basic-auth] [main] o.s.b.f.s.DefaultListableBeanFactory     : Creating shared instance of singleton bean 'org.springframework.boot.autoconfigure.context.ConfigurationPropertiesAutoConfiguration'
2026-06-10T22:34:48.169-05:00 DEBUG 20976 --- [practice-basic-auth] [main] o.s.b.f.s.DefaultListableBeanFactory     : Creating shared instance of singleton bean 'org.springframework.boot.autoconfigure.context.LifecycleAutoConfiguration'
2026-06-10T22:34:48.169-05:00 DEBUG 20976 --- [practice-basic-auth] [main] o.s.b.f.s.DefaultListableBeanFactory     : Creating shared instance of singleton bean 'lifecycleProcessor'
2026-06-10T22:34:48.170-05:00 DEBUG 20976 --- [practice-basic-auth] [main] o.s.b.f.s.DefaultListableBeanFactory     : Creating shared instance of singleton bean 'spring.lifecycle-org.springframework.boot.autoconfigure.context.LifecycleProperties'
2026-06-10T22:34:48.170-05:00 DEBUG 20976 --- [practice-basic-auth] [main] o.s.b.f.s.DefaultListableBeanFactory     : Autowiring by type from bean name 'lifecycleProcessor' via factory method to bean named 'spring.lifecycle-org.springframework.boot.autoconfigure.context.LifecycleProperties'
2026-06-10T22:34:48.172-05:00 DEBUG 20976 --- [practice-basic-auth] [main] o.s.b.f.s.DefaultListableBeanFactory     : Creating shared instance of singleton bean 'org.springframework.boot.autoconfigure.task.TaskSchedulingConfigurations$ThreadPoolTaskSchedulerBuilderConfiguration'
2026-06-10T22:34:48.172-05:00 DEBUG 20976 --- [practice-basic-auth] [main] o.s.b.f.s.DefaultListableBeanFactory     : Creating shared instance of singleton bean 'threadPoolTaskSchedulerBuilder'
2026-06-10T22:34:48.172-05:00 DEBUG 20976 --- [practice-basic-auth] [main] o.s.b.f.s.DefaultListableBeanFactory     : Creating shared instance of singleton bean 'spring.task.scheduling-org.springframework.boot.autoconfigure.task.TaskSchedulingProperties'
2026-06-10T22:34:48.173-05:00 DEBUG 20976 --- [practice-basic-auth] [main] o.s.b.f.s.DefaultListableBeanFactory     : Autowiring by type from bean name 'threadPoolTaskSchedulerBuilder' via factory method to bean named 'spring.task.scheduling-org.springframework.boot.autoconfigure.task.TaskSchedulingProperties'
2026-06-10T22:34:48.175-05:00 DEBUG 20976 --- [practice-basic-auth] [main] o.s.b.f.s.DefaultListableBeanFactory     : Creating shared instance of singleton bean 'org.springframework.boot.autoconfigure.task.TaskSchedulingConfigurations$SimpleAsyncTaskSchedulerBuilderConfiguration'
2026-06-10T22:34:48.176-05:00 DEBUG 20976 --- [practice-basic-auth] [main] o.s.b.f.s.DefaultListableBeanFactory     : Autowiring by type from bean name 'org.springframework.boot.autoconfigure.task.TaskSchedulingConfigurations$SimpleAsyncTaskSchedulerBuilderConfiguration' via constructor to bean named 'spring.task.scheduling-org.springframework.boot.autoconfigure.task.TaskSchedulingProperties'
2026-06-10T22:34:48.177-05:00 DEBUG 20976 --- [practice-basic-auth] [main] o.s.b.f.s.DefaultListableBeanFactory     : Creating shared instance of singleton bean 'simpleAsyncTaskSchedulerBuilder'
2026-06-10T22:34:48.178-05:00 DEBUG 20976 --- [practice-basic-auth] [main] o.s.b.f.s.DefaultListableBeanFactory     : Creating shared instance of singleton bean 'org.springframework.boot.autoconfigure.task.TaskSchedulingAutoConfiguration'
2026-06-10T22:34:48.179-05:00 DEBUG 20976 --- [practice-basic-auth] [main] o.s.b.f.s.DefaultListableBeanFactory     : Creating shared instance of singleton bean 'meterRegistryCloser'
2026-06-10T22:34:48.179-05:00 DEBUG 20976 --- [practice-basic-auth] [main] o.s.b.f.s.DefaultListableBeanFactory     : Autowiring by type from bean name 'meterRegistryCloser' via factory method to bean named 'org.springframework.boot.web.server.servlet.context.AnnotationConfigServletWebServerApplicationContext@7be58f16'
2026-06-10T22:34:48.179-05:00 DEBUG 20976 --- [practice-basic-auth] [main] o.s.b.f.s.DefaultListableBeanFactory     : Creating shared instance of singleton bean 'org.springframework.boot.micrometer.metrics.autoconfigure.CompositeMeterRegistryAutoConfiguration'
2026-06-10T22:34:48.179-05:00 DEBUG 20976 --- [practice-basic-auth] [main] o.s.b.f.s.DefaultListableBeanFactory     : Creating shared instance of singleton bean 'org.springframework.boot.data.autoconfigure.metrics.DataRepositoryMetricsAutoConfiguration'
2026-06-10T22:34:48.180-05:00 DEBUG 20976 --- [practice-basic-auth] [main] o.s.b.f.s.DefaultListableBeanFactory     : Creating shared instance of singleton bean 'management.metrics.data-org.springframework.boot.data.autoconfigure.metrics.DataMetricsProperties'
2026-06-10T22:34:48.181-05:00 DEBUG 20976 --- [practice-basic-auth] [main] o.s.b.f.s.DefaultListableBeanFactory     : Autowiring by type from bean name 'org.springframework.boot.data.autoconfigure.metrics.DataRepositoryMetricsAutoConfiguration' via constructor to bean named 'management.metrics.data-org.springframework.boot.data.autoconfigure.metrics.DataMetricsProperties'
2026-06-10T22:34:48.181-05:00 DEBUG 20976 --- [practice-basic-auth] [main] o.s.b.f.s.DefaultListableBeanFactory     : Creating shared instance of singleton bean 'repositoryTagsProvider'
2026-06-10T22:34:48.182-05:00 DEBUG 20976 --- [practice-basic-auth] [main] o.s.b.f.s.DefaultListableBeanFactory     : Creating shared instance of singleton bean 'metricsRepositoryMethodInvocationListener'
2026-06-10T22:34:48.182-05:00 DEBUG 20976 --- [practice-basic-auth] [main] o.s.b.f.s.DefaultListableBeanFactory     : Autowiring by type from bean name 'metricsRepositoryMethodInvocationListener' via factory method to bean named 'repositoryTagsProvider'
2026-06-10T22:34:48.184-05:00 DEBUG 20976 --- [practice-basic-auth] [main] o.s.b.f.s.DefaultListableBeanFactory     : Creating shared instance of singleton bean 'org.springframework.data.web.config.ProjectingArgumentResolverRegistrar'
2026-06-10T22:34:48.185-05:00 DEBUG 20976 --- [practice-basic-auth] [main] o.s.b.f.s.DefaultListableBeanFactory     : Creating shared instance of singleton bean 'offsetResolver'
2026-06-10T22:34:48.186-05:00 DEBUG 20976 --- [practice-basic-auth] [main] o.s.b.f.s.DefaultListableBeanFactory     : Creating shared instance of singleton bean 'org.springframework.boot.jdbc.autoconfigure.DataSourceJmxConfiguration$Hikari'
2026-06-10T22:34:48.187-05:00 DEBUG 20976 --- [practice-basic-auth] [main] o.s.b.f.s.DefaultListableBeanFactory     : Autowiring by type from bean name 'org.springframework.boot.jdbc.autoconfigure.DataSourceJmxConfiguration$Hikari' via constructor to bean named 'dataSource'
2026-06-10T22:34:48.187-05:00 DEBUG 20976 --- [practice-basic-auth] [main] o.s.b.f.s.DefaultListableBeanFactory     : Creating shared instance of singleton bean 'org.springframework.boot.jdbc.autoconfigure.DataSourceJmxConfiguration'
2026-06-10T22:34:48.187-05:00 DEBUG 20976 --- [practice-basic-auth] [main] o.s.b.f.s.DefaultListableBeanFactory     : Creating shared instance of singleton bean 'org.springframework.boot.jdbc.autoconfigure.DataSourcePoolMetadataProvidersConfiguration'
2026-06-10T22:34:48.187-05:00 DEBUG 20976 --- [practice-basic-auth] [main] o.s.b.f.s.DefaultListableBeanFactory     : Creating shared instance of singleton bean 'org.springframework.boot.jdbc.autoconfigure.DataSourceAutoConfiguration'
2026-06-10T22:34:48.188-05:00 DEBUG 20976 --- [practice-basic-auth] [main] o.s.b.f.s.DefaultListableBeanFactory     : Creating shared instance of singleton bean 'org.springframework.boot.jdbc.autoconfigure.NamedParameterJdbcTemplateConfiguration'
2026-06-10T22:34:48.188-05:00 DEBUG 20976 --- [practice-basic-auth] [main] o.s.b.f.s.DefaultListableBeanFactory     : Creating shared instance of singleton bean 'namedParameterJdbcTemplate'
2026-06-10T22:34:48.188-05:00 DEBUG 20976 --- [practice-basic-auth] [main] o.s.b.f.s.DefaultListableBeanFactory     : Autowiring by type from bean name 'namedParameterJdbcTemplate' via factory method to bean named 'jdbcTemplate'
2026-06-10T22:34:48.190-05:00 DEBUG 20976 --- [practice-basic-auth] [main] o.s.b.f.s.DefaultListableBeanFactory     : Creating shared instance of singleton bean 'org.springframework.boot.jdbc.autoconfigure.JdbcTemplateAutoConfiguration'
2026-06-10T22:34:48.190-05:00 DEBUG 20976 --- [practice-basic-auth] [main] o.s.b.f.s.DefaultListableBeanFactory     : Creating shared instance of singleton bean 'org.springframework.boot.transaction.autoconfigure.TransactionManagerCustomizationAutoConfiguration'
2026-06-10T22:34:48.190-05:00 DEBUG 20976 --- [practice-basic-auth] [main] o.s.b.f.s.DefaultListableBeanFactory     : Creating shared instance of singleton bean 'platformTransactionManagerCustomizers'
2026-06-10T22:34:48.191-05:00 DEBUG 20976 --- [practice-basic-auth] [main] o.s.b.f.s.DefaultListableBeanFactory     : Creating shared instance of singleton bean 'transactionExecutionListeners'
2026-06-10T22:34:48.191-05:00 DEBUG 20976 --- [practice-basic-auth] [main] o.s.b.f.s.DefaultListableBeanFactory     : Creating shared instance of singleton bean 'spring.transaction-org.springframework.boot.transaction.autoconfigure.TransactionProperties'
2026-06-10T22:34:48.192-05:00 DEBUG 20976 --- [practice-basic-auth] [main] o.s.b.f.s.DefaultListableBeanFactory     : Creating shared instance of singleton bean 'org.springframework.boot.jdbc.autoconfigure.DataSourceTransactionManagerAutoConfiguration$JdbcTransactionManagerConfiguration'
2026-06-10T22:34:48.192-05:00 DEBUG 20976 --- [practice-basic-auth] [main] o.s.b.f.s.DefaultListableBeanFactory     : Creating shared instance of singleton bean 'transactionManager'
2026-06-10T22:34:48.192-05:00 DEBUG 20976 --- [practice-basic-auth] [main] o.s.b.f.s.DefaultListableBeanFactory     : Autowiring by type from bean name 'transactionManager' via factory method to bean named 'environment'
2026-06-10T22:34:48.192-05:00 DEBUG 20976 --- [practice-basic-auth] [main] o.s.b.f.s.DefaultListableBeanFactory     : Autowiring by type from bean name 'transactionManager' via factory method to bean named 'dataSource'
2026-06-10T22:34:48.196-05:00 DEBUG 20976 --- [practice-basic-auth] [main] o.s.b.f.s.DefaultListableBeanFactory     : Creating shared instance of singleton bean 'org.springframework.boot.jdbc.autoconfigure.DataSourceTransactionManagerAutoConfiguration'
2026-06-10T22:34:48.196-05:00 DEBUG 20976 --- [practice-basic-auth] [main] o.s.b.f.s.DefaultListableBeanFactory     : Creating shared instance of singleton bean 'org.springframework.boot.data.jdbc.autoconfigure.DataJdbcRepositoriesAutoConfiguration$SpringBootJdbcConfiguration'
2026-06-10T22:34:48.197-05:00 DEBUG 20976 --- [practice-basic-auth] [main] o.s.b.f.s.DefaultListableBeanFactory     : Creating shared instance of singleton bean 'spring.data.jdbc-org.springframework.boot.data.jdbc.autoconfigure.DataJdbcProperties'
2026-06-10T22:34:48.197-05:00 DEBUG 20976 --- [practice-basic-auth] [main] o.s.b.f.s.DefaultListableBeanFactory     : Autowiring by type from bean name 'org.springframework.boot.data.jdbc.autoconfigure.DataJdbcRepositoriesAutoConfiguration$SpringBootJdbcConfiguration' via constructor to bean named 'org.springframework.boot.web.server.servlet.context.AnnotationConfigServletWebServerApplicationContext@7be58f16'
2026-06-10T22:34:48.197-05:00 DEBUG 20976 --- [practice-basic-auth] [main] o.s.b.f.s.DefaultListableBeanFactory     : Autowiring by type from bean name 'org.springframework.boot.data.jdbc.autoconfigure.DataJdbcRepositoriesAutoConfiguration$SpringBootJdbcConfiguration' via constructor to bean named 'spring.data.jdbc-org.springframework.boot.data.jdbc.autoconfigure.DataJdbcProperties'
2026-06-10T22:34:48.198-05:00 DEBUG 20976 --- [practice-basic-auth] [main] o.s.b.f.s.DefaultListableBeanFactory     : Creating shared instance of singleton bean 'jdbcManagedTypes'
2026-06-10T22:34:48.201-05:00 DEBUG 20976 --- [practice-basic-auth] [main] o.s.b.f.s.DefaultListableBeanFactory     : Creating shared instance of singleton bean 'jdbcMappingContext'
2026-06-10T22:34:48.202-05:00 DEBUG 20976 --- [practice-basic-auth] [main] o.s.b.f.s.DefaultListableBeanFactory     : Creating shared instance of singleton bean 'jdbcCustomConversions'
2026-06-10T22:34:48.203-05:00 DEBUG 20976 --- [practice-basic-auth] [main] o.s.b.f.s.DefaultListableBeanFactory     : Creating shared instance of singleton bean 'jdbcDialect'
2026-06-10T22:34:48.203-05:00 DEBUG 20976 --- [practice-basic-auth] [main] o.s.b.f.s.DefaultListableBeanFactory     : Autowiring by type from bean name 'jdbcDialect' via factory method to bean named 'namedParameterJdbcTemplate'
2026-06-10T22:34:48.205-05:00 DEBUG 20976 --- [practice-basic-auth] [main] o.s.jdbc.datasource.DataSourceUtils      : Fetching JDBC Connection from DataSource
2026-06-10T22:34:48.226-05:00 DEBUG 20976 --- [practice-basic-auth] [main] o.s.data.convert.CustomConversions       : Adding converter from class java.sql.Timestamp to class java.time.LocalDateTime as reading converter
2026-06-10T22:34:48.226-05:00 DEBUG 20976 --- [practice-basic-auth] [main] o.s.data.convert.CustomConversions       : Adding converter from class java.sql.Timestamp to class java.time.LocalDate as reading converter
2026-06-10T22:34:48.226-05:00 DEBUG 20976 --- [practice-basic-auth] [main] o.s.data.convert.CustomConversions       : Adding converter from class java.time.LocalDate to class java.sql.Timestamp as writing converter
2026-06-10T22:34:48.226-05:00 DEBUG 20976 --- [practice-basic-auth] [main] o.s.data.convert.CustomConversions       : Adding converter from class java.sql.Timestamp to class java.time.LocalTime as reading converter
2026-06-10T22:34:48.226-05:00 DEBUG 20976 --- [practice-basic-auth] [main] o.s.data.convert.CustomConversions       : Adding converter from class java.time.LocalTime to class java.sql.Timestamp as writing converter
2026-06-10T22:34:48.226-05:00 DEBUG 20976 --- [practice-basic-auth] [main] o.s.data.convert.CustomConversions       : Adding converter from class java.sql.Timestamp to class java.time.Instant as reading converter
2026-06-10T22:34:48.226-05:00 DEBUG 20976 --- [practice-basic-auth] [main] o.s.data.convert.CustomConversions       : Adding converter from class java.time.Instant to class java.sql.Timestamp as writing converter
2026-06-10T22:34:48.226-05:00 DEBUG 20976 --- [practice-basic-auth] [main] o.s.data.convert.CustomConversions       : Adding converter from class java.util.Date to class java.time.LocalDateTime as reading converter
2026-06-10T22:34:48.226-05:00 DEBUG 20976 --- [practice-basic-auth] [main] o.s.data.convert.CustomConversions       : Adding converter from class java.time.LocalDateTime to class java.util.Date as writing converter
2026-06-10T22:34:48.226-05:00 DEBUG 20976 --- [practice-basic-auth] [main] o.s.data.convert.CustomConversions       : Adding converter from class java.util.Date to class java.time.LocalDate as reading converter
2026-06-10T22:34:48.226-05:00 DEBUG 20976 --- [practice-basic-auth] [main] o.s.data.convert.CustomConversions       : Adding converter from class java.time.LocalDate to class java.util.Date as writing converter
2026-06-10T22:34:48.226-05:00 DEBUG 20976 --- [practice-basic-auth] [main] o.s.data.convert.CustomConversions       : Adding converter from class java.util.Date to class java.time.LocalTime as reading converter
2026-06-10T22:34:48.226-05:00 DEBUG 20976 --- [practice-basic-auth] [main] o.s.data.convert.CustomConversions       : Adding converter from class java.time.LocalTime to class java.util.Date as writing converter
2026-06-10T22:34:48.226-05:00 DEBUG 20976 --- [practice-basic-auth] [main] o.s.data.convert.CustomConversions       : Adding converter from class java.util.Date to class java.time.Instant as reading converter
2026-06-10T22:34:48.226-05:00 DEBUG 20976 --- [practice-basic-auth] [main] o.s.data.convert.CustomConversions       : Adding converter from class java.time.Instant to class java.util.Date as writing converter
2026-06-10T22:34:48.226-05:00 DEBUG 20976 --- [practice-basic-auth] [main] o.s.data.convert.CustomConversions       : Adding converter from class java.time.LocalDateTime to class java.time.Instant as reading converter
2026-06-10T22:34:48.226-05:00 DEBUG 20976 --- [practice-basic-auth] [main] o.s.data.convert.CustomConversions       : Adding converter from class java.time.Instant to class java.time.LocalDateTime as reading converter
2026-06-10T22:34:48.226-05:00 DEBUG 20976 --- [practice-basic-auth] [main] o.s.data.convert.CustomConversions       : Adding converter from class java.time.ZoneId to class java.lang.String as writing converter
2026-06-10T22:34:48.226-05:00 DEBUG 20976 --- [practice-basic-auth] [main] o.s.data.convert.CustomConversions       : Adding converter from class java.lang.String to class java.time.ZoneId as reading converter
2026-06-10T22:34:48.226-05:00 DEBUG 20976 --- [practice-basic-auth] [main] o.s.data.convert.CustomConversions       : Adding converter from class java.time.Duration to class java.lang.String as writing converter
2026-06-10T22:34:48.226-05:00 DEBUG 20976 --- [practice-basic-auth] [main] o.s.data.convert.CustomConversions       : Adding converter from class java.lang.String to class java.time.Duration as reading converter
2026-06-10T22:34:48.226-05:00 DEBUG 20976 --- [practice-basic-auth] [main] o.s.data.convert.CustomConversions       : Adding converter from class java.time.Period to class java.lang.String as writing converter
2026-06-10T22:34:48.226-05:00 DEBUG 20976 --- [practice-basic-auth] [main] o.s.data.convert.CustomConversions       : Adding converter from class java.lang.String to class java.time.Period as reading converter
2026-06-10T22:34:48.226-05:00 DEBUG 20976 --- [practice-basic-auth] [main] o.s.data.convert.CustomConversions       : Adding converter from class java.lang.String to class java.time.LocalDate as reading converter
2026-06-10T22:34:48.226-05:00 DEBUG 20976 --- [practice-basic-auth] [main] o.s.data.convert.CustomConversions       : Adding converter from class java.lang.String to class java.time.LocalDateTime as reading converter
2026-06-10T22:34:48.226-05:00 DEBUG 20976 --- [practice-basic-auth] [main] o.s.data.convert.CustomConversions       : Adding converter from class java.lang.String to class java.time.Instant as reading converter
2026-06-10T22:34:48.227-05:00 DEBUG 20976 --- [practice-basic-auth] [main] o.s.b.f.s.DefaultListableBeanFactory     : Autowiring by type from bean name 'jdbcMappingContext' via factory method to bean named 'jdbcCustomConversions'
2026-06-10T22:34:48.227-05:00 DEBUG 20976 --- [practice-basic-auth] [main] o.s.b.f.s.DefaultListableBeanFactory     : Autowiring by type from bean name 'jdbcMappingContext' via factory method to bean named 'jdbcManagedTypes'
2026-06-10T22:34:48.240-05:00 DEBUG 20976 --- [practice-basic-auth] [main] o.s.b.f.s.DefaultListableBeanFactory     : Creating shared instance of singleton bean 'jdbcConverter'
2026-06-10T22:34:48.244-05:00 DEBUG 20976 --- [practice-basic-auth] [main] o.s.b.f.s.DefaultListableBeanFactory     : Autowiring by type from bean name 'jdbcConverter' via factory method to bean named 'jdbcMappingContext'
2026-06-10T22:34:48.245-05:00 DEBUG 20976 --- [practice-basic-auth] [main] o.s.b.f.s.DefaultListableBeanFactory     : Autowiring by type from bean name 'jdbcConverter' via factory method to bean named 'namedParameterJdbcTemplate'
2026-06-10T22:34:48.245-05:00 DEBUG 20976 --- [practice-basic-auth] [main] o.s.b.f.s.DefaultListableBeanFactory     : Autowiring by type from bean name 'jdbcConverter' via factory method to bean named 'jdbcCustomConversions'
2026-06-10T22:34:48.245-05:00 DEBUG 20976 --- [practice-basic-auth] [main] o.s.b.f.s.DefaultListableBeanFactory     : Autowiring by type from bean name 'jdbcConverter' via factory method to bean named 'jdbcDialect'
2026-06-10T22:34:48.261-05:00 DEBUG 20976 --- [practice-basic-auth] [main] o.s.b.f.s.DefaultListableBeanFactory     : Creating shared instance of singleton bean 'jdbcAggregateTemplate'
2026-06-10T22:34:48.262-05:00 DEBUG 20976 --- [practice-basic-auth] [main] o.s.b.f.s.DefaultListableBeanFactory     : Creating shared instance of singleton bean 'dataAccessStrategyBean'
2026-06-10T22:34:48.262-05:00 DEBUG 20976 --- [practice-basic-auth] [main] o.s.b.f.s.DefaultListableBeanFactory     : Autowiring by type from bean name 'dataAccessStrategyBean' via factory method to bean named 'namedParameterJdbcTemplate'
2026-06-10T22:34:48.262-05:00 DEBUG 20976 --- [practice-basic-auth] [main] o.s.b.f.s.DefaultListableBeanFactory     : Autowiring by type from bean name 'dataAccessStrategyBean' via factory method to bean named 'jdbcConverter'
2026-06-10T22:34:48.262-05:00 DEBUG 20976 --- [practice-basic-auth] [main] o.s.b.f.s.DefaultListableBeanFactory     : Autowiring by type from bean name 'dataAccessStrategyBean' via factory method to bean named 'jdbcMappingContext'
2026-06-10T22:34:48.262-05:00 DEBUG 20976 --- [practice-basic-auth] [main] o.s.b.f.s.DefaultListableBeanFactory     : Autowiring by type from bean name 'dataAccessStrategyBean' via factory method to bean named 'jdbcDialect'
2026-06-10T22:34:48.269-05:00 DEBUG 20976 --- [practice-basic-auth] [main] o.s.b.f.s.DefaultListableBeanFactory     : Autowiring by type from bean name 'jdbcAggregateTemplate' via factory method to bean named 'org.springframework.boot.web.server.servlet.context.AnnotationConfigServletWebServerApplicationContext@7be58f16'
2026-06-10T22:34:48.270-05:00 DEBUG 20976 --- [practice-basic-auth] [main] o.s.b.f.s.DefaultListableBeanFactory     : Autowiring by type from bean name 'jdbcAggregateTemplate' via factory method to bean named 'jdbcMappingContext'
2026-06-10T22:34:48.270-05:00 DEBUG 20976 --- [practice-basic-auth] [main] o.s.b.f.s.DefaultListableBeanFactory     : Autowiring by type from bean name 'jdbcAggregateTemplate' via factory method to bean named 'jdbcConverter'
2026-06-10T22:34:48.270-05:00 DEBUG 20976 --- [practice-basic-auth] [main] o.s.b.f.s.DefaultListableBeanFactory     : Autowiring by type from bean name 'jdbcAggregateTemplate' via factory method to bean named 'dataAccessStrategyBean'
2026-06-10T22:34:48.273-05:00 DEBUG 20976 --- [practice-basic-auth] [main] o.s.b.f.s.DefaultListableBeanFactory     : Creating shared instance of singleton bean 'idGeneratingBeforeSaveCallback'
2026-06-10T22:34:48.274-05:00 DEBUG 20976 --- [practice-basic-auth] [main] o.s.b.f.s.DefaultListableBeanFactory     : Autowiring by type from bean name 'idGeneratingBeforeSaveCallback' via factory method to bean named 'jdbcMappingContext'
2026-06-10T22:34:48.274-05:00 DEBUG 20976 --- [practice-basic-auth] [main] o.s.b.f.s.DefaultListableBeanFactory     : Autowiring by type from bean name 'idGeneratingBeforeSaveCallback' via factory method to bean named 'namedParameterJdbcTemplate'
2026-06-10T22:34:48.274-05:00 DEBUG 20976 --- [practice-basic-auth] [main] o.s.b.f.s.DefaultListableBeanFactory     : Autowiring by type from bean name 'idGeneratingBeforeSaveCallback' via factory method to bean named 'jdbcDialect'
2026-06-10T22:34:48.277-05:00 DEBUG 20976 --- [practice-basic-auth] [main] o.s.b.f.s.DefaultListableBeanFactory     : Creating shared instance of singleton bean 'org.springframework.boot.data.jdbc.autoconfigure.DataJdbcRepositoriesAutoConfiguration$JdbcRepositoriesConfiguration'
2026-06-10T22:34:48.277-05:00 DEBUG 20976 --- [practice-basic-auth] [main] o.s.b.f.s.DefaultListableBeanFactory     : Creating shared instance of singleton bean 'data-jdbc.repository-aot-processor#0'
2026-06-10T22:34:48.281-05:00 DEBUG 20976 --- [practice-basic-auth] [main] o.s.b.f.s.DefaultListableBeanFactory     : Creating shared instance of singleton bean 'org.springframework.boot.data.jdbc.autoconfigure.DataJdbcRepositoriesAutoConfiguration'
2026-06-10T22:34:48.282-05:00 DEBUG 20976 --- [practice-basic-auth] [main] o.s.b.f.s.DefaultListableBeanFactory     : Creating shared instance of singleton bean 'org.springframework.boot.health.autoconfigure.application.AvailabilityHealthContributorAutoConfiguration'
2026-06-10T22:34:48.282-05:00 DEBUG 20976 --- [practice-basic-auth] [main] o.s.b.f.s.DefaultListableBeanFactory     : Creating shared instance of singleton bean 'healthEndpointGroupMembershipValidator'
2026-06-10T22:34:48.282-05:00 DEBUG 20976 --- [practice-basic-auth] [main] o.s.b.f.s.DefaultListableBeanFactory     : Autowiring by type from bean name 'healthEndpointGroupMembershipValidator' via factory method to bean named 'management.endpoint.health-org.springframework.boot.health.autoconfigure.actuate.endpoint.HealthEndpointProperties'
2026-06-10T22:34:48.282-05:00 DEBUG 20976 --- [practice-basic-auth] [main] o.s.b.f.s.DefaultListableBeanFactory     : Autowiring by type from bean name 'healthEndpointGroupMembershipValidator' via factory method to bean named 'healthContributorRegistry'
2026-06-10T22:34:48.283-05:00 DEBUG 20976 --- [practice-basic-auth] [main] o.s.b.f.s.DefaultListableBeanFactory     : Creating shared instance of singleton bean 'org.springframework.boot.health.autoconfigure.actuate.endpoint.HealthEndpointAutoConfiguration'
2026-06-10T22:34:48.283-05:00 DEBUG 20976 --- [practice-basic-auth] [main] o.s.b.f.s.DefaultListableBeanFactory     : Creating shared instance of singleton bean 'org.springframework.boot.http.converter.autoconfigure.JacksonHttpMessageConvertersConfiguration'
2026-06-10T22:34:48.283-05:00 DEBUG 20976 --- [practice-basic-auth] [main] o.s.b.f.s.DefaultListableBeanFactory     : Creating shared instance of singleton bean 'org.springframework.boot.http.converter.autoconfigure.Jackson2HttpMessageConvertersConfiguration'
2026-06-10T22:34:48.283-05:00 DEBUG 20976 --- [practice-basic-auth] [main] o.s.b.f.s.DefaultListableBeanFactory     : Creating shared instance of singleton bean 'clientConvertersCustomizer'
2026-06-10T22:34:48.284-05:00 DEBUG 20976 --- [practice-basic-auth] [main] o.s.b.f.s.DefaultListableBeanFactory     : Creating shared instance of singleton bean 'org.springframework.boot.jdbc.autoconfigure.JdbcClientAutoConfiguration'
2026-06-10T22:34:48.284-05:00 DEBUG 20976 --- [practice-basic-auth] [main] o.s.b.f.s.DefaultListableBeanFactory     : Creating shared instance of singleton bean 'jdbcClient'
2026-06-10T22:34:48.285-05:00 DEBUG 20976 --- [practice-basic-auth] [main] o.s.b.f.s.DefaultListableBeanFactory     : Autowiring by type from bean name 'jdbcClient' via factory method to bean named 'namedParameterJdbcTemplate'
2026-06-10T22:34:48.285-05:00 DEBUG 20976 --- [practice-basic-auth] [main] o.s.b.f.s.DefaultListableBeanFactory     : Creating shared instance of singleton bean 'org.springframework.boot.jdbc.autoconfigure.metrics.DataSourcePoolMetricsAutoConfiguration$HikariDataSourceMetricsConfiguration'
2026-06-10T22:34:48.286-05:00 DEBUG 20976 --- [practice-basic-auth] [main] o.s.b.f.s.DefaultListableBeanFactory     : Creating shared instance of singleton bean 'hikariDataSourceMeterBinder'
2026-06-10T22:34:48.286-05:00 DEBUG 20976 --- [practice-basic-auth] [main] o.s.b.f.s.DefaultListableBeanFactory     : Creating shared instance of singleton bean 'org.springframework.boot.jdbc.autoconfigure.metrics.DataSourcePoolMetricsAutoConfiguration$DataSourcePoolMetadataMetricsConfiguration'
2026-06-10T22:34:48.286-05:00 DEBUG 20976 --- [practice-basic-auth] [main] o.s.b.f.s.DefaultListableBeanFactory     : Creating shared instance of singleton bean 'dataSourcePoolMetadataMeterBinder'
2026-06-10T22:34:48.286-05:00 DEBUG 20976 --- [practice-basic-auth] [main] o.s.b.f.s.DefaultListableBeanFactory     : Autowiring by type from bean name 'dataSourcePoolMetadataMeterBinder' via factory method to bean named 'org.springframework.beans.factory.support.DefaultListableBeanFactory@16afbd92'
2026-06-10T22:34:48.287-05:00 DEBUG 20976 --- [practice-basic-auth] [main] o.s.b.f.s.DefaultListableBeanFactory     : Creating shared instance of singleton bean 'org.springframework.boot.jdbc.autoconfigure.metrics.DataSourcePoolMetricsAutoConfiguration'
2026-06-10T22:34:48.287-05:00 DEBUG 20976 --- [practice-basic-auth] [main] o.s.b.f.s.DefaultListableBeanFactory     : Creating shared instance of singleton bean 'org.springframework.boot.micrometer.metrics.autoconfigure.jvm.JvmMetricsAutoConfiguration'
2026-06-10T22:34:48.287-05:00 DEBUG 20976 --- [practice-basic-auth] [main] o.s.b.f.s.DefaultListableBeanFactory     : Creating shared instance of singleton bean 'jvmGcMetrics'
2026-06-10T22:34:48.290-05:00 DEBUG 20976 --- [practice-basic-auth] [main] o.s.b.f.s.DefaultListableBeanFactory     : Creating shared instance of singleton bean 'jvmHeapPressureMetrics'
2026-06-10T22:34:48.292-05:00 DEBUG 20976 --- [practice-basic-auth] [main] o.s.b.f.s.DefaultListableBeanFactory     : Creating shared instance of singleton bean 'jvmMemoryMetrics'
2026-06-10T22:34:48.293-05:00 DEBUG 20976 --- [practice-basic-auth] [main] o.s.b.f.s.DefaultListableBeanFactory     : Creating shared instance of singleton bean 'jvmThreadMetrics'
2026-06-10T22:34:48.294-05:00 DEBUG 20976 --- [practice-basic-auth] [main] o.s.b.f.s.DefaultListableBeanFactory     : Creating shared instance of singleton bean 'classLoaderMetrics'
2026-06-10T22:34:48.295-05:00 DEBUG 20976 --- [practice-basic-auth] [main] o.s.b.f.s.DefaultListableBeanFactory     : Creating shared instance of singleton bean 'jvmInfoMetrics'
2026-06-10T22:34:48.295-05:00 DEBUG 20976 --- [practice-basic-auth] [main] o.s.b.f.s.DefaultListableBeanFactory     : Creating shared instance of singleton bean 'jvmCompilationMetrics'
2026-06-10T22:34:48.296-05:00 DEBUG 20976 --- [practice-basic-auth] [main] o.s.b.f.s.DefaultListableBeanFactory     : Creating shared instance of singleton bean 'org.springframework.boot.micrometer.metrics.autoconfigure.logging.logback.LogbackMetricsAutoConfiguration'
2026-06-10T22:34:48.296-05:00 DEBUG 20976 --- [practice-basic-auth] [main] o.s.b.f.s.DefaultListableBeanFactory     : Creating shared instance of singleton bean 'logbackMetrics'
2026-06-10T22:34:48.297-05:00 DEBUG 20976 --- [practice-basic-auth] [main] o.s.b.f.s.DefaultListableBeanFactory     : Creating shared instance of singleton bean 'org.springframework.boot.micrometer.metrics.autoconfigure.ssl.SslMetricsAutoConfiguration'
2026-06-10T22:34:48.297-05:00 DEBUG 20976 --- [practice-basic-auth] [main] o.s.b.f.s.DefaultListableBeanFactory     : Creating shared instance of singleton bean 'sslMeterBinder'
2026-06-10T22:34:48.298-05:00 DEBUG 20976 --- [practice-basic-auth] [main] o.s.b.f.s.DefaultListableBeanFactory     : Autowiring by type from bean name 'sslMeterBinder' via factory method to bean named 'sslBundleRegistry'
2026-06-10T22:34:48.300-05:00 DEBUG 20976 --- [practice-basic-auth] [main] o.s.b.f.s.DefaultListableBeanFactory     : Creating shared instance of singleton bean 'org.springframework.boot.micrometer.metrics.autoconfigure.startup.StartupTimeMetricsListenerAutoConfiguration'
2026-06-10T22:34:48.300-05:00 DEBUG 20976 --- [practice-basic-auth] [main] o.s.b.f.s.DefaultListableBeanFactory     : Creating shared instance of singleton bean 'startupTimeMetrics'
2026-06-10T22:34:48.300-05:00 DEBUG 20976 --- [practice-basic-auth] [main] o.s.b.f.s.DefaultListableBeanFactory     : Autowiring by type from bean name 'startupTimeMetrics' via factory method to bean named 'simpleMeterRegistry'
2026-06-10T22:34:48.300-05:00 DEBUG 20976 --- [practice-basic-auth] [main] o.s.b.f.s.DefaultListableBeanFactory     : Creating shared instance of singleton bean 'org.springframework.boot.micrometer.metrics.autoconfigure.system.SystemMetricsAutoConfiguration'
2026-06-10T22:34:48.301-05:00 DEBUG 20976 --- [practice-basic-auth] [main] o.s.b.f.s.DefaultListableBeanFactory     : Creating shared instance of singleton bean 'uptimeMetrics'
2026-06-10T22:34:48.301-05:00 DEBUG 20976 --- [practice-basic-auth] [main] o.s.b.f.s.DefaultListableBeanFactory     : Creating shared instance of singleton bean 'processorMetrics'
2026-06-10T22:34:48.302-05:00 DEBUG 20976 --- [practice-basic-auth] [main] o.s.b.f.s.DefaultListableBeanFactory     : Creating shared instance of singleton bean 'fileDescriptorMetrics'
2026-06-10T22:34:48.303-05:00 DEBUG 20976 --- [practice-basic-auth] [main] o.s.b.f.s.DefaultListableBeanFactory     : Creating shared instance of singleton bean 'diskSpaceMetrics'
2026-06-10T22:34:48.304-05:00 DEBUG 20976 --- [practice-basic-auth] [main] o.s.b.f.s.DefaultListableBeanFactory     : Autowiring by type from bean name 'diskSpaceMetrics' via factory method to bean named 'management.metrics-org.springframework.boot.micrometer.metrics.autoconfigure.MetricsProperties'
2026-06-10T22:34:48.304-05:00 DEBUG 20976 --- [practice-basic-auth] [main] o.s.b.f.s.DefaultListableBeanFactory     : Creating shared instance of singleton bean 'org.springframework.boot.micrometer.metrics.autoconfigure.task.TaskExecutorMetricsAutoConfiguration'
2026-06-10T22:34:48.314-05:00 DEBUG 20976 --- [practice-basic-auth] [main] o.s.b.f.s.DefaultListableBeanFactory     : Creating shared instance of singleton bean 'eagerTaskExecutorMetrics'
2026-06-10T22:34:48.315-05:00 DEBUG 20976 --- [practice-basic-auth] [main] o.s.b.f.s.DefaultListableBeanFactory     : Creating shared instance of singleton bean 'spelValueExpressionResolver'
2026-06-10T22:34:48.315-05:00 DEBUG 20976 --- [practice-basic-auth] [main] o.s.b.f.s.DefaultListableBeanFactory     : Creating shared instance of singleton bean 'org.springframework.boot.micrometer.observation.autoconfigure.ScheduledTasksObservationAutoConfiguration'
2026-06-10T22:34:48.316-05:00 DEBUG 20976 --- [practice-basic-auth] [main] o.s.b.f.s.DefaultListableBeanFactory     : Creating shared instance of singleton bean 'observabilitySchedulingConfigurer'
2026-06-10T22:34:48.316-05:00 DEBUG 20976 --- [practice-basic-auth] [main] o.s.b.f.s.DefaultListableBeanFactory     : Autowiring by type from bean name 'observabilitySchedulingConfigurer' via factory method to bean named 'observationRegistry'
2026-06-10T22:34:48.317-05:00 DEBUG 20976 --- [practice-basic-auth] [main] o.s.b.f.s.DefaultListableBeanFactory     : Creating shared instance of singleton bean 'org.springframework.boot.persistence.autoconfigure.PersistenceExceptionTranslationAutoConfiguration'
2026-06-10T22:34:48.318-05:00 DEBUG 20976 --- [practice-basic-auth] [main] o.s.b.f.s.DefaultListableBeanFactory     : Creating shared instance of singleton bean 'spring.security-org.springframework.boot.security.autoconfigure.SecurityProperties'
2026-06-10T22:34:48.318-05:00 DEBUG 20976 --- [practice-basic-auth] [main] o.s.b.f.s.DefaultListableBeanFactory     : Creating shared instance of singleton bean 'org.springframework.boot.security.autoconfigure.web.servlet.ServletWebSecurityAutoConfiguration'
2026-06-10T22:34:48.319-05:00 DEBUG 20976 --- [practice-basic-auth] [main] o.s.b.f.s.DefaultListableBeanFactory     : Creating shared instance of singleton bean 'multipartResolver'
2026-06-10T22:34:48.320-05:00 DEBUG 20976 --- [practice-basic-auth] [main] o.s.b.f.s.DefaultListableBeanFactory     : Creating shared instance of singleton bean 'org.springframework.boot.servlet.autoconfigure.actuate.web.ServletManagementContextAutoConfiguration'
2026-06-10T22:34:48.320-05:00 DEBUG 20976 --- [practice-basic-auth] [main] o.s.b.f.s.DefaultListableBeanFactory     : Creating shared instance of singleton bean 'managementServletContext'
2026-06-10T22:34:48.321-05:00 DEBUG 20976 --- [practice-basic-auth] [main] o.s.b.f.s.DefaultListableBeanFactory     : Autowiring by type from bean name 'managementServletContext' via factory method to bean named 'management.endpoints.web-org.springframework.boot.actuate.autoconfigure.endpoint.web.WebEndpointProperties'
2026-06-10T22:34:48.321-05:00 DEBUG 20976 --- [practice-basic-auth] [main] o.s.b.f.s.DefaultListableBeanFactory     : Creating shared instance of singleton bean 'org.springframework.boot.tomcat.autoconfigure.metrics.TomcatMetricsAutoConfiguration'
2026-06-10T22:34:48.322-05:00 DEBUG 20976 --- [practice-basic-auth] [main] o.s.b.f.s.DefaultListableBeanFactory     : Creating shared instance of singleton bean 'tomcatMetricsBinder'
2026-06-10T22:34:48.322-05:00 DEBUG 20976 --- [practice-basic-auth] [main] o.s.b.f.s.DefaultListableBeanFactory     : Autowiring by type from bean name 'tomcatMetricsBinder' via factory method to bean named 'simpleMeterRegistry'
2026-06-10T22:34:48.327-05:00 DEBUG 20976 --- [practice-basic-auth] [main] o.s.b.f.s.DefaultListableBeanFactory     : Creating shared instance of singleton bean 'org.springframework.boot.transaction.autoconfigure.TransactionAutoConfiguration$EnableTransactionManagementConfiguration$CglibAutoProxyConfiguration'
2026-06-10T22:34:48.327-05:00 DEBUG 20976 --- [practice-basic-auth] [main] o.s.b.f.s.DefaultListableBeanFactory     : Creating shared instance of singleton bean 'org.springframework.boot.transaction.autoconfigure.TransactionAutoConfiguration$EnableTransactionManagementConfiguration'
2026-06-10T22:34:48.327-05:00 DEBUG 20976 --- [practice-basic-auth] [main] o.s.b.f.s.DefaultListableBeanFactory     : Creating shared instance of singleton bean 'org.springframework.boot.transaction.autoconfigure.TransactionAutoConfiguration$TransactionTemplateConfiguration'
2026-06-10T22:34:48.327-05:00 DEBUG 20976 --- [practice-basic-auth] [main] o.s.b.f.s.DefaultListableBeanFactory     : Creating shared instance of singleton bean 'transactionTemplate'
2026-06-10T22:34:48.327-05:00 DEBUG 20976 --- [practice-basic-auth] [main] o.s.b.f.s.DefaultListableBeanFactory     : Autowiring by type from bean name 'transactionTemplate' via factory method to bean named 'transactionManager'
2026-06-10T22:34:48.328-05:00 DEBUG 20976 --- [practice-basic-auth] [main] o.s.b.f.s.DefaultListableBeanFactory     : Creating shared instance of singleton bean 'org.springframework.boot.transaction.autoconfigure.TransactionAutoConfiguration'
2026-06-10T22:34:48.329-05:00 DEBUG 20976 --- [practice-basic-auth] [main] o.s.b.f.s.DefaultListableBeanFactory     : Creating shared instance of singleton bean 'org.springframework.boot.webmvc.autoconfigure.actuate.endpoint.web.WebMvcHealthEndpointExtensionAutoConfiguration'
2026-06-10T22:34:48.329-05:00 DEBUG 20976 --- [practice-basic-auth] [main] o.s.b.f.s.DefaultListableBeanFactory     : Creating shared instance of singleton bean 'healthEndpointWebMvcHandlerMapping'
2026-06-10T22:34:48.330-05:00 DEBUG 20976 --- [practice-basic-auth] [main] o.s.b.f.s.DefaultListableBeanFactory     : Autowiring by type from bean name 'healthEndpointWebMvcHandlerMapping' via factory method to bean named 'webEndpointDiscoverer'
2026-06-10T22:34:48.330-05:00 DEBUG 20976 --- [practice-basic-auth] [main] o.s.b.f.s.DefaultListableBeanFactory     : Autowiring by type from bean name 'healthEndpointWebMvcHandlerMapping' via factory method to bean named 'healthEndpointGroups'
2026-06-10T22:34:48.336-05:00 DEBUG 20976 --- [practice-basic-auth] [main] o.s.b.f.s.DefaultListableBeanFactory     : Creating shared instance of singleton bean 'org.springframework.boot.security.autoconfigure.actuate.web.servlet.SecurityRequestMatchersManagementContextConfiguration$MvcRequestMatcherConfiguration'
2026-06-10T22:34:48.336-05:00 DEBUG 20976 --- [practice-basic-auth] [main] o.s.b.f.s.DefaultListableBeanFactory     : Creating shared instance of singleton bean 'requestMatcherProvider'
2026-06-10T22:34:48.336-05:00 DEBUG 20976 --- [practice-basic-auth] [main] o.s.b.f.s.DefaultListableBeanFactory     : Autowiring by type from bean name 'requestMatcherProvider' via factory method to bean named 'dispatcherServletRegistration'
2026-06-10T22:34:48.337-05:00 DEBUG 20976 --- [practice-basic-auth] [main] o.s.b.f.s.DefaultListableBeanFactory     : Creating shared instance of singleton bean 'org.springframework.boot.security.autoconfigure.actuate.web.servlet.SecurityRequestMatchersManagementContextConfiguration'
2026-06-10T22:34:48.338-05:00 DEBUG 20976 --- [practice-basic-auth] [main] o.s.b.f.s.DefaultListableBeanFactory     : Creating shared instance of singleton bean 'org.springframework.boot.webmvc.autoconfigure.actuate.web.WebMvcEndpointManagementContextConfiguration$HealthConfiguration'
2026-06-10T22:34:48.338-05:00 DEBUG 20976 --- [practice-basic-auth] [main] o.s.b.f.s.DefaultListableBeanFactory     : Creating shared instance of singleton bean 'webEndpointServletHandlerMapping'
2026-06-10T22:34:48.339-05:00 DEBUG 20976 --- [practice-basic-auth] [main] o.s.b.f.s.DefaultListableBeanFactory     : Creating shared instance of singleton bean 'management.endpoints.web.cors-org.springframework.boot.actuate.autoconfigure.endpoint.web.CorsEndpointProperties'
2026-06-10T22:34:48.340-05:00 DEBUG 20976 --- [practice-basic-auth] [main] o.s.b.f.s.DefaultListableBeanFactory     : Autowiring by type from bean name 'webEndpointServletHandlerMapping' via factory method to bean named 'webEndpointDiscoverer'
2026-06-10T22:34:48.340-05:00 DEBUG 20976 --- [practice-basic-auth] [main] o.s.b.f.s.DefaultListableBeanFactory     : Autowiring by type from bean name 'webEndpointServletHandlerMapping' via factory method to bean named 'servletEndpointDiscoverer'
2026-06-10T22:34:48.340-05:00 DEBUG 20976 --- [practice-basic-auth] [main] o.s.b.f.s.DefaultListableBeanFactory     : Autowiring by type from bean name 'webEndpointServletHandlerMapping' via factory method to bean named 'controllerEndpointDiscoverer'
2026-06-10T22:34:48.340-05:00 DEBUG 20976 --- [practice-basic-auth] [main] o.s.b.f.s.DefaultListableBeanFactory     : Autowiring by type from bean name 'webEndpointServletHandlerMapping' via factory method to bean named 'endpointMediaTypes'
2026-06-10T22:34:48.340-05:00 DEBUG 20976 --- [practice-basic-auth] [main] o.s.b.f.s.DefaultListableBeanFactory     : Autowiring by type from bean name 'webEndpointServletHandlerMapping' via factory method to bean named 'management.endpoints.web.cors-org.springframework.boot.actuate.autoconfigure.endpoint.web.CorsEndpointProperties'
2026-06-10T22:34:48.341-05:00 DEBUG 20976 --- [practice-basic-auth] [main] o.s.b.f.s.DefaultListableBeanFactory     : Autowiring by type from bean name 'webEndpointServletHandlerMapping' via factory method to bean named 'management.endpoints.web-org.springframework.boot.actuate.autoconfigure.endpoint.web.WebEndpointProperties'
2026-06-10T22:34:48.341-05:00 DEBUG 20976 --- [practice-basic-auth] [main] o.s.b.f.s.DefaultListableBeanFactory     : Autowiring by type from bean name 'webEndpointServletHandlerMapping' via factory method to bean named 'environment'
2026-06-10T22:34:48.345-05:00  INFO 20976 --- [practice-basic-auth] [main] o.s.b.a.e.web.EndpointLinksResolver      : Exposing 13 endpoints beneath base path '/api/admin'
2026-06-10T22:34:48.358-05:00 DEBUG 20976 --- [practice-basic-auth] [main] o.s.b.f.s.DefaultListableBeanFactory     : Creating shared instance of singleton bean 'controllerEndpointHandlerMapping'
2026-06-10T22:34:48.359-05:00 DEBUG 20976 --- [practice-basic-auth] [main] o.s.b.f.s.DefaultListableBeanFactory     : Autowiring by type from bean name 'controllerEndpointHandlerMapping' via factory method to bean named 'controllerEndpointDiscoverer'
2026-06-10T22:34:48.359-05:00 DEBUG 20976 --- [practice-basic-auth] [main] o.s.b.f.s.DefaultListableBeanFactory     : Autowiring by type from bean name 'controllerEndpointHandlerMapping' via factory method to bean named 'management.endpoints.web.cors-org.springframework.boot.actuate.autoconfigure.endpoint.web.CorsEndpointProperties'
2026-06-10T22:34:48.359-05:00 DEBUG 20976 --- [practice-basic-auth] [main] o.s.b.f.s.DefaultListableBeanFactory     : Autowiring by type from bean name 'controllerEndpointHandlerMapping' via factory method to bean named 'management.endpoints.web-org.springframework.boot.actuate.autoconfigure.endpoint.web.WebEndpointProperties'
2026-06-10T22:34:48.359-05:00 DEBUG 20976 --- [practice-basic-auth] [main] o.s.b.f.s.DefaultListableBeanFactory     : Autowiring by type from bean name 'controllerEndpointHandlerMapping' via factory method to bean named 'propertiesEndpointAccessResolver'
2026-06-10T22:34:48.363-05:00 DEBUG 20976 --- [practice-basic-auth] [main] o.s.b.f.s.DefaultListableBeanFactory     : Creating shared instance of singleton bean 'org.springframework.boot.actuate.autoconfigure.web.server.ManagementContextAutoConfiguration$SameManagementContextConfiguration$EnableSameManagementContextConfiguration'
2026-06-10T22:34:48.363-05:00 DEBUG 20976 --- [practice-basic-auth] [main] o.s.b.f.s.DefaultListableBeanFactory     : Creating shared instance of singleton bean 'org.springframework.boot.actuate.autoconfigure.web.server.ManagementContextAutoConfiguration$SameManagementContextConfiguration'
2026-06-10T22:34:48.364-05:00 DEBUG 20976 --- [practice-basic-auth] [main] o.s.b.f.s.DefaultListableBeanFactory     : Autowiring by type from bean name 'org.springframework.boot.actuate.autoconfigure.web.server.ManagementContextAutoConfiguration$SameManagementContextConfiguration' via constructor to bean named 'environment'
2026-06-10T22:34:48.364-05:00 DEBUG 20976 --- [practice-basic-auth] [main] o.s.b.f.s.DefaultListableBeanFactory     : Creating shared instance of singleton bean 'org.springframework.boot.actuate.autoconfigure.web.server.ManagementContextAutoConfiguration'
2026-06-10T22:34:48.371-05:00 DEBUG 20976 --- [practice-basic-auth] [main] o.s.j.e.a.AnnotationMBeanExporter        : Registering beans for JMX exposure on startup
2026-06-10T22:34:48.371-05:00 DEBUG 20976 --- [practice-basic-auth] [main] o.s.j.e.a.AnnotationMBeanExporter        : Auto-detecting user-defined JMX MBeans
2026-06-10T22:34:48.372-05:00 DEBUG 20976 --- [practice-basic-auth] [main] o.s.j.e.a.AnnotationMBeanExporter        : Bean with name 'dataSource' has been autodetected for JMX exposure
2026-06-10T22:34:48.376-05:00 DEBUG 20976 --- [practice-basic-auth] [main] o.s.j.e.a.AnnotationMBeanExporter        : Located MBean 'dataSource': registering with JMX server as MBean [com.zaxxer.hikari:name=dataSource,type=HikariDataSource]
2026-06-10T22:34:48.405-05:00 DEBUG 20976 --- [practice-basic-auth] [main] o.s.c.support.DefaultLifecycleProcessor  : Starting beans in phase -2147483647
2026-06-10T22:34:48.405-05:00 DEBUG 20976 --- [practice-basic-auth] [main] o.s.c.support.DefaultLifecycleProcessor  : Successfully started bean 'springBootLoggingLifecycle'
2026-06-10T22:34:48.405-05:00 DEBUG 20976 --- [practice-basic-auth] [main] o.s.c.support.DefaultLifecycleProcessor  : Starting beans in phase 1073741823
2026-06-10T22:34:48.405-05:00 DEBUG 20976 --- [practice-basic-auth] [main] o.s.c.support.DefaultLifecycleProcessor  : Starting beans in phase 2147481599
2026-06-10T22:34:48.419-05:00  INFO 20976 --- [practice-basic-auth] [main] o.s.boot.tomcat.TomcatWebServer          : Tomcat started on port 8080 (http) with context path '/'
2026-06-10T22:34:48.420-05:00 DEBUG 20976 --- [practice-basic-auth] [main] o.s.c.support.DefaultLifecycleProcessor  : Successfully started bean 'webServerStartStop'
2026-06-10T22:34:48.420-05:00 DEBUG 20976 --- [practice-basic-auth] [main] o.s.c.support.DefaultLifecycleProcessor  : Starting beans in phase 2147482623
2026-06-10T22:34:48.420-05:00 DEBUG 20976 --- [practice-basic-auth] [main] o.s.c.support.DefaultLifecycleProcessor  : Successfully started bean 'webServerGracefulShutdown'
2026-06-10T22:34:48.427-05:00 DEBUG 20976 --- [practice-basic-auth] [main] .s.b.a.l.ConditionEvaluationReportLogger : 


============================
CONDITIONS EVALUATION REPORT
============================


Positive matches:
-----------------

   AopAutoConfiguration matched:
      - @ConditionalOnBooleanProperty (spring.aop.auto=true) matched (OnPropertyCondition)

   AopAutoConfiguration.ClassProxyingConfiguration matched:
      - @ConditionalOnMissingClass did not find unwanted class 'org.aspectj.weaver.Advice' (OnClassCondition)
      - @ConditionalOnBooleanProperty (spring.aop.proxy-target-class=true) matched (OnPropertyCondition)

   ApplicationAvailabilityAutoConfiguration#applicationAvailability matched:
      - @ConditionalOnMissingBean (types: org.springframework.boot.availability.ApplicationAvailability; SearchStrategy: all) did not find any beans (OnBeanCondition)

   AuditEventsEndpointAutoConfiguration matched:
      - @ConditionalOnAvailableEndpoint marked as exposed by a 'management.endpoints.web.exposure' property (OnAvailableEndpointCondition)

   AvailabilityHealthContributorAutoConfiguration matched:
      - @ConditionalOnClass found required class 'org.springframework.boot.health.contributor.Health' (OnClassCondition)

   AvailabilityProbesAutoConfiguration matched:
      - @ConditionalOnClass found required class 'org.springframework.boot.actuate.endpoint.annotation.Endpoint' (OnClassCondition)
      - @ConditionalOnBooleanProperty (management.endpoint.health.probes.enabled=true) matched (OnPropertyCondition)

   AvailabilityProbesAutoConfiguration#livenessStateHealthIndicator matched:
      - @ConditionalOnMissingBean (names: livenessStateHealthIndicator; SearchStrategy: all) did not find any beans (OnBeanCondition)

   AvailabilityProbesAutoConfiguration#readinessStateHealthIndicator matched:
      - @ConditionalOnMissingBean (names: readinessStateHealthIndicator; SearchStrategy: all) did not find any beans (OnBeanCondition)

   BeansEndpointAutoConfiguration matched:
      - @ConditionalOnAvailableEndpoint marked as exposed by a 'management.endpoints.web.exposure' property (OnAvailableEndpointCondition)

   BeansEndpointAutoConfiguration#beansEndpoint matched:
      - @ConditionalOnMissingBean (types: org.springframework.boot.actuate.beans.BeansEndpoint; SearchStrategy: all) did not find any beans (OnBeanCondition)

   CompositeMeterRegistryAutoConfiguration matched:
      - @ConditionalOnClass found required class 'io.micrometer.core.instrument.composite.CompositeMeterRegistry' (OnClassCondition)

   ConditionsReportEndpointAutoConfiguration matched:
      - @ConditionalOnAvailableEndpoint marked as exposed by a 'management.endpoints.web.exposure' property (OnAvailableEndpointCondition)

   ConditionsReportEndpointAutoConfiguration#conditionsReportEndpoint matched:
      - @ConditionalOnMissingBean (types: org.springframework.boot.actuate.autoconfigure.condition.ConditionsReportEndpoint; SearchStrategy: current) did not find any beans (OnBeanCondition)

   ConfigurationPropertiesReportEndpointAutoConfiguration matched:
      - @ConditionalOnAvailableEndpoint marked as exposed by a 'management.endpoints.web.exposure' property (OnAvailableEndpointCondition)

   ConfigurationPropertiesReportEndpointAutoConfiguration#configurationPropertiesReportEndpoint matched:
      - @ConditionalOnMissingBean (types: org.springframework.boot.actuate.context.properties.ConfigurationPropertiesReportEndpoint; SearchStrategy: all) did not find any beans (OnBeanCondition)

   ConfigurationPropertiesReportEndpointAutoConfiguration#configurationPropertiesReportEndpointWebExtension matched:
      - @ConditionalOnBean (types: org.springframework.boot.actuate.context.properties.ConfigurationPropertiesReportEndpoint; SearchStrategy: all) found bean 'configurationPropertiesReportEndpoint'; @ConditionalOnMissingBean (types: org.springframework.boot.actuate.context.properties.ConfigurationPropertiesReportEndpointWebExtension; SearchStrategy: all) did not find any beans (OnBeanCondition)
      - @ConditionalOnAvailableEndpoint marked as exposed by a 'management.endpoints.web.exposure' property (OnAvailableEndpointCondition)

   DataJdbcRepositoriesAutoConfiguration matched:
      - @ConditionalOnClass found required classes 'org.springframework.jdbc.core.namedparam.NamedParameterJdbcOperations', 'org.springframework.data.jdbc.repository.config.AbstractJdbcConfiguration' (OnClassCondition)
      - @ConditionalOnBooleanProperty (spring.data.jdbc.repositories.enabled=true) matched (OnPropertyCondition)
      - @ConditionalOnBean (types: org.springframework.jdbc.core.namedparam.NamedParameterJdbcOperations,org.springframework.transaction.PlatformTransactionManager; SearchStrategy: all) found beans 'transactionManager', 'namedParameterJdbcTemplate' (OnBeanCondition)

   DataJdbcRepositoriesAutoConfiguration.JdbcRepositoriesConfiguration matched:
      - @ConditionalOnMissingBean (types: org.springframework.data.jdbc.repository.config.JdbcRepositoryConfigExtension; SearchStrategy: all) did not find any beans (OnBeanCondition)

   DataJdbcRepositoriesAutoConfiguration.SpringBootJdbcConfiguration matched:
      - @ConditionalOnMissingBean (types: org.springframework.data.jdbc.repository.config.AbstractJdbcConfiguration; SearchStrategy: all) did not find any beans (OnBeanCondition)

   DataJdbcRepositoriesAutoConfiguration.SpringBootJdbcConfiguration#dataAccessStrategyBean matched:
      - @ConditionalOnMissingBean (types: org.springframework.data.jdbc.core.convert.DataAccessStrategy; SearchStrategy: all) did not find any beans (OnBeanCondition)

   DataJdbcRepositoriesAutoConfiguration.SpringBootJdbcConfiguration#jdbcAggregateTemplate matched:
      - @ConditionalOnMissingBean (types: org.springframework.data.jdbc.core.JdbcAggregateTemplate; SearchStrategy: all) did not find any beans (OnBeanCondition)

   DataJdbcRepositoriesAutoConfiguration.SpringBootJdbcConfiguration#jdbcConverter matched:
      - @ConditionalOnMissingBean (types: org.springframework.data.jdbc.core.convert.JdbcConverter; SearchStrategy: all) did not find any beans (OnBeanCondition)

   DataJdbcRepositoriesAutoConfiguration.SpringBootJdbcConfiguration#jdbcCustomConversions matched:
      - @ConditionalOnMissingBean (types: org.springframework.data.jdbc.core.convert.JdbcCustomConversions; SearchStrategy: all) did not find any beans (OnBeanCondition)

   DataJdbcRepositoriesAutoConfiguration.SpringBootJdbcConfiguration#jdbcDialect matched:
      - @ConditionalOnMissingBean (types: org.springframework.data.jdbc.core.dialect.JdbcDialect; SearchStrategy: all) did not find any beans (OnBeanCondition)

   DataJdbcRepositoriesAutoConfiguration.SpringBootJdbcConfiguration#jdbcManagedTypes matched:
      - @ConditionalOnMissingBean (types: org.springframework.data.relational.RelationalManagedTypes; SearchStrategy: all) did not find any beans (OnBeanCondition)

   DataJdbcRepositoriesAutoConfiguration.SpringBootJdbcConfiguration#jdbcMappingContext matched:
      - @ConditionalOnMissingBean (types: org.springframework.data.jdbc.core.mapping.JdbcMappingContext; SearchStrategy: all) did not find any beans (OnBeanCondition)

   DataRepositoryMetricsAutoConfiguration matched:
      - @ConditionalOnClass found required class 'org.springframework.data.repository.Repository' (OnClassCondition)
      - @ConditionalOnBean (types: io.micrometer.core.instrument.MeterRegistry; SearchStrategy: all) found bean 'simpleMeterRegistry' (OnBeanCondition)

   DataRepositoryMetricsAutoConfiguration#metricsRepositoryMethodInvocationListener matched:
      - @ConditionalOnMissingBean (types: org.springframework.boot.data.metrics.MetricsRepositoryMethodInvocationListener; SearchStrategy: all) did not find any beans (OnBeanCondition)

   DataRepositoryMetricsAutoConfiguration#repositoryTagsProvider matched:
      - @ConditionalOnMissingBean (types: org.springframework.boot.data.metrics.RepositoryTagsProvider; SearchStrategy: all) did not find any beans (OnBeanCondition)

   DataSourceAutoConfiguration matched:
      - @ConditionalOnClass found required classes 'javax.sql.DataSource', 'org.springframework.jdbc.datasource.embedded.EmbeddedDatabaseType' (OnClassCondition)
      - @ConditionalOnMissingBean (types: io.r2dbc.spi.ConnectionFactory; SearchStrategy: all) did not find any beans (OnBeanCondition)

   DataSourceAutoConfiguration.PooledDataSourceConfiguration matched:
      - AnyNestedCondition 1 matched 1 did not; NestedCondition on DataSourceAutoConfiguration.PooledDataSourceCondition.PooledDataSourceAvailable PooledDataSource found supported DataSource; NestedCondition on DataSourceAutoConfiguration.PooledDataSourceCondition.ExplicitType @ConditionalOnProperty (spring.datasource.type) did not find property 'spring.datasource.type' (DataSourceAutoConfiguration.PooledDataSourceCondition)
      - @ConditionalOnMissingBean (types: javax.sql.DataSource,javax.sql.XADataSource; SearchStrategy: all) did not find any beans (OnBeanCondition)

   DataSourceAutoConfiguration.PooledDataSourceConfiguration#jdbcConnectionDetails matched:
      - @ConditionalOnMissingBean (types: org.springframework.boot.jdbc.autoconfigure.JdbcConnectionDetails; SearchStrategy: all) did not find any beans (OnBeanCondition)

   DataSourceConfiguration.Hikari matched:
      - @ConditionalOnClass found required class 'com.zaxxer.hikari.HikariDataSource' (OnClassCondition)
      - @ConditionalOnProperty (spring.datasource.type=com.zaxxer.hikari.HikariDataSource) matched (OnPropertyCondition)
      - @ConditionalOnMissingBean (types: javax.sql.DataSource; SearchStrategy: all) did not find any beans (OnBeanCondition)

   DataSourceHealthContributorAutoConfiguration matched:
      - @ConditionalOnClass found required classes 'org.springframework.jdbc.core.JdbcTemplate', 'org.springframework.jdbc.datasource.lookup.AbstractRoutingDataSource', 'org.springframework.boot.health.autoconfigure.contributor.ConditionalOnEnabledHealthIndicator' (OnClassCondition)
      - @ConditionalOnEnabledHealthIndicator management.health.defaults.enabled is considered true (OnEnabledHealthIndicatorCondition)
      - @ConditionalOnBean (types: javax.sql.DataSource; SearchStrategy: all) found bean 'dataSource' (OnBeanCondition)

   DataSourceHealthContributorAutoConfiguration#dbHealthContributor matched:
      - @ConditionalOnMissingBean (names: dbHealthIndicator,dbHealthContributor; SearchStrategy: all) did not find any beans (OnBeanCondition)

   DataSourceInitializationAutoConfiguration matched:
      - @ConditionalOnClass found required class 'org.springframework.jdbc.datasource.init.DatabasePopulator' (OnClassCondition)
      - SQL InitializationDatabase Initialization default value is EMBEDDED (OnSqlInitializationCondition)
      - @ConditionalOnSingleCandidate (types: javax.sql.DataSource; SearchStrategy: all) found a single bean 'dataSource'; @ConditionalOnMissingBean (types: org.springframework.boot.sql.autoconfigure.init.ApplicationScriptDatabaseInitializer; SearchStrategy: all) did not find any beans (OnBeanCondition)

   DataSourceJmxConfiguration matched:
      - @ConditionalOnBooleanProperty (spring.jmx.enabled=true) matched (OnPropertyCondition)

   DataSourceJmxConfiguration.Hikari matched:
      - @ConditionalOnClass found required class 'com.zaxxer.hikari.HikariDataSource' (OnClassCondition)
      - @ConditionalOnSingleCandidate (types: javax.sql.DataSource; SearchStrategy: all) found a single bean 'dataSource' (OnBeanCondition)

   DataSourcePoolMetadataProvidersConfiguration.HikariPoolDataSourceMetadataProviderConfiguration matched:
      - @ConditionalOnClass found required class 'com.zaxxer.hikari.HikariDataSource' (OnClassCondition)

   DataSourcePoolMetricsAutoConfiguration matched:
      - @ConditionalOnClass found required classes 'javax.sql.DataSource', 'io.micrometer.core.instrument.MeterRegistry' (OnClassCondition)
      - @ConditionalOnBean (types: javax.sql.DataSource,io.micrometer.core.instrument.MeterRegistry; SearchStrategy: all) found beans 'simpleMeterRegistry', 'dataSource' (OnBeanCondition)

   DataSourcePoolMetricsAutoConfiguration.DataSourcePoolMetadataMetricsConfiguration matched:
      - @ConditionalOnBean (types: org.springframework.boot.jdbc.metadata.DataSourcePoolMetadataProvider; SearchStrategy: all) found bean 'hikariPoolDataSourceMetadataProvider' (OnBeanCondition)

   DataSourcePoolMetricsAutoConfiguration.HikariDataSourceMetricsConfiguration matched:
      - @ConditionalOnClass found required class 'com.zaxxer.hikari.HikariDataSource' (OnClassCondition)

   DataSourceTransactionManagerAutoConfiguration matched:
      - @ConditionalOnClass found required classes 'javax.sql.DataSource', 'org.springframework.jdbc.core.JdbcTemplate', 'org.springframework.transaction.TransactionManager' (OnClassCondition)

   DataSourceTransactionManagerAutoConfiguration.JdbcTransactionManagerConfiguration matched:
      - @ConditionalOnSingleCandidate (types: javax.sql.DataSource; SearchStrategy: all) found a single bean 'dataSource' (OnBeanCondition)

   DataSourceTransactionManagerAutoConfiguration.JdbcTransactionManagerConfiguration#transactionManager matched:
      - @ConditionalOnMissingBean (types: org.springframework.transaction.TransactionManager; SearchStrategy: all) did not find any beans (OnBeanCondition)

   DataWebAutoConfiguration matched:
      - @ConditionalOnClass found required classes 'org.springframework.data.web.PageableHandlerMethodArgumentResolver', 'org.springframework.web.servlet.config.annotation.WebMvcConfigurer' (OnClassCondition)
      - found 'session' scope (OnWebApplicationCondition)
      - @ConditionalOnMissingBean (types: org.springframework.data.web.PageableHandlerMethodArgumentResolver; SearchStrategy: all) did not find any beans (OnBeanCondition)

   DataWebAutoConfiguration#pageableCustomizer matched:
      - @ConditionalOnMissingBean (types: org.springframework.data.web.config.PageableHandlerMethodArgumentResolverCustomizer; SearchStrategy: all) did not find any beans (OnBeanCondition)

   DataWebAutoConfiguration#sortCustomizer matched:
      - @ConditionalOnMissingBean (types: org.springframework.data.web.config.SortHandlerMethodArgumentResolverCustomizer; SearchStrategy: all) did not find any beans (OnBeanCondition)

   DataWebAutoConfiguration#springDataWebSettings matched:
      - @ConditionalOnMissingBean (types: org.springframework.data.web.config.SpringDataWebSettings; SearchStrategy: all) did not find any beans (OnBeanCondition)

   DiskSpaceHealthContributorAutoConfiguration matched:
      - @ConditionalOnClass found required class 'org.springframework.boot.health.contributor.Health' (OnClassCondition)
      - @ConditionalOnEnabledHealthIndicator management.health.defaults.enabled is considered true (OnEnabledHealthIndicatorCondition)

   DiskSpaceHealthContributorAutoConfiguration#diskSpaceHealthIndicator matched:
      - @ConditionalOnMissingBean (names: diskSpaceHealthIndicator; SearchStrategy: all) did not find any beans (OnBeanCondition)

   DispatcherServletAutoConfiguration matched:
      - @ConditionalOnClass found required class 'org.springframework.web.servlet.DispatcherServlet' (OnClassCondition)
      - found 'session' scope (OnWebApplicationCondition)

   DispatcherServletAutoConfiguration.DispatcherServletConfiguration matched:
      - @ConditionalOnClass found required class 'jakarta.servlet.ServletRegistration' (OnClassCondition)
      - Default DispatcherServlet did not find dispatcher servlet beans (DispatcherServletAutoConfiguration.DefaultDispatcherServletCondition)

   DispatcherServletAutoConfiguration.DispatcherServletRegistrationConfiguration matched:
      - @ConditionalOnClass found required class 'jakarta.servlet.ServletRegistration' (OnClassCondition)
      - DispatcherServlet Registration did not find servlet registration bean (DispatcherServletAutoConfiguration.DispatcherServletRegistrationCondition)

   DispatcherServletAutoConfiguration.DispatcherServletRegistrationConfiguration#dispatcherServletRegistration matched:
      - @ConditionalOnBean (names: dispatcherServlet types: org.springframework.web.servlet.DispatcherServlet; SearchStrategy: all) found bean 'dispatcherServlet' (OnBeanCondition)

   EndpointAutoConfiguration#endpointCachingOperationInvokerAdvisor matched:
      - @ConditionalOnMissingBean (types: org.springframework.boot.actuate.endpoint.invoker.cache.CachingOperationInvokerAdvisor; SearchStrategy: all) did not find any beans (OnBeanCondition)

   EndpointAutoConfiguration#endpointOperationParameterMapper matched:
      - @ConditionalOnMissingBean (types: org.springframework.boot.actuate.endpoint.invoke.ParameterValueMapper; SearchStrategy: all) did not find any beans (OnBeanCondition)

   EndpointAutoConfiguration#propertiesEndpointAccessResolver matched:
      - @ConditionalOnMissingBean (types: org.springframework.boot.actuate.endpoint.EndpointAccessResolver; SearchStrategy: all) did not find any beans (OnBeanCondition)

   EnvironmentEndpointAutoConfiguration matched:
      - @ConditionalOnAvailableEndpoint marked as exposed by a 'management.endpoints.web.exposure' property (OnAvailableEndpointCondition)

   EnvironmentEndpointAutoConfiguration#environmentEndpoint matched:
      - @ConditionalOnMissingBean (types: org.springframework.boot.actuate.env.EnvironmentEndpoint; SearchStrategy: all) did not find any beans (OnBeanCondition)

   EnvironmentEndpointAutoConfiguration#environmentEndpointWebExtension matched:
      - @ConditionalOnBean (types: org.springframework.boot.actuate.env.EnvironmentEndpoint; SearchStrategy: all) found bean 'environmentEndpoint'; @ConditionalOnMissingBean (types: org.springframework.boot.actuate.env.EnvironmentEndpointWebExtension; SearchStrategy: all) did not find any beans (OnBeanCondition)
      - @ConditionalOnAvailableEndpoint marked as exposed by a 'management.endpoints.web.exposure' property (OnAvailableEndpointCondition)

   ErrorMvcAutoConfiguration matched:
      - @ConditionalOnClass found required classes 'jakarta.servlet.Servlet', 'org.springframework.web.servlet.DispatcherServlet' (OnClassCondition)
      - found 'session' scope (OnWebApplicationCondition)

   ErrorMvcAutoConfiguration#basicErrorController matched:
      - @ConditionalOnMissingBean (types: org.springframework.boot.webmvc.error.ErrorController; SearchStrategy: current) did not find any beans (OnBeanCondition)

   ErrorMvcAutoConfiguration#errorAttributes matched:
      - @ConditionalOnMissingBean (types: org.springframework.boot.webmvc.error.ErrorAttributes; SearchStrategy: current) did not find any beans (OnBeanCondition)

   ErrorMvcAutoConfiguration.DefaultErrorViewResolverConfiguration#conventionErrorViewResolver matched:
      - @ConditionalOnBean (types: org.springframework.web.servlet.DispatcherServlet; SearchStrategy: all) found bean 'dispatcherServlet'; @ConditionalOnMissingBean (types: org.springframework.boot.webmvc.autoconfigure.error.ErrorViewResolver; SearchStrategy: all) did not find any beans (OnBeanCondition)

   ErrorMvcAutoConfiguration.WhitelabelErrorViewConfiguration matched:
      - @ConditionalOnBooleanProperty (spring.web.error.whitelabel.enabled=true) matched (OnPropertyCondition)
      - ErrorTemplate Missing did not find error template view (ErrorMvcAutoConfiguration.ErrorTemplateMissingCondition)

   ErrorMvcAutoConfiguration.WhitelabelErrorViewConfiguration#beanNameViewResolver matched:
      - @ConditionalOnMissingBean (types: org.springframework.web.servlet.view.BeanNameViewResolver; SearchStrategy: all) did not find any beans (OnBeanCondition)

   ErrorMvcAutoConfiguration.WhitelabelErrorViewConfiguration#defaultErrorView matched:
      - @ConditionalOnMissingBean (names: error; SearchStrategy: all) did not find any beans (OnBeanCondition)

   HealthContributorAutoConfiguration#pingHealthContributor matched:
      - @ConditionalOnEnabledHealthIndicator management.health.defaults.enabled is considered true (OnEnabledHealthIndicatorCondition)

   HealthContributorRegistryAutoConfiguration#healthContributorRegistry matched:
      - @ConditionalOnMissingBean (types: org.springframework.boot.health.registry.HealthContributorRegistry; SearchStrategy: all) did not find any beans (OnBeanCondition)

   HealthEndpointAutoConfiguration matched:
      - @ConditionalOnClass found required class 'org.springframework.boot.actuate.endpoint.annotation.Endpoint' (OnClassCondition)
      - @ConditionalOnAvailableEndpoint marked as exposed by a 'management.endpoints.web.exposure' property (OnAvailableEndpointCondition)
      - @ConditionalOnBean (types: org.springframework.boot.health.registry.HealthContributorRegistry; SearchStrategy: all) found bean 'healthContributorRegistry' (OnBeanCondition)

   HealthEndpointConfiguration#healthEndpoint matched:
      - @ConditionalOnMissingBean (types: org.springframework.boot.health.actuate.endpoint.HealthEndpoint; SearchStrategy: all) did not find any beans (OnBeanCondition)

   HealthEndpointConfiguration#healthEndpointGroupMembershipValidator matched:
      - @ConditionalOnBooleanProperty (management.endpoint.health.validate-group-membership=true) matched (OnPropertyCondition)

   HealthEndpointConfiguration#healthEndpointGroups matched:
      - @ConditionalOnMissingBean (types: org.springframework.boot.health.actuate.endpoint.HealthEndpointGroups; SearchStrategy: all) did not find any beans (OnBeanCondition)

   HealthEndpointConfiguration#healthHttpCodeStatusMapper matched:
      - @ConditionalOnMissingBean (types: org.springframework.boot.health.actuate.endpoint.HttpCodeStatusMapper; SearchStrategy: all) did not find any beans (OnBeanCondition)

   HealthEndpointConfiguration#healthStatusAggregator matched:
      - @ConditionalOnMissingBean (types: org.springframework.boot.health.actuate.endpoint.StatusAggregator; SearchStrategy: all) did not find any beans (OnBeanCondition)

   HealthEndpointWebExtensionConfiguration matched:
      - found 'session' scope (OnWebApplicationCondition)
      - @ConditionalOnAvailableEndpoint marked as exposed by a 'management.endpoints.web.exposure' property (OnAvailableEndpointCondition)
      - @ConditionalOnBean (types: org.springframework.boot.health.actuate.endpoint.HealthEndpoint; SearchStrategy: all) found bean 'healthEndpoint' (OnBeanCondition)

   HealthEndpointWebExtensionConfiguration#healthEndpointWebExtension matched:
      - @ConditionalOnMissingBean (types: org.springframework.boot.health.actuate.endpoint.HealthEndpointWebExtension; SearchStrategy: all) did not find any beans (OnBeanCondition)

   HttpEncodingAutoConfiguration matched:
      - @ConditionalOnClass found required class 'org.springframework.web.filter.CharacterEncodingFilter' (OnClassCondition)
      - found 'session' scope (OnWebApplicationCondition)
      - @ConditionalOnBooleanProperty (spring.servlet.encoding.enabled=true) matched (OnPropertyCondition)

   HttpEncodingAutoConfiguration#characterEncodingFilter matched:
      - @ConditionalOnMissingBean (types: org.springframework.web.filter.CharacterEncodingFilter; SearchStrategy: all) did not find any beans (OnBeanCondition)

   HttpExchangesEndpointAutoConfiguration matched:
      - @ConditionalOnAvailableEndpoint marked as exposed by a 'management.endpoints.web.exposure' property (OnAvailableEndpointCondition)

   HttpMessageConvertersAutoConfiguration matched:
      - @ConditionalOnClass found required class 'org.springframework.http.converter.HttpMessageConverter' (OnClassCondition)
      - NoneNestedConditions 0 matched 1 did not; NestedCondition on HttpMessageConvertersAutoConfiguration.NotReactiveWebApplicationCondition.ReactiveWebApplication did not find reactive web application classes (HttpMessageConvertersAutoConfiguration.NotReactiveWebApplicationCondition)

   HttpMessageConvertersAutoConfiguration.StringHttpMessageConverterConfiguration#stringHttpMessageConvertersCustomizer matched:
      - @ConditionalOnMissingBean (types: org.springframework.http.converter.StringHttpMessageConverter; SearchStrategy: all) did not find any beans (OnBeanCondition)

   InfoEndpointAutoConfiguration matched:
      - @ConditionalOnAvailableEndpoint marked as exposed by a 'management.endpoints.web.exposure' property (OnAvailableEndpointCondition)

   InfoEndpointAutoConfiguration#infoEndpoint matched:
      - @ConditionalOnMissingBean (types: org.springframework.boot.actuate.info.InfoEndpoint; SearchStrategy: all) did not find any beans (OnBeanCondition)

   JacksonAutoConfiguration matched:
      - @ConditionalOnClass found required class 'tools.jackson.databind.json.JsonMapper' (OnClassCondition)

   JacksonAutoConfiguration#jacksonJsonMapper matched:
      - @ConditionalOnMissingBean (types: tools.jackson.databind.json.JsonMapper; SearchStrategy: all) did not find any beans (OnBeanCondition)

   JacksonAutoConfiguration#jsonMapperBuilder matched:
      - @ConditionalOnMissingBean (types: tools.jackson.databind.json.JsonMapper$Builder; SearchStrategy: all) did not find any beans (OnBeanCondition)

   JacksonAutoConfiguration.JsonProblemDetailsConfiguration matched:
      - @ConditionalOnClass found required class 'org.springframework.http.ProblemDetail' (OnClassCondition)

   JacksonEndpointAutoConfiguration matched:
      - @ConditionalOnClass found required class 'tools.jackson.databind.json.JsonMapper' (OnClassCondition)

   JacksonEndpointAutoConfiguration#endpointJsonMapper matched:
      - @ConditionalOnBooleanProperty (management.endpoints.jackson.isolated-json-mapper=true) matched (OnPropertyCondition)

   JacksonHttpMessageConvertersConfiguration.JacksonJsonHttpMessageConverterConfiguration matched:
      - @ConditionalOnClass found required class 'tools.jackson.databind.json.JsonMapper' (OnClassCondition)
      - @ConditionalOnProperty (spring.http.converters.preferred-json-mapper=jackson) matched (OnPropertyCondition)
      - @ConditionalOnBean (types: tools.jackson.databind.json.JsonMapper; SearchStrategy: all) found bean 'jacksonJsonMapper' (OnBeanCondition)

   JacksonHttpMessageConvertersConfiguration.JacksonJsonHttpMessageConverterConfiguration#jacksonJsonHttpMessageConvertersCustomizer matched:
      - @ConditionalOnMissingBean (types: org.springframework.http.converter.json.JacksonJsonHttpMessageConverter ignored: org.springframework.hateoas.server.mvc.TypeConstrainedJacksonJsonHttpMessageConverter,org.springframework.data.rest.webmvc.alps.AlpsJacksonJsonHttpMessageConverter; SearchStrategy: all) did not find any beans (OnBeanCondition)

   JdbcClientAutoConfiguration matched:
      - @ConditionalOnSingleCandidate (types: org.springframework.jdbc.core.namedparam.NamedParameterJdbcTemplate; SearchStrategy: all) found a single bean 'namedParameterJdbcTemplate'; @ConditionalOnMissingBean (types: org.springframework.jdbc.core.simple.JdbcClient; SearchStrategy: all) did not find any beans (OnBeanCondition)

   JdbcTemplateAutoConfiguration matched:
      - @ConditionalOnClass found required classes 'javax.sql.DataSource', 'org.springframework.jdbc.core.JdbcTemplate' (OnClassCondition)
      - @ConditionalOnSingleCandidate (types: javax.sql.DataSource; SearchStrategy: all) found a single bean 'dataSource' (OnBeanCondition)

   JdbcTemplateConfiguration matched:
      - @ConditionalOnMissingBean (types: org.springframework.jdbc.core.JdbcOperations; SearchStrategy: all) did not find any beans (OnBeanCondition)

   JmxAutoConfiguration matched:
      - @ConditionalOnClass found required class 'org.springframework.jmx.export.MBeanExporter' (OnClassCondition)
      - @ConditionalOnBooleanProperty (spring.jmx.enabled=true) matched (OnPropertyCondition)

   JmxAutoConfiguration#mbeanExporter matched:
      - @ConditionalOnMissingBean (types: org.springframework.jmx.export.MBeanExporter; SearchStrategy: current) did not find any beans (OnBeanCondition)

   JmxAutoConfiguration#mbeanServer matched:
      - @ConditionalOnMissingBean (types: javax.management.MBeanServer; SearchStrategy: all) did not find any beans (OnBeanCondition)

   JmxAutoConfiguration#objectNamingStrategy matched:
      - @ConditionalOnMissingBean (types: org.springframework.jmx.export.naming.ObjectNamingStrategy; SearchStrategy: current) did not find any beans (OnBeanCondition)

   JmxEndpointAutoConfiguration matched:
      - @ConditionalOnBooleanProperty (spring.jmx.enabled=true) matched (OnPropertyCondition)

   JmxEndpointAutoConfiguration#endpointObjectNameFactory matched:
      - @ConditionalOnMissingBean (types: org.springframework.boot.actuate.endpoint.jmx.EndpointObjectNameFactory; SearchStrategy: current) did not find any beans (OnBeanCondition)

   JmxEndpointAutoConfiguration#jmxAnnotationEndpointDiscoverer matched:
      - @ConditionalOnMissingBean (types: org.springframework.boot.actuate.endpoint.jmx.JmxEndpointsSupplier; SearchStrategy: all) did not find any beans (OnBeanCondition)

   JmxEndpointAutoConfiguration.JmxJacksonEndpointConfiguration matched:
      - @ConditionalOnClass found required class 'tools.jackson.databind.json.JsonMapper' (OnClassCondition)

   JmxEndpointAutoConfiguration.JmxJacksonEndpointConfiguration#jmxMBeanExporter matched:
      - @ConditionalOnSingleCandidate (types: javax.management.MBeanServer; SearchStrategy: all) found a single bean 'mbeanServer' (OnBeanCondition)

   JvmMetricsAutoConfiguration matched:
      - @ConditionalOnClass found required class 'io.micrometer.core.instrument.MeterRegistry' (OnClassCondition)
      - @ConditionalOnBean (types: io.micrometer.core.instrument.MeterRegistry; SearchStrategy: all) found bean 'simpleMeterRegistry' (OnBeanCondition)

   JvmMetricsAutoConfiguration#classLoaderMetrics matched:
      - @ConditionalOnMissingBean (types: io.micrometer.core.instrument.binder.jvm.ClassLoaderMetrics; SearchStrategy: all) did not find any beans (OnBeanCondition)

   JvmMetricsAutoConfiguration#jvmCompilationMetrics matched:
      - @ConditionalOnMissingBean (types: io.micrometer.core.instrument.binder.jvm.JvmCompilationMetrics; SearchStrategy: all) did not find any beans (OnBeanCondition)

   JvmMetricsAutoConfiguration#jvmGcMetrics matched:
      - @ConditionalOnMissingBean (types: io.micrometer.core.instrument.binder.jvm.JvmGcMetrics; SearchStrategy: all) did not find any beans (OnBeanCondition)

   JvmMetricsAutoConfiguration#jvmHeapPressureMetrics matched:
      - @ConditionalOnMissingBean (types: io.micrometer.core.instrument.binder.jvm.JvmHeapPressureMetrics; SearchStrategy: all) did not find any beans (OnBeanCondition)

   JvmMetricsAutoConfiguration#jvmInfoMetrics matched:
      - @ConditionalOnMissingBean (types: io.micrometer.core.instrument.binder.jvm.JvmInfoMetrics; SearchStrategy: all) did not find any beans (OnBeanCondition)

   JvmMetricsAutoConfiguration#jvmMemoryMetrics matched:
      - @ConditionalOnMissingBean (types: io.micrometer.core.instrument.binder.jvm.JvmMemoryMetrics; SearchStrategy: all) did not find any beans (OnBeanCondition)

   JvmMetricsAutoConfiguration#jvmThreadMetrics matched:
      - @ConditionalOnMissingBean (types: io.micrometer.core.instrument.binder.jvm.JvmThreadMetrics; SearchStrategy: all) did not find any beans (OnBeanCondition)

   LifecycleAutoConfiguration#defaultLifecycleProcessor matched:
      - @ConditionalOnMissingBean (names: lifecycleProcessor; SearchStrategy: current) did not find any beans (OnBeanCondition)

   LogFileWebEndpointAutoConfiguration matched:
      - @ConditionalOnAvailableEndpoint marked as exposed by a 'management.endpoints.web.exposure' property (OnAvailableEndpointCondition)

   LogFileWebEndpointAutoConfiguration#logFileWebEndpoint matched:
      - Log File found logging.file.name application.log (LogFileWebEndpointAutoConfiguration.LogFileCondition)
      - @ConditionalOnMissingBean (types: org.springframework.boot.actuate.logging.LogFileWebEndpoint; SearchStrategy: all) did not find any beans (OnBeanCondition)

   LogbackMetricsAutoConfiguration matched:
      - @ConditionalOnClass found required classes 'io.micrometer.core.instrument.MeterRegistry', 'ch.qos.logback.classic.LoggerContext', 'org.slf4j.LoggerFactory' (OnClassCondition)
      - LogbackLoggingCondition ILoggerFactory is a Logback LoggerContext (LogbackMetricsAutoConfiguration.LogbackLoggingCondition)
      - @ConditionalOnBean (types: io.micrometer.core.instrument.MeterRegistry; SearchStrategy: all) found bean 'simpleMeterRegistry' (OnBeanCondition)

   LogbackMetricsAutoConfiguration#logbackMetrics matched:
      - @ConditionalOnMissingBean (types: io.micrometer.core.instrument.binder.logging.LogbackMetrics; SearchStrategy: all) did not find any beans (OnBeanCondition)

   LoggersEndpointAutoConfiguration matched:
      - @ConditionalOnAvailableEndpoint marked as exposed by a 'management.endpoints.web.exposure' property (OnAvailableEndpointCondition)

   LoggersEndpointAutoConfiguration#loggersEndpoint matched:
      - Logging System enabled (LoggersEndpointAutoConfiguration.OnEnabledLoggingSystemCondition)
      - @ConditionalOnBean (types: org.springframework.boot.logging.LoggingSystem; SearchStrategy: all) found bean 'springBootLoggingSystem'; @ConditionalOnMissingBean (types: org.springframework.boot.actuate.logging.LoggersEndpoint; SearchStrategy: all) did not find any beans (OnBeanCondition)

   ManagementContextAutoConfiguration.SameManagementContextConfiguration matched:
      - Management Port actual port type (SAME) matched required type (OnManagementPortCondition)

   MappingsEndpointAutoConfiguration matched:
      - @ConditionalOnAvailableEndpoint marked as exposed by a 'management.endpoints.web.exposure' property (OnAvailableEndpointCondition)

   MetricsAutoConfiguration matched:
      - @ConditionalOnClass found required class 'io.micrometer.core.annotation.Timed' (OnClassCondition)

   MetricsAutoConfiguration#micrometerClock matched:
      - @ConditionalOnMissingBean (types: io.micrometer.core.instrument.Clock; SearchStrategy: all) did not find any beans (OnBeanCondition)

   MetricsEndpointAutoConfiguration matched:
      - @ConditionalOnClass found required classes 'org.springframework.boot.actuate.autoconfigure.endpoint.condition.ConditionalOnAvailableEndpoint', 'io.micrometer.core.annotation.Timed' (OnClassCondition)
      - @ConditionalOnAvailableEndpoint marked as exposed by a 'management.endpoints.web.exposure' property (OnAvailableEndpointCondition)

   MetricsEndpointAutoConfiguration#metricsEndpoint matched:
      - @ConditionalOnBean (types: io.micrometer.core.instrument.MeterRegistry; SearchStrategy: all) found bean 'simpleMeterRegistry'; @ConditionalOnMissingBean (types: org.springframework.boot.micrometer.metrics.actuate.endpoint.MetricsEndpoint; SearchStrategy: all) did not find any beans (OnBeanCondition)

   MultipartAutoConfiguration matched:
      - @ConditionalOnClass found required classes 'jakarta.servlet.Servlet', 'org.springframework.web.multipart.support.StandardServletMultipartResolver', 'jakarta.servlet.MultipartConfigElement' (OnClassCondition)
      - found 'session' scope (OnWebApplicationCondition)
      - @ConditionalOnBooleanProperty (spring.servlet.multipart.enabled=true) matched (OnPropertyCondition)

   MultipartAutoConfiguration#multipartConfigElement matched:
      - @ConditionalOnMissingBean (types: jakarta.servlet.MultipartConfigElement; SearchStrategy: all) did not find any beans (OnBeanCondition)

   MultipartAutoConfiguration#multipartResolver matched:
      - @ConditionalOnMissingBean (types: org.springframework.web.multipart.MultipartResolver; SearchStrategy: all) did not find any beans (OnBeanCondition)

   NamedParameterJdbcTemplateConfiguration matched:
      - @ConditionalOnSingleCandidate (types: org.springframework.jdbc.core.JdbcTemplate; SearchStrategy: all) found a single bean 'jdbcTemplate'; @ConditionalOnMissingBean (types: org.springframework.jdbc.core.namedparam.NamedParameterJdbcOperations; SearchStrategy: all) did not find any beans (OnBeanCondition)

   ObservationAutoConfiguration matched:
      - @ConditionalOnClass found required class 'io.micrometer.observation.ObservationRegistry' (OnClassCondition)

   ObservationAutoConfiguration#observationRegistry matched:
      - @ConditionalOnMissingBean (types: io.micrometer.observation.ObservationRegistry; SearchStrategy: all) did not find any beans (OnBeanCondition)

   ObservationAutoConfiguration#spelValueExpressionResolver matched:
      - @ConditionalOnMissingBean (types: io.micrometer.common.annotation.ValueExpressionResolver; SearchStrategy: all) did not find any beans (OnBeanCondition)

   PersistenceExceptionTranslationAutoConfiguration matched:
      - @ConditionalOnClass found required class 'org.springframework.dao.annotation.PersistenceExceptionTranslationPostProcessor' (OnClassCondition)

   PersistenceExceptionTranslationAutoConfiguration#persistenceExceptionTranslationPostProcessor matched:
      - @ConditionalOnBooleanProperty (spring.persistence.exceptiontranslation.enabled=true) matched (OnPropertyCondition)
      - @ConditionalOnMissingBean (types: org.springframework.dao.annotation.PersistenceExceptionTranslationPostProcessor; SearchStrategy: all) did not find any beans (OnBeanCondition)

   PropertyPlaceholderAutoConfiguration#propertySourcesPlaceholderConfigurer matched:
      - @ConditionalOnMissingBean (types: org.springframework.context.support.PropertySourcesPlaceholderConfigurer; SearchStrategy: current) did not find any beans (OnBeanCondition)

   SbomEndpointAutoConfiguration matched:
      - @ConditionalOnAvailableEndpoint marked as exposed by a 'management.endpoints.web.exposure' property (OnAvailableEndpointCondition)

   SbomEndpointAutoConfiguration#sbomEndpoint matched:
      - @ConditionalOnMissingBean (types: org.springframework.boot.actuate.sbom.SbomEndpoint; SearchStrategy: all) did not find any beans (OnBeanCondition)

   SbomEndpointAutoConfiguration#sbomEndpointWebExtension matched:
      - @ConditionalOnBean (types: org.springframework.boot.actuate.sbom.SbomEndpoint; SearchStrategy: all) found bean 'sbomEndpoint'; @ConditionalOnMissingBean (types: org.springframework.boot.actuate.sbom.SbomEndpointWebExtension; SearchStrategy: all) did not find any beans (OnBeanCondition)
      - @ConditionalOnAvailableEndpoint marked as exposed by a 'management.endpoints.web.exposure' property (OnAvailableEndpointCondition)

   ScheduledTasksEndpointAutoConfiguration matched:
      - @ConditionalOnAvailableEndpoint marked as exposed by a 'management.endpoints.web.exposure' property (OnAvailableEndpointCondition)

   ScheduledTasksEndpointAutoConfiguration#scheduledTasksEndpoint matched:
      - @ConditionalOnMissingBean (types: org.springframework.boot.actuate.scheduling.ScheduledTasksEndpoint; SearchStrategy: all) did not find any beans (OnBeanCondition)

   ScheduledTasksObservationAutoConfiguration matched:
      - @ConditionalOnClass found required class 'org.springframework.scheduling.concurrent.ThreadPoolTaskScheduler' (OnClassCondition)
      - @ConditionalOnBean (types: io.micrometer.observation.ObservationRegistry; SearchStrategy: all) found bean 'observationRegistry' (OnBeanCondition)

   SecurityAutoConfiguration matched:
      - @ConditionalOnClass found required class 'org.springframework.security.authentication.DefaultAuthenticationEventPublisher' (OnClassCondition)

   SecurityAutoConfiguration#authenticationEventPublisher matched:
      - @ConditionalOnMissingBean (types: org.springframework.security.authentication.AuthenticationEventPublisher; SearchStrategy: all) did not find any beans (OnBeanCondition)

   SecurityFilterAutoConfiguration matched:
      - @ConditionalOnClass found required classes 'org.springframework.security.web.context.AbstractSecurityWebApplicationInitializer', 'org.springframework.security.config.http.SessionCreationPolicy' (OnClassCondition)
      - found 'session' scope (OnWebApplicationCondition)

   SecurityFilterAutoConfiguration#securityFilterChainRegistration matched:
      - @ConditionalOnBean (names: springSecurityFilterChain; SearchStrategy: all) found bean 'springSecurityFilterChain' (OnBeanCondition)

   SecurityRequestMatchersManagementContextConfiguration matched:
      - @ConditionalOnClass found required class 'org.springframework.security.web.util.matcher.RequestMatcher' (OnClassCondition)
      - found 'session' scope (OnWebApplicationCondition)

   SecurityRequestMatchersManagementContextConfiguration.MvcRequestMatcherConfiguration matched:
      - @ConditionalOnClass found required class 'org.springframework.web.servlet.DispatcherServlet' (OnClassCondition)
      - @ConditionalOnBean (types: org.springframework.boot.webmvc.autoconfigure.DispatcherServletPath; SearchStrategy: all) found bean 'dispatcherServletRegistration' (OnBeanCondition)

   SecurityRequestMatchersManagementContextConfiguration.MvcRequestMatcherConfiguration#requestMatcherProvider matched:
      - @ConditionalOnMissingBean (types: org.springframework.boot.security.autoconfigure.actuate.web.servlet.RequestMatcherProvider; SearchStrategy: all) did not find any beans (OnBeanCondition)

   ServletEndpointManagementContextConfiguration matched:
      - found 'session' scope (OnWebApplicationCondition)

   ServletManagementContextAutoConfiguration matched:
      - @ConditionalOnClass found required classes 'jakarta.servlet.Servlet', 'org.springframework.boot.actuate.autoconfigure.endpoint.web.WebEndpointProperties' (OnClassCondition)
      - found 'session' scope (OnWebApplicationCondition)

   ServletMappingsAutoConfiguration matched:
      - @ConditionalOnClass found required classes 'org.springframework.boot.actuate.autoconfigure.endpoint.condition.ConditionalOnAvailableEndpoint', 'org.springframework.boot.actuate.web.mappings.MappingsEndpoint' (OnClassCondition)
      - found 'session' scope (OnWebApplicationCondition)
      - @ConditionalOnAvailableEndpoint marked as exposed by a 'management.endpoints.web.exposure' property (OnAvailableEndpointCondition)

   ServletWebSecurityAutoConfiguration matched:
      - @ConditionalOnClass found required class 'org.springframework.security.config.annotation.web.configuration.EnableWebSecurity' (OnClassCondition)
      - found 'session' scope (OnWebApplicationCondition)

   ServletWebSecurityAutoConfiguration.PathPatternRequestMatcherBuilderConfiguration matched:
      - @ConditionalOnClass found required class 'org.springframework.boot.webmvc.autoconfigure.DispatcherServletPath' (OnClassCondition)
      - @ConditionalOnBean (types: org.springframework.boot.webmvc.autoconfigure.DispatcherServletPath; SearchStrategy: all) found bean 'dispatcherServletRegistration' (OnBeanCondition)

   ServletWebSecurityAutoConfiguration.PathPatternRequestMatcherBuilderConfiguration#pathPatternRequestMatcherBuilder matched:
      - @ConditionalOnMissingBean (types: org.springframework.security.web.servlet.util.matcher.PathPatternRequestMatcher$Builder; SearchStrategy: all) did not find any beans (OnBeanCondition)

   SimpleMetricsExportAutoConfiguration matched:
      - @ConditionalOnEnabledMetricsExport management.defaults.metrics.export.enabled is considered true (OnMetricsExportEnabledCondition)
      - @ConditionalOnBean (types: io.micrometer.core.instrument.Clock; SearchStrategy: all) found bean 'micrometerClock'; @ConditionalOnMissingBean (types: io.micrometer.core.instrument.MeterRegistry; SearchStrategy: all) did not find any beans (OnBeanCondition)

   SimpleMetricsExportAutoConfiguration#simpleConfig matched:
      - @ConditionalOnMissingBean (types: io.micrometer.core.instrument.simple.SimpleConfig; SearchStrategy: all) did not find any beans (OnBeanCondition)

   SpringApplicationAdminJmxAutoConfiguration matched:
      - @ConditionalOnBooleanProperty (spring.application.admin.enabled=true) matched (OnPropertyCondition)

   SpringApplicationAdminJmxAutoConfiguration#springApplicationAdminRegistrar matched:
      - @ConditionalOnMissingBean (types: org.springframework.boot.admin.SpringApplicationAdminMXBeanRegistrar; SearchStrategy: all) did not find any beans (OnBeanCondition)

   SslAutoConfiguration#sslBundleRegistry matched:
      - @ConditionalOnMissingBean (types: org.springframework.boot.ssl.SslBundleRegistry,org.springframework.boot.ssl.SslBundles; SearchStrategy: all) did not find any beans (OnBeanCondition)

   SslHealthContributorAutoConfiguration matched:
      - @ConditionalOnClass found required class 'org.springframework.boot.health.contributor.Health' (OnClassCondition)
      - @ConditionalOnEnabledHealthIndicator management.health.defaults.enabled is considered true (OnEnabledHealthIndicatorCondition)

   SslHealthContributorAutoConfiguration#sslHealthIndicator matched:
      - @ConditionalOnMissingBean (names: sslHealthIndicator; SearchStrategy: all) did not find any beans (OnBeanCondition)

   SslHealthContributorAutoConfiguration#sslInfo matched:
      - @ConditionalOnMissingBean (types: org.springframework.boot.info.SslInfo; SearchStrategy: all) did not find any beans (OnBeanCondition)

   SslMetricsAutoConfiguration matched:
      - @ConditionalOnClass found required class 'io.micrometer.core.instrument.MeterRegistry' (OnClassCondition)
      - @ConditionalOnBean (types: io.micrometer.core.instrument.MeterRegistry,org.springframework.boot.ssl.SslBundles; SearchStrategy: all) found beans 'sslBundleRegistry', 'simpleMeterRegistry' (OnBeanCondition)

   StartupTimeMetricsListenerAutoConfiguration matched:
      - @ConditionalOnClass found required class 'io.micrometer.core.instrument.MeterRegistry' (OnClassCondition)
      - @ConditionalOnBean (types: io.micrometer.core.instrument.MeterRegistry; SearchStrategy: all) found bean 'simpleMeterRegistry' (OnBeanCondition)

   StartupTimeMetricsListenerAutoConfiguration#startupTimeMetrics matched:
      - @ConditionalOnMissingBean (types: org.springframework.boot.micrometer.metrics.startup.StartupTimeMetricsListener; SearchStrategy: all) did not find any beans (OnBeanCondition)

   SystemMetricsAutoConfiguration matched:
      - @ConditionalOnClass found required class 'io.micrometer.core.instrument.MeterRegistry' (OnClassCondition)
      - @ConditionalOnBean (types: io.micrometer.core.instrument.MeterRegistry; SearchStrategy: all) found bean 'simpleMeterRegistry' (OnBeanCondition)

   SystemMetricsAutoConfiguration#diskSpaceMetrics matched:
      - @ConditionalOnMissingBean (types: org.springframework.boot.micrometer.metrics.system.DiskSpaceMetricsBinder; SearchStrategy: all) did not find any beans (OnBeanCondition)

   SystemMetricsAutoConfiguration#fileDescriptorMetrics matched:
      - @ConditionalOnMissingBean (types: io.micrometer.core.instrument.binder.system.FileDescriptorMetrics; SearchStrategy: all) did not find any beans (OnBeanCondition)

   SystemMetricsAutoConfiguration#processorMetrics matched:
      - @ConditionalOnMissingBean (types: io.micrometer.core.instrument.binder.system.ProcessorMetrics; SearchStrategy: all) did not find any beans (OnBeanCondition)

   SystemMetricsAutoConfiguration#uptimeMetrics matched:
      - @ConditionalOnMissingBean (types: io.micrometer.core.instrument.binder.system.UptimeMetrics; SearchStrategy: all) did not find any beans (OnBeanCondition)

   TaskExecutionAutoConfiguration matched:
      - @ConditionalOnClass found required class 'org.springframework.scheduling.concurrent.ThreadPoolTaskExecutor' (OnClassCondition)

   TaskExecutorConfigurations.AsyncConfigurerConfiguration matched:
      - @ConditionalOnMissingBean (types: org.springframework.scheduling.annotation.AsyncConfigurer; SearchStrategy: all) did not find any beans (OnBeanCondition)

   TaskExecutorConfigurations.SimpleAsyncTaskExecutorBuilderConfiguration#simpleAsyncTaskExecutorBuilder matched:
      - @ConditionalOnMissingBean (types: org.springframework.boot.task.SimpleAsyncTaskExecutorBuilder; SearchStrategy: all) did not find any beans (OnBeanCondition)
      - @ConditionalOnThreading found PLATFORM (OnThreadingCondition)

   TaskExecutorConfigurations.TaskExecutorConfiguration matched:
      - AnyNestedCondition 1 matched 1 did not; NestedCondition on TaskExecutorConfigurations.OnExecutorCondition.ModelCondition @ConditionalOnProperty (spring.task.execution.mode=force) did not find property 'spring.task.execution.mode'; NestedCondition on TaskExecutorConfigurations.OnExecutorCondition.ExecutorBeanCondition @ConditionalOnMissingBean (types: java.util.concurrent.Executor; SearchStrategy: all) did not find any beans (TaskExecutorConfigurations.OnExecutorCondition)

   TaskExecutorConfigurations.TaskExecutorConfiguration#applicationTaskExecutor matched:
      - @ConditionalOnThreading found PLATFORM (OnThreadingCondition)

   TaskExecutorConfigurations.ThreadPoolTaskExecutorBuilderConfiguration#threadPoolTaskExecutorBuilder matched:
      - @ConditionalOnMissingBean (types: org.springframework.boot.task.ThreadPoolTaskExecutorBuilder; SearchStrategy: all) did not find any beans (OnBeanCondition)

   TaskExecutorMetricsAutoConfiguration matched:
      - @ConditionalOnClass found required class 'io.micrometer.core.instrument.binder.jvm.ExecutorServiceMetrics' (OnClassCondition)
      - @ConditionalOnBean (types: java.util.concurrent.Executor,io.micrometer.core.instrument.MeterRegistry; SearchStrategy: all) found beans 'applicationTaskExecutor', 'simpleMeterRegistry' (OnBeanCondition)

   TaskSchedulingAutoConfiguration matched:
      - @ConditionalOnClass found required class 'org.springframework.scheduling.concurrent.ThreadPoolTaskScheduler' (OnClassCondition)

   TaskSchedulingConfigurations.SimpleAsyncTaskSchedulerBuilderConfiguration#simpleAsyncTaskSchedulerBuilder matched:
      - @ConditionalOnMissingBean (types: org.springframework.boot.task.SimpleAsyncTaskSchedulerBuilder; SearchStrategy: all) did not find any beans (OnBeanCondition)
      - @ConditionalOnThreading found PLATFORM (OnThreadingCondition)

   TaskSchedulingConfigurations.ThreadPoolTaskSchedulerBuilderConfiguration#threadPoolTaskSchedulerBuilder matched:
      - @ConditionalOnMissingBean (types: org.springframework.boot.task.ThreadPoolTaskSchedulerBuilder; SearchStrategy: all) did not find any beans (OnBeanCondition)

   ThreadDumpEndpointAutoConfiguration matched:
      - @ConditionalOnAvailableEndpoint marked as exposed by a 'management.endpoints.web.exposure' property (OnAvailableEndpointCondition)

   ThreadDumpEndpointAutoConfiguration#dumpEndpoint matched:
      - @ConditionalOnMissingBean (types: org.springframework.boot.actuate.management.ThreadDumpEndpoint; SearchStrategy: all) did not find any beans (OnBeanCondition)

   TomcatMetricsAutoConfiguration matched:
      - @ConditionalOnClass found required classes 'io.micrometer.core.instrument.binder.tomcat.TomcatMetrics', 'org.apache.catalina.Manager', 'io.micrometer.core.instrument.MeterRegistry' (OnClassCondition)
      - @ConditionalOnWebApplication (required) found 'session' scope (OnWebApplicationCondition)

   TomcatMetricsAutoConfiguration#tomcatMetricsBinder matched:
      - @ConditionalOnBean (types: io.micrometer.core.instrument.MeterRegistry; SearchStrategy: all) found bean 'simpleMeterRegistry'; @ConditionalOnMissingBean (types: io.micrometer.core.instrument.binder.tomcat.TomcatMetrics,org.springframework.boot.tomcat.metrics.TomcatMetricsBinder; SearchStrategy: all) did not find any beans (OnBeanCondition)

   TomcatServletWebServerAutoConfiguration matched:
      - @ConditionalOnClass found required classes 'jakarta.servlet.ServletRequest', 'org.apache.catalina.startup.Tomcat', 'org.apache.coyote.UpgradeProtocol', 'org.springframework.boot.tomcat.servlet.TomcatServletWebServerFactory' (OnClassCondition)
      - found 'session' scope (OnWebApplicationCondition)

   TomcatServletWebServerAutoConfiguration#tomcatServletWebServerFactory matched:
      - @ConditionalOnMissingBean (types: org.springframework.boot.web.server.servlet.ServletWebServerFactory; SearchStrategy: current) did not find any beans (OnBeanCondition)

   TomcatWebServerConfiguration matched:
      - @ConditionalOnWarDeployment the application is not deployed as a WAR file. (OnWarDeploymentCondition)

   TomcatWebServerConfiguration.TomcatWebSocketConfiguration matched:
      - @ConditionalOnClass found required class 'org.apache.tomcat.websocket.server.WsSci' (OnClassCondition)

   TransactionAutoConfiguration matched:
      - @ConditionalOnClass found required class 'org.springframework.transaction.PlatformTransactionManager' (OnClassCondition)

   TransactionAutoConfiguration.EnableTransactionManagementConfiguration matched:
      - @ConditionalOnBean (types: org.springframework.transaction.TransactionManager; SearchStrategy: all) found bean 'transactionManager'; @ConditionalOnMissingBean (types: org.springframework.transaction.annotation.AbstractTransactionManagementConfiguration; SearchStrategy: all) did not find any beans (OnBeanCondition)

   TransactionAutoConfiguration.EnableTransactionManagementConfiguration.CglibAutoProxyConfiguration matched:
      - @ConditionalOnBooleanProperty (spring.aop.proxy-target-class=true) matched (OnPropertyCondition)

   TransactionAutoConfiguration.TransactionTemplateConfiguration matched:
      - @ConditionalOnSingleCandidate (types: org.springframework.transaction.PlatformTransactionManager; SearchStrategy: all) found a single bean 'transactionManager' (OnBeanCondition)

   TransactionAutoConfiguration.TransactionTemplateConfiguration#transactionTemplate matched:
      - @ConditionalOnMissingBean (types: org.springframework.transaction.support.TransactionOperations; SearchStrategy: all) did not find any beans (OnBeanCondition)

   TransactionManagerCustomizationAutoConfiguration matched:
      - @ConditionalOnClass found required class 'org.springframework.transaction.PlatformTransactionManager' (OnClassCondition)

   TransactionManagerCustomizationAutoConfiguration#platformTransactionManagerCustomizers matched:
      - @ConditionalOnMissingBean (types: org.springframework.boot.transaction.autoconfigure.TransactionManagerCustomizers; SearchStrategy: all) did not find any beans (OnBeanCondition)

   ValidationAutoConfiguration matched:
      - @ConditionalOnClass found required class 'jakarta.validation.executable.ExecutableValidator' (OnClassCondition)
      - @ConditionalOnResource found location classpath:META-INF/services/jakarta.validation.spi.ValidationProvider (OnResourceCondition)

   ValidationAutoConfiguration#defaultValidator matched:
      - @ConditionalOnMissingBean (types: jakarta.validation.Validator; SearchStrategy: all) did not find any beans (OnBeanCondition)

   ValidationAutoConfiguration#methodValidationPostProcessor matched:
      - @ConditionalOnMissingBean (types: org.springframework.validation.beanvalidation.MethodValidationPostProcessor; SearchStrategy: current) did not find any beans (OnBeanCondition)

   WebEndpointAutoConfiguration matched:
      - @ConditionalOnWebApplication (required) found 'session' scope (OnWebApplicationCondition)

   WebEndpointAutoConfiguration#controllerEndpointDiscoverer matched:
      - @ConditionalOnMissingBean (types: org.springframework.boot.actuate.endpoint.web.annotation.ControllerEndpointsSupplier; SearchStrategy: all) did not find any beans (OnBeanCondition)

   WebEndpointAutoConfiguration#endpointMediaTypes matched:
      - @ConditionalOnMissingBean (types: org.springframework.boot.actuate.endpoint.web.EndpointMediaTypes; SearchStrategy: all) did not find any beans (OnBeanCondition)

   WebEndpointAutoConfiguration#pathMappedEndpoints matched:
      - @ConditionalOnMissingBean (types: org.springframework.boot.actuate.endpoint.web.PathMappedEndpoints; SearchStrategy: all) did not find any beans (OnBeanCondition)

   WebEndpointAutoConfiguration#webEndpointDiscoverer matched:
      - @ConditionalOnMissingBean (types: org.springframework.boot.actuate.endpoint.web.WebEndpointsSupplier; SearchStrategy: all) did not find any beans (OnBeanCondition)

   WebEndpointAutoConfiguration.WebEndpointServletConfiguration matched:
      - found 'session' scope (OnWebApplicationCondition)

   WebEndpointAutoConfiguration.WebEndpointServletConfiguration#servletEndpointDiscoverer matched:
      - @ConditionalOnMissingBean (types: org.springframework.boot.actuate.endpoint.web.annotation.ServletEndpointsSupplier; SearchStrategy: all) did not find any beans (OnBeanCondition)

   WebMvcAutoConfiguration matched:
      - @ConditionalOnClass found required classes 'jakarta.servlet.Servlet', 'org.springframework.web.servlet.DispatcherServlet', 'org.springframework.web.servlet.config.annotation.WebMvcConfigurer' (OnClassCondition)
      - found 'session' scope (OnWebApplicationCondition)
      - @ConditionalOnMissingBean (types: org.springframework.web.servlet.config.annotation.WebMvcConfigurationSupport; SearchStrategy: all) did not find any beans (OnBeanCondition)

   WebMvcAutoConfiguration#formContentFilter matched:
      - @ConditionalOnBooleanProperty (spring.mvc.formcontent.filter.enabled=true) matched (OnPropertyCondition)
      - @ConditionalOnMissingBean (types: org.springframework.web.filter.FormContentFilter; SearchStrategy: all) did not find any beans (OnBeanCondition)

   WebMvcAutoConfiguration.EnableWebMvcConfiguration#flashMapManager matched:
      - @ConditionalOnMissingBean (names: flashMapManager; SearchStrategy: all) did not find any beans (OnBeanCondition)

   WebMvcAutoConfiguration.EnableWebMvcConfiguration#localeResolver matched:
      - @ConditionalOnMissingBean (names: localeResolver; SearchStrategy: all) did not find any beans (OnBeanCondition)

   WebMvcAutoConfiguration.EnableWebMvcConfiguration#viewNameTranslator matched:
      - @ConditionalOnMissingBean (names: viewNameTranslator; SearchStrategy: all) did not find any beans (OnBeanCondition)

   WebMvcAutoConfiguration.WebMvcAutoConfigurationAdapter#defaultViewResolver matched:
      - @ConditionalOnMissingBean (types: org.springframework.web.servlet.view.InternalResourceViewResolver; SearchStrategy: all) did not find any beans (OnBeanCondition)

   WebMvcAutoConfiguration.WebMvcAutoConfigurationAdapter#requestContextFilter matched:
      - @ConditionalOnMissingBean (types: org.springframework.web.context.request.RequestContextListener,org.springframework.web.filter.RequestContextFilter; SearchStrategy: all) did not find any beans (OnBeanCondition)

   WebMvcAutoConfiguration.WebMvcAutoConfigurationAdapter#viewResolver matched:
      - @ConditionalOnBean (types: org.springframework.web.servlet.ViewResolver; SearchStrategy: all) found beans 'defaultViewResolver', 'beanNameViewResolver', 'mvcViewResolver'; @ConditionalOnMissingBean (names: viewResolver types: org.springframework.web.servlet.view.ContentNegotiatingViewResolver; SearchStrategy: all) did not find any beans (OnBeanCondition)

   WebMvcEndpointManagementContextConfiguration matched:
      - found 'session' scope (OnWebApplicationCondition)
      - @ConditionalOnBean (types: org.springframework.web.servlet.DispatcherServlet,org.springframework.boot.actuate.endpoint.web.WebEndpointsSupplier; SearchStrategy: all) found beans 'webEndpointDiscoverer', 'dispatcherServlet' (OnBeanCondition)

   WebMvcEndpointManagementContextConfiguration#controllerEndpointHandlerMapping matched:
      - @ConditionalOnMissingBean (types: org.springframework.boot.webmvc.actuate.endpoint.web.ControllerEndpointHandlerMapping; SearchStrategy: all) did not find any beans (OnBeanCondition)

   WebMvcEndpointManagementContextConfiguration#endpointJsonMapperWebMvcConfigurer matched:
      - @ConditionalOnBean (types: org.springframework.boot.actuate.endpoint.jackson.EndpointJsonMapper; SearchStrategy: all) found bean 'endpointJsonMapper' (OnBeanCondition)

   WebMvcEndpointManagementContextConfiguration#webEndpointServletHandlerMapping matched:
      - @ConditionalOnMissingBean (types: org.springframework.boot.webmvc.actuate.endpoint.web.WebMvcEndpointHandlerMapping; SearchStrategy: all) did not find any beans (OnBeanCondition)

   WebMvcEndpointManagementContextConfiguration.HealthConfiguration matched:
      - @ConditionalOnClass found required class 'org.springframework.boot.health.actuate.endpoint.HealthEndpoint' (OnClassCondition)

   WebMvcHealthEndpointExtensionAutoConfiguration matched:
      - @ConditionalOnClass found required class 'org.springframework.boot.health.actuate.endpoint.HealthEndpoint' (OnClassCondition)
      - found 'session' scope (OnWebApplicationCondition)
      - @ConditionalOnAvailableEndpoint marked as exposed by a 'management.endpoints.web.exposure' property (OnAvailableEndpointCondition)
      - @ConditionalOnBean (types: org.springframework.boot.health.actuate.endpoint.HealthEndpoint,org.springframework.boot.actuate.endpoint.web.WebEndpointsSupplier,org.springframework.boot.health.actuate.endpoint.HealthEndpointGroups; SearchStrategy: all) found beans 'webEndpointDiscoverer', 'healthEndpoint', 'healthEndpointGroups' (OnBeanCondition)

   WebMvcMappingsAutoConfiguration matched:
      - @ConditionalOnClass found required classes 'org.springframework.boot.actuate.autoconfigure.endpoint.condition.ConditionalOnAvailableEndpoint', 'org.springframework.web.servlet.DispatcherServlet', 'org.springframework.boot.actuate.web.mappings.MappingsEndpoint' (OnClassCondition)
      - found 'session' scope (OnWebApplicationCondition)
      - @ConditionalOnAvailableEndpoint marked as exposed by a 'management.endpoints.web.exposure' property (OnAvailableEndpointCondition)
      - @ConditionalOnBean (types: org.springframework.web.servlet.DispatcherServlet; SearchStrategy: all) found bean 'dispatcherServlet' (OnBeanCondition)

   WebMvcObservationAutoConfiguration matched:
      - @ConditionalOnClass found required classes 'org.springframework.web.servlet.DispatcherServlet', 'io.micrometer.observation.Observation', 'org.springframework.boot.micrometer.observation.autoconfigure.ObservationProperties' (OnClassCondition)
      - found 'session' scope (OnWebApplicationCondition)
      - @ConditionalOnBean (types: io.micrometer.observation.ObservationRegistry; SearchStrategy: all) found bean 'observationRegistry' (OnBeanCondition)

   WebMvcObservationAutoConfiguration#webMvcObservationFilter matched:
      - @ConditionalOnMissingBean (types: org.springframework.web.filter.ServerHttpObservationFilter; SearchStrategy: all) did not find any beans (OnBeanCondition)

   WebMvcObservationAutoConfiguration.MeterFilterConfiguration matched:
      - @ConditionalOnClass found required classes 'io.micrometer.core.instrument.MeterRegistry', 'org.springframework.boot.micrometer.metrics.autoconfigure.MetricsProperties' (OnClassCondition)
      - @ConditionalOnBean (types: io.micrometer.core.instrument.MeterRegistry; SearchStrategy: all) found bean 'simpleMeterRegistry' (OnBeanCondition)


Negative matches:
-----------------

   AopAutoConfiguration.AspectJAutoProxyingConfiguration:
      Did not match:
         - @ConditionalOnClass did not find required class 'org.aspectj.weaver.Advice' (OnClassCondition)

   AppOpticsMetricsExportAutoConfiguration:
      Did not match:
         - @ConditionalOnClass did not find required class 'io.micrometer.appoptics.AppOpticsMeterRegistry' (OnClassCondition)

   AtlasMetricsExportAutoConfiguration:
      Did not match:
         - @ConditionalOnClass did not find required class 'io.micrometer.atlas.AtlasMeterRegistry' (OnClassCondition)

   AuditAutoConfiguration:
      Did not match:
         - @ConditionalOnBean (types: org.springframework.boot.actuate.audit.AuditEventRepository; SearchStrategy: all) did not find any beans of type org.springframework.boot.actuate.audit.AuditEventRepository (OnBeanCondition)
      Matched:
         - @ConditionalOnBooleanProperty (management.auditevents.enabled=true) matched (OnPropertyCondition)

   AuditEventsEndpointAutoConfiguration#auditEventsEndpoint:
      Did not match:
         - @ConditionalOnBean (types: org.springframework.boot.actuate.audit.AuditEventRepository; SearchStrategy: all) did not find any beans of type org.springframework.boot.actuate.audit.AuditEventRepository (OnBeanCondition)

   AvailabilityHealthContributorAutoConfiguration#livenessStateHealthIndicator:
      Did not match:
         - @ConditionalOnBooleanProperty (management.health.livenessstate.enabled=true) did not find property 'management.health.livenessstate.enabled' (OnPropertyCondition)

   AvailabilityHealthContributorAutoConfiguration#readinessStateHealthIndicator:
      Did not match:
         - @ConditionalOnBooleanProperty (management.health.readinessstate.enabled=true) did not find property 'management.health.readinessstate.enabled' (OnPropertyCondition)

   CompositeMeterRegistryConfiguration:
      Did not match:
         - NoneNestedConditions 1 matched 1 did not; NestedCondition on CompositeMeterRegistryConfiguration.MultipleNonPrimaryMeterRegistriesCondition.SingleInjectableMeterRegistry @ConditionalOnSingleCandidate (types: io.micrometer.core.instrument.MeterRegistry; SearchStrategy: all) found a single bean 'simpleMeterRegistry'; NestedCondition on CompositeMeterRegistryConfiguration.MultipleNonPrimaryMeterRegistriesCondition.NoMeterRegistryCondition @ConditionalOnMissingBean (types: io.micrometer.core.instrument.MeterRegistry; SearchStrategy: all) found beans of type 'io.micrometer.core.instrument.MeterRegistry' simpleMeterRegistry (CompositeMeterRegistryConfiguration.MultipleNonPrimaryMeterRegistriesCondition)

   DataSourceAutoConfiguration.EmbeddedDatabaseConfiguration:
      Did not match:
         - EmbeddedDataSource found supported pooled data source (DataSourceAutoConfiguration.EmbeddedDatabaseCondition)

   DataSourceCheckpointRestoreConfiguration:
      Did not match:
         - @ConditionalOnClass did not find required class 'org.crac.Resource' (OnClassCondition)

   DataSourceConfiguration.Dbcp2:
      Did not match:
         - @ConditionalOnClass did not find required class 'org.apache.commons.dbcp2.BasicDataSource' (OnClassCondition)

   DataSourceConfiguration.Generic:
      Did not match:
         - @ConditionalOnProperty (spring.datasource.type) did not find property 'spring.datasource.type' (OnPropertyCondition)

   DataSourceConfiguration.OracleUcp:
      Did not match:
         - @ConditionalOnClass did not find required classes 'oracle.ucp.jdbc.PoolDataSourceImpl', 'oracle.jdbc.OracleConnection' (OnClassCondition)

   DataSourceConfiguration.Tomcat:
      Did not match:
         - @ConditionalOnClass did not find required class 'org.apache.tomcat.jdbc.pool.DataSource' (OnClassCondition)

   DataSourceJmxConfiguration.TomcatDataSourceJmxConfiguration:
      Did not match:
         - @ConditionalOnClass did not find required class 'org.apache.tomcat.jdbc.pool.DataSourceProxy' (OnClassCondition)

   DataSourcePoolMetadataProvidersConfiguration.CommonsDbcp2PoolDataSourceMetadataProviderConfiguration:
      Did not match:
         - @ConditionalOnClass did not find required class 'org.apache.commons.dbcp2.BasicDataSource' (OnClassCondition)

   DataSourcePoolMetadataProvidersConfiguration.OracleUcpPoolDataSourceMetadataProviderConfiguration:
      Did not match:
         - @ConditionalOnClass did not find required classes 'oracle.ucp.jdbc.PoolDataSource', 'oracle.jdbc.OracleConnection' (OnClassCondition)

   DataSourcePoolMetadataProvidersConfiguration.TomcatDataSourcePoolMetadataProviderConfiguration:
      Did not match:
         - @ConditionalOnClass did not find required class 'org.apache.tomcat.jdbc.pool.DataSource' (OnClassCondition)

   DatadogMetricsExportAutoConfiguration:
      Did not match:
         - @ConditionalOnClass did not find required class 'io.micrometer.datadog.DatadogMeterRegistry' (OnClassCondition)

   DispatcherServletAutoConfiguration.DispatcherServletConfiguration#multipartResolver:
      Did not match:
         - @ConditionalOnBean (types: org.springframework.web.multipart.MultipartResolver; SearchStrategy: all) did not find any beans of type org.springframework.web.multipart.MultipartResolver (OnBeanCondition)

   DynatraceMetricsExportAutoConfiguration:
      Did not match:
         - @ConditionalOnClass did not find required class 'io.micrometer.dynatrace.DynatraceMeterRegistry' (OnClassCondition)

   ElasticMetricsExportAutoConfiguration:
      Did not match:
         - @ConditionalOnClass did not find required class 'io.micrometer.elastic.ElasticMeterRegistry' (OnClassCondition)

   GangliaMetricsExportAutoConfiguration:
      Did not match:
         - @ConditionalOnClass did not find required class 'io.micrometer.ganglia.GangliaMeterRegistry' (OnClassCondition)

   GraphiteMetricsExportAutoConfiguration:
      Did not match:
         - @ConditionalOnClass did not find required class 'io.micrometer.graphite.GraphiteMeterRegistry' (OnClassCondition)

   GsonHttpMessageConvertersConfiguration:
      Did not match:
         - @ConditionalOnClass did not find required class 'com.google.gson.Gson' (OnClassCondition)

   H2ConsoleAutoConfiguration:
      Did not match:
         - @ConditionalOnBooleanProperty (spring.h2.console.enabled=true) did not find property 'spring.h2.console.enabled' (OnPropertyCondition)
      Matched:
         - @ConditionalOnClass found required class 'org.h2.server.web.JakartaWebServlet' (OnClassCondition)
         - found 'session' scope (OnWebApplicationCondition)

   HealthContributorRegistryAutoConfiguration.ReactiveHealthContributorRegistryConfiguration:
      Did not match:
         - @ConditionalOnClass did not find required class 'reactor.core.publisher.Flux' (OnClassCondition)

   HealthEndpointReactiveWebExtensionConfiguration:
      Did not match:
         - did not find reactive web application classes (OnWebApplicationCondition)

   HeapDumpWebEndpointAutoConfiguration:
      Did not match:
         - @ConditionalOnAvailableEndpoint the configured access for endpoint 'heapdump' is NONE (OnAvailableEndpointCondition)

   HttpExchangesEndpointAutoConfiguration#httpExchangesEndpoint:
      Did not match:
         - @ConditionalOnBean (types: org.springframework.boot.actuate.web.exchanges.HttpExchangeRepository; SearchStrategy: all) did not find any beans of type org.springframework.boot.actuate.web.exchanges.HttpExchangeRepository (OnBeanCondition)

   HumioMetricsExportAutoConfiguration:
      Did not match:
         - @ConditionalOnClass did not find required class 'io.micrometer.humio.HumioMeterRegistry' (OnClassCondition)

   InfluxMetricsExportAutoConfiguration:
      Did not match:
         - @ConditionalOnClass did not find required class 'io.micrometer.influx.InfluxMeterRegistry' (OnClassCondition)

   InfoContributorAutoConfiguration#buildInfoContributor:
      Did not match:
         - @ConditionalOnSingleCandidate (types: org.springframework.boot.info.BuildProperties; SearchStrategy: all) did not find any beans (OnBeanCondition)
      Matched:
         - @ConditionalOnEnabledInfoContributor management.info.defaults.enabled is considered true (OnEnabledInfoContributorCondition)

   InfoContributorAutoConfiguration#envInfoContributor:
      Did not match:
         - @ConditionalOnEnabledInfoContributor management.info.env.enabled is not true (OnEnabledInfoContributorCondition)

   InfoContributorAutoConfiguration#gitInfoContributor:
      Did not match:
         - @ConditionalOnSingleCandidate (types: org.springframework.boot.info.GitProperties; SearchStrategy: all) did not find any beans (OnBeanCondition)
      Matched:
         - @ConditionalOnEnabledInfoContributor management.info.defaults.enabled is considered true (OnEnabledInfoContributorCondition)

   InfoContributorAutoConfiguration#javaInfoContributor:
      Did not match:
         - @ConditionalOnEnabledInfoContributor management.info.java.enabled is not true (OnEnabledInfoContributorCondition)

   InfoContributorAutoConfiguration#osInfoContributor:
      Did not match:
         - @ConditionalOnEnabledInfoContributor management.info.os.enabled is not true (OnEnabledInfoContributorCondition)

   InfoContributorAutoConfiguration#processInfoContributor:
      Did not match:
         - @ConditionalOnEnabledInfoContributor management.info.process.enabled is not true (OnEnabledInfoContributorCondition)

   InfoContributorAutoConfiguration#sslInfo:
      Did not match:
         - @ConditionalOnEnabledInfoContributor management.info.ssl.enabled is not true (OnEnabledInfoContributorCondition)
      Matched:
         - @ConditionalOnMissingBean (types: org.springframework.boot.info.SslInfo; SearchStrategy: all) did not find any beans (OnBeanCondition)

   InfoContributorAutoConfiguration#sslInfoContributor:
      Did not match:
         - @ConditionalOnEnabledInfoContributor management.info.ssl.enabled is not true (OnEnabledInfoContributorCondition)

   Jackson2EndpointAutoConfiguration:
      Did not match:
         - @ConditionalOnClass did not find required class 'com.fasterxml.jackson.databind.ObjectMapper' (OnClassCondition)

   Jackson2HttpMessageConvertersConfiguration.MappingJackson2HttpMessageConverterConfiguration:
      Did not match:
         - @ConditionalOnClass did not find required class 'com.fasterxml.jackson.databind.ObjectMapper' (OnClassCondition)

   Jackson2HttpMessageConvertersConfiguration.MappingJackson2XmlHttpMessageConverterConfiguration:
      Did not match:
         - @ConditionalOnClass did not find required class 'com.fasterxml.jackson.dataformat.xml.XmlMapper' (OnClassCondition)

   JacksonAutoConfiguration.CborConfiguration:
      Did not match:
         - @ConditionalOnClass did not find required class 'tools.jackson.dataformat.cbor.CBORMapper' (OnClassCondition)

   JacksonAutoConfiguration.XmlConfiguration:
      Did not match:
         - @ConditionalOnClass did not find required class 'tools.jackson.dataformat.xml.XmlMapper' (OnClassCondition)

   JacksonHttpMessageConvertersConfiguration.JacksonXmlHttpMessageConverterConfiguration:
      Did not match:
         - @ConditionalOnClass did not find required class 'tools.jackson.dataformat.xml.XmlMapper' (OnClassCondition)

   JmxEndpointAutoConfiguration.JmxJackson2EndpointConfiguration:
      Did not match:
         - @ConditionalOnClass did not find required class 'com.fasterxml.jackson.databind.ObjectMapper' (OnClassCondition)

   JmxMetricsExportAutoConfiguration:
      Did not match:
         - @ConditionalOnClass did not find required class 'io.micrometer.jmx.JmxMeterRegistry' (OnClassCondition)

   JndiDataSourceAutoConfiguration:
      Did not match:
         - @ConditionalOnProperty (spring.datasource.jndi-name) did not find property 'spring.datasource.jndi-name' (OnPropertyCondition)
      Matched:
         - @ConditionalOnClass found required classes 'javax.sql.DataSource', 'org.springframework.jdbc.datasource.embedded.EmbeddedDatabaseType' (OnClassCondition)

   JsonbHttpMessageConvertersConfiguration:
      Did not match:
         - @ConditionalOnClass did not find required class 'jakarta.json.bind.Jsonb' (OnClassCondition)

   JtaAutoConfiguration:
      Did not match:
         - @ConditionalOnClass did not find required class 'jakarta.transaction.Transaction' (OnClassCondition)

   JvmMetricsAutoConfiguration.VirtualThreadMetricsConfiguration:
      Did not match:
         - @ConditionalOnClass did not find required class 'io.micrometer.java21.instrument.binder.jdk.VirtualThreadMetrics' (OnClassCondition)

   KairosMetricsExportAutoConfiguration:
      Did not match:
         - @ConditionalOnClass did not find required class 'io.micrometer.kairos.KairosMeterRegistry' (OnClassCondition)

   KotlinSerializationHttpMessageConvertersConfiguration:
      Did not match:
         - @ConditionalOnClass did not find required classes 'kotlinx.serialization.Serializable', 'kotlinx.serialization.json.Json' (OnClassCondition)

   Log4J2MetricsAutoConfiguration:
      Did not match:
         - @ConditionalOnClass did not find required class 'org.apache.logging.log4j.core.LoggerContext' (OnClassCondition)

   ManagementContextAutoConfiguration.DifferentManagementContextConfiguration:
      Did not match:
         - Management Port actual port type (SAME) did not match required type (DIFFERENT) (OnManagementPortCondition)

   ManagementWebSecurityAutoConfiguration:
      Did not match:
         - AllNestedConditions 1 matched 1 did not; NestedCondition on DefaultWebSecurityCondition.Beans @ConditionalOnMissingBean (types: org.springframework.security.web.SecurityFilterChain; SearchStrategy: all) found beans of type 'org.springframework.security.web.SecurityFilterChain' securityFilterChain; NestedCondition on DefaultWebSecurityCondition.Classes @ConditionalOnClass found required classes 'org.springframework.security.web.SecurityFilterChain', 'org.springframework.security.config.annotation.web.builders.HttpSecurity' (DefaultWebSecurityCondition)
      Matched:
         - @ConditionalOnClass found required classes 'org.springframework.security.web.util.matcher.RequestMatcher', 'org.springframework.boot.actuate.autoconfigure.endpoint.web.WebEndpointAutoConfiguration' (OnClassCondition)
         - found 'session' scope (OnWebApplicationCondition)

   MessageSourceAutoConfiguration:
      Did not match:
         - ResourceBundle did not find bundle with basename messages (MessageSourceAutoConfiguration.ResourceBundleCondition)

   MetricsAspectsAutoConfiguration:
      Did not match:
         - @ConditionalOnClass did not find required class 'org.aspectj.weaver.Advice' (OnClassCondition)

   NewRelicMetricsExportAutoConfiguration:
      Did not match:
         - @ConditionalOnClass did not find required class 'io.micrometer.newrelic.NewRelicMeterRegistry' (OnClassCondition)

   NoOpMeterRegistryConfiguration:
      Did not match:
         - @ConditionalOnMissingBean (types: io.micrometer.core.instrument.MeterRegistry; SearchStrategy: all) found beans of type 'io.micrometer.core.instrument.MeterRegistry' simpleMeterRegistry (OnBeanCondition)

   ObservationAutoConfiguration.ObservedAspectConfiguration:
      Did not match:
         - @ConditionalOnClass did not find required class 'org.aspectj.weaver.Advice' (OnClassCondition)

   OtlpMetricsExportAutoConfiguration:
      Did not match:
         - @ConditionalOnClass did not find required class 'io.micrometer.registry.otlp.OtlpMeterRegistry' (OnClassCondition)

   ProjectInfoAutoConfiguration#buildProperties:
      Did not match:
         - @ConditionalOnResource did not find resource '${spring.info.build.location:classpath:META-INF/build-info.properties}' (OnResourceCondition)

   ProjectInfoAutoConfiguration#gitProperties:
      Did not match:
         - GitResource did not find git info at classpath:git.properties (ProjectInfoAutoConfiguration.GitResourceAvailableCondition)

   PrometheusMetricsExportAutoConfiguration:
      Did not match:
         - @ConditionalOnClass did not find required class 'io.micrometer.prometheusmetrics.PrometheusMeterRegistry' (OnClassCondition)

   RSocketSecurityAutoConfiguration:
      Did not match:
         - @ConditionalOnClass did not find required class 'org.springframework.boot.rsocket.server.RSocketServerCustomizer' (OnClassCondition)

   ReactiveManagementWebSecurityAutoConfiguration:
      Did not match:
         - @ConditionalOnWebApplication did not find reactive web application classes (OnWebApplicationCondition)

   ReactiveUserDetailsServiceAutoConfiguration:
      Did not match:
         - AnyNestedCondition 0 matched 2 did not; NestedCondition on ReactiveUserDetailsServiceAutoConfiguration.RSocketEnabledOrReactiveWebApplication.ReactiveWebApplicationCondition did not find reactive web application classes; NestedCondition on ReactiveUserDetailsServiceAutoConfiguration.RSocketEnabledOrReactiveWebApplication.RSocketSecurityEnabledCondition @ConditionalOnBean (types: org.springframework.messaging.rsocket.annotation.support.RSocketMessageHandler; SearchStrategy: all) did not find any beans of type org.springframework.messaging.rsocket.annotation.support.RSocketMessageHandler (ReactiveUserDetailsServiceAutoConfiguration.RSocketEnabledOrReactiveWebApplication)
      Matched:
         - @ConditionalOnClass found required class 'org.springframework.security.authentication.ReactiveAuthenticationManager' (OnClassCondition)
         - AnyNestedCondition 1 matched 2 did not; NestedCondition on MissingAlternativeUserDetailsManagerOrUserPropertiesConfigured.PasswordConfigured @ConditionalOnProperty (spring.security.user.password) did not find property 'spring.security.user.password'; NestedCondition on MissingAlternativeUserDetailsManagerOrUserPropertiesConfigured.NameConfigured @ConditionalOnProperty (spring.security.user.name) did not find property 'spring.security.user.name'; NestedCondition on MissingAlternativeUserDetailsManagerOrUserPropertiesConfigured.MissingAlternative @ConditionalOnMissingClass did not find unwanted classes 'org.springframework.security.oauth2.client.registration.ClientRegistrationRepository', 'org.springframework.security.oauth2.server.resource.introspection.OpaqueTokenIntrospector', 'org.springframework.security.saml2.provider.service.registration.RelyingPartyRegistrationRepository' (MissingAlternativeUserDetailsManagerOrUserPropertiesConfigured)

   ReactiveWebSecurityAutoConfiguration:
      Did not match:
         - @ConditionalOnClass did not find required class 'reactor.core.publisher.Flux' (OnClassCondition)

   SecurityAutoConfiguration.SecurityDataConfiguration:
      Did not match:
         - @ConditionalOnClass did not find required class 'org.springframework.security.data.repository.query.SecurityEvaluationContextExtension' (OnClassCondition)

   SecurityRequestMatchersManagementContextConfiguration.JerseyRequestMatcherConfiguration:
      Did not match:
         - @ConditionalOnClass did not find required class 'org.glassfish.jersey.server.ResourceConfig' (OnClassCondition)

   ServletHttpExchangesAutoConfiguration:
      Did not match:
         - @ConditionalOnBean (types: org.springframework.boot.actuate.web.exchanges.HttpExchangeRepository; SearchStrategy: all) did not find any beans of type org.springframework.boot.actuate.web.exchanges.HttpExchangeRepository (OnBeanCondition)
      Matched:
         - found 'session' scope (OnWebApplicationCondition)
         - @ConditionalOnBooleanProperty (management.httpexchanges.recording.enabled=true) matched (OnPropertyCondition)

   ServletManagementContextAutoConfiguration.ApplicationContextFilterConfiguration:
      Did not match:
         - @ConditionalOnBooleanProperty (management.server.add-application-context-header=true) did not find property 'management.server.add-application-context-header' (OnPropertyCondition)

   ServletWebSecurityAutoConfiguration.EnableWebSecurityConfiguration:
      Did not match:
         - @ConditionalOnMissingBean (names: springSecurityFilterChain; SearchStrategy: all) found beans named springSecurityFilterChain (OnBeanCondition)
      Matched:
         - @ConditionalOnClass found required class 'org.springframework.security.config.annotation.web.configuration.EnableWebSecurity' (OnClassCondition)

   ServletWebSecurityAutoConfiguration.SecurityFilterChainConfiguration:
      Did not match:
         - AllNestedConditions 1 matched 1 did not; NestedCondition on DefaultWebSecurityCondition.Beans @ConditionalOnMissingBean (types: org.springframework.security.web.SecurityFilterChain; SearchStrategy: all) found beans of type 'org.springframework.security.web.SecurityFilterChain' securityFilterChain; NestedCondition on DefaultWebSecurityCondition.Classes @ConditionalOnClass found required classes 'org.springframework.security.web.SecurityFilterChain', 'org.springframework.security.config.annotation.web.builders.HttpSecurity' (DefaultWebSecurityCondition)

   ServletWebServerConfiguration#forwardedHeaderFilter:
      Did not match:
         - @ConditionalOnProperty (server.forward-headers-strategy=framework) did not find property 'server.forward-headers-strategy' (OnPropertyCondition)

   ShutdownEndpointAutoConfiguration:
      Did not match:
         - @ConditionalOnAvailableEndpoint the configured access for endpoint 'shutdown' is NONE (OnAvailableEndpointCondition)

   StackdriverMetricsExportAutoConfiguration:
      Did not match:
         - @ConditionalOnClass did not find required class 'io.micrometer.stackdriver.StackdriverMeterRegistry' (OnClassCondition)

   StartupEndpointAutoConfiguration:
      Did not match:
         - ApplicationStartup configured applicationStartup is of type class org.springframework.core.metrics.DefaultApplicationStartup, expected BufferingApplicationStartup. (StartupEndpointAutoConfiguration.ApplicationStartupCondition)

   StatsdMetricsExportAutoConfiguration:
      Did not match:
         - @ConditionalOnClass did not find required class 'io.micrometer.statsd.StatsdMeterRegistry' (OnClassCondition)

   TaskExecutorConfigurations.AsyncConfigurerWrapperConfiguration:
      Did not match:
         - @ConditionalOnBean (types: org.springframework.scheduling.annotation.AsyncConfigurer; SearchStrategy: all) did not find any beans of type org.springframework.scheduling.annotation.AsyncConfigurer (OnBeanCondition)

   TaskExecutorConfigurations.SimpleAsyncTaskExecutorBuilderConfiguration#simpleAsyncTaskExecutorBuilderVirtualThreads:
      Did not match:
         - @ConditionalOnMissingBean (types: org.springframework.boot.task.SimpleAsyncTaskExecutorBuilder; SearchStrategy: all) found beans of type 'org.springframework.boot.task.SimpleAsyncTaskExecutorBuilder' simpleAsyncTaskExecutorBuilder (OnBeanCondition)

   TaskExecutorConfigurations.TaskExecutorConfiguration#applicationTaskExecutorVirtualThreads:
      Did not match:
         - @ConditionalOnThreading did not find VIRTUAL (OnThreadingCondition)

   TaskSchedulingAutoConfiguration#scheduledBeanLazyInitializationExcludeFilter:
      Did not match:
         - @ConditionalOnBean (names: org.springframework.scheduling.config.internalScheduledAnnotationProcessor; SearchStrategy: all) did not find any beans named org.springframework.scheduling.config.internalScheduledAnnotationProcessor (OnBeanCondition)

   TaskSchedulingConfigurations.SimpleAsyncTaskSchedulerBuilderConfiguration#simpleAsyncTaskSchedulerBuilderVirtualThreads:
      Did not match:
         - @ConditionalOnMissingBean (types: org.springframework.boot.task.SimpleAsyncTaskSchedulerBuilder; SearchStrategy: all) found beans of type 'org.springframework.boot.task.SimpleAsyncTaskSchedulerBuilder' simpleAsyncTaskSchedulerBuilder (OnBeanCondition)

   TaskSchedulingConfigurations.TaskSchedulerConfiguration:
      Did not match:
         - @ConditionalOnBean (names: org.springframework.scheduling.config.internalScheduledAnnotationProcessor; SearchStrategy: all) did not find any beans named org.springframework.scheduling.config.internalScheduledAnnotationProcessor (OnBeanCondition)

   TomcatReactiveManagementContextAutoConfiguration:
      Did not match:
         - @ConditionalOnWebApplication did not find reactive web application classes (OnWebApplicationCondition)

   TomcatReactiveWebServerAutoConfiguration:
      Did not match:
         - @ConditionalOnWebApplication did not find reactive web application classes (OnWebApplicationCondition)

   TomcatServletManagementContextAutoConfiguration:
      Did not match:
         - Management Port actual port type (SAME) did not match required type (DIFFERENT) (OnManagementPortCondition)
      Matched:
         - @ConditionalOnClass found required class 'org.springframework.boot.actuate.autoconfigure.web.server.ManagementContextFactory' (OnClassCondition)
         - found 'session' scope (OnWebApplicationCondition)

   TomcatServletWebServerAutoConfiguration#tomcatForwardedHeaderFilterCustomizer:
      Did not match:
         - @ConditionalOnProperty (server.forward-headers-strategy=framework) did not find property 'server.forward-headers-strategy' (OnPropertyCondition)

   TomcatWebServerConfiguration#tomcatVirtualThreadsProtocolHandlerCustomizer:
      Did not match:
         - @ConditionalOnThreading did not find VIRTUAL (OnThreadingCondition)

   TransactionAutoConfiguration#transactionalOperator:
      Did not match:
         - @ConditionalOnSingleCandidate (types: org.springframework.transaction.ReactiveTransactionManager; SearchStrategy: all) did not find any beans (OnBeanCondition)

   TransactionAutoConfiguration.AspectJTransactionManagementConfiguration:
      Did not match:
         - @ConditionalOnBean did not find required type 'org.springframework.transaction.aspectj.AbstractTransactionAspect' (OnBeanCondition)
         - @ConditionalOnBean (types: org.springframework.transaction.aspectj.AbstractTransactionAspect; SearchStrategy: all) did not find any beans of type org.springframework.transaction.aspectj.AbstractTransactionAspect (OnBeanCondition)

   TransactionAutoConfiguration.EnableTransactionManagementConfiguration.JdkDynamicAutoProxyConfiguration:
      Did not match:
         - @ConditionalOnBooleanProperty (spring.aop.proxy-target-class=false) did not find property 'spring.aop.proxy-target-class' (OnPropertyCondition)

   UserDetailsServiceAutoConfiguration:
      Did not match:
         - @ConditionalOnMissingBean (types: org.springframework.security.authentication.AuthenticationManager,org.springframework.security.authentication.AuthenticationProvider,org.springframework.security.core.userdetails.UserDetailsService,org.springframework.security.authentication.AuthenticationManagerResolver,org.springframework.security.oauth2.jwt.JwtDecoder; SearchStrategy: all) found beans of type 'org.springframework.security.core.userdetails.UserDetailsService' appUserDetailsService (OnBeanCondition)
      Matched:
         - @ConditionalOnClass found required class 'org.springframework.security.authentication.AuthenticationManager' (OnClassCondition)
         - found 'session' scope (OnWebApplicationCondition)
         - AnyNestedCondition 1 matched 2 did not; NestedCondition on MissingAlternativeUserDetailsManagerOrUserPropertiesConfigured.PasswordConfigured @ConditionalOnProperty (spring.security.user.password) did not find property 'spring.security.user.password'; NestedCondition on MissingAlternativeUserDetailsManagerOrUserPropertiesConfigured.NameConfigured @ConditionalOnProperty (spring.security.user.name) did not find property 'spring.security.user.name'; NestedCondition on MissingAlternativeUserDetailsManagerOrUserPropertiesConfigured.MissingAlternative @ConditionalOnMissingClass did not find unwanted classes 'org.springframework.security.oauth2.client.registration.ClientRegistrationRepository', 'org.springframework.security.oauth2.server.resource.introspection.OpaqueTokenIntrospector', 'org.springframework.security.saml2.provider.service.registration.RelyingPartyRegistrationRepository' (MissingAlternativeUserDetailsManagerOrUserPropertiesConfigured)

   WebMvcAutoConfiguration#hiddenHttpMethodFilter:
      Did not match:
         - @ConditionalOnBooleanProperty (spring.mvc.hiddenmethod.filter.enabled=true) did not find property 'spring.mvc.hiddenmethod.filter.enabled' (OnPropertyCondition)

   WebMvcAutoConfiguration.ProblemDetailsErrorHandlingConfiguration:
      Did not match:
         - @ConditionalOnBooleanProperty (spring.mvc.problemdetails.enabled=true) did not find property 'spring.mvc.problemdetails.enabled' (OnPropertyCondition)

   WebMvcAutoConfiguration.ResourceChainCustomizerConfiguration:
      Did not match:
         - @ConditionalOnEnabledResourceChain did not find class org.webjars.WebJarVersionLocator (OnEnabledResourceChainCondition)

   WebMvcAutoConfiguration.WebMvcAutoConfigurationAdapter#beanNameViewResolver:
      Did not match:
         - @ConditionalOnMissingBean (types: org.springframework.web.servlet.view.BeanNameViewResolver; SearchStrategy: all) found beans of type 'org.springframework.web.servlet.view.BeanNameViewResolver' beanNameViewResolver (OnBeanCondition)

   WebMvcEndpointManagementContextConfiguration#endpointJackson2ObjectMapperWebMvcConfigurer:
      Did not match:
         - @ConditionalOnBean (types: org.springframework.boot.actuate.endpoint.jackson.EndpointJackson2ObjectMapper; SearchStrategy: all) did not find any beans of type org.springframework.boot.actuate.endpoint.jackson.EndpointJackson2ObjectMapper (OnBeanCondition)

   WebMvcEndpointManagementContextConfiguration.HealthConfiguration#managementHealthEndpointWebMvcHandlerMapping:
      Did not match:
         - Management Port actual port type (SAME) did not match required type (DIFFERENT) (OnManagementPortCondition)

   XADataSourceAutoConfiguration:
      Did not match:
         - @ConditionalOnClass did not find required class 'jakarta.transaction.TransactionManager' (OnClassCondition)


Exclusions:
-----------

    None


Unconditional classes:
----------------------

    org.springframework.boot.health.autoconfigure.registry.HealthContributorRegistryAutoConfiguration

    org.springframework.boot.autoconfigure.context.ConfigurationPropertiesAutoConfiguration

    org.springframework.boot.autoconfigure.ssl.SslAutoConfiguration

    org.springframework.boot.actuate.autoconfigure.info.InfoContributorAutoConfiguration

    org.springframework.boot.autoconfigure.context.PropertyPlaceholderAutoConfiguration

    org.springframework.boot.autoconfigure.context.LifecycleAutoConfiguration

    org.springframework.boot.actuate.autoconfigure.endpoint.EndpointAutoConfiguration

    org.springframework.boot.health.autoconfigure.contributor.HealthContributorAutoConfiguration

    org.springframework.boot.autoconfigure.availability.ApplicationAvailabilityAutoConfiguration

    org.springframework.boot.autoconfigure.info.ProjectInfoAutoConfiguration

    org.springframework.boot.actuate.autoconfigure.web.server.ManagementContextAutoConfiguration



2026-06-10T22:34:48.431-05:00  INFO 20976 --- [practice-basic-auth] [main] o.b.s.p.PracticeBasicAuthApplication     : Started PracticeBasicAuthApplication in 2.885 seconds (process running for 3.47)
2026-06-10T22:34:48.433-05:00 DEBUG 20976 --- [practice-basic-auth] [main] o.s.b.a.ApplicationAvailabilityBean      : Application availability state LivenessState changed to CORRECT
2026-06-10T22:34:48.435-05:00 DEBUG 20976 --- [practice-basic-auth] [main] o.s.b.a.ApplicationAvailabilityBean      : Application availability state ReadinessState changed to ACCEPTING_TRAFFIC
2026-06-10T22:34:48.768-05:00 DEBUG 20976 --- [practice-basic-auth] [RMI TCP Connection(1)-192.168.27.1] o.s.jdbc.datasource.DataSourceUtils      : Fetching JDBC Connection from DataSource
2026-06-10T22:34:48.769-05:00 DEBUG 20976 --- [practice-basic-auth] [RMI TCP Connection(1)-192.168.27.1] o.s.jdbc.datasource.DataSourceUtils      : Fetching JDBC Connection from DataSource
2026-06-10T22:34:48.772-05:00  INFO 20976 --- [practice-basic-auth] [RMI TCP Connection(4)-192.168.27.1] o.a.c.c.C.[Tomcat].[localhost].[/]       : Initializing Spring DispatcherServlet 'dispatcherServlet'
2026-06-10T22:34:48.773-05:00  INFO 20976 --- [practice-basic-auth] [RMI TCP Connection(4)-192.168.27.1] o.s.web.servlet.DispatcherServlet        : Initializing Servlet 'dispatcherServlet'
2026-06-10T22:34:48.773-05:00 DEBUG 20976 --- [practice-basic-auth] [RMI TCP Connection(4)-192.168.27.1] o.s.web.servlet.DispatcherServlet        : Detected StandardServletMultipartResolver
2026-06-10T22:34:48.773-05:00 DEBUG 20976 --- [practice-basic-auth] [RMI TCP Connection(4)-192.168.27.1] o.s.web.servlet.DispatcherServlet        : Detected AcceptHeaderLocaleResolver
2026-06-10T22:34:48.774-05:00 DEBUG 20976 --- [practice-basic-auth] [RMI TCP Connection(4)-192.168.27.1] o.s.web.servlet.DispatcherServlet        : Detected org.springframework.web.servlet.view.DefaultRequestToViewNameTranslator@7cce692
2026-06-10T22:34:48.775-05:00 DEBUG 20976 --- [practice-basic-auth] [RMI TCP Connection(4)-192.168.27.1] o.s.web.servlet.DispatcherServlet        : Detected org.springframework.web.servlet.support.SessionFlashMapManager@4a2ae831
2026-06-10T22:34:48.775-05:00 DEBUG 20976 --- [practice-basic-auth] [RMI TCP Connection(4)-192.168.27.1] o.s.web.servlet.DispatcherServlet        : enableLoggingRequestDetails='false': request parameters and headers will be masked to prevent unsafe logging of potentially sensitive data
2026-06-10T22:34:48.775-05:00  INFO 20976 --- [practice-basic-auth] [RMI TCP Connection(4)-192.168.27.1] o.s.web.servlet.DispatcherServlet        : Completed initialization in 2 ms
2026-06-10T22:35:16.503-05:00 TRACE 20976 --- [practice-basic-auth] [http-nio-8080-exec-1] o.s.security.web.FilterChainProxy        : Trying to match request against DefaultSecurityFilterChain defined as 'securityFilterChain' in [class path resource [org/bsr/springboot/practicebasicauth/security/SecurityConfig.class]] matching [any request] and having filters [DisableEncodeUrl, WebAsyncManagerIntegration, SecurityContextHolder, HeaderWriter, Logout, BasicAuthentication, RequestCacheAware, SecurityContextHolderAwareRequest, AnonymousAuthentication, SessionManagement, ExceptionTranslation, Authorization] (1/1)
2026-06-10T22:35:16.503-05:00 DEBUG 20976 --- [practice-basic-auth] [http-nio-8080-exec-1] o.s.security.web.FilterChainProxy        : Securing GET /admin/metrics
2026-06-10T22:35:16.504-05:00 TRACE 20976 --- [practice-basic-auth] [http-nio-8080-exec-1] o.s.security.web.FilterChainProxy        : Invoking DisableEncodeUrlFilter (1/12)
2026-06-10T22:35:16.507-05:00 TRACE 20976 --- [practice-basic-auth] [http-nio-8080-exec-1] o.s.security.web.FilterChainProxy        : Invoking WebAsyncManagerIntegrationFilter (2/12)
2026-06-10T22:35:16.509-05:00 TRACE 20976 --- [practice-basic-auth] [http-nio-8080-exec-1] o.s.security.web.FilterChainProxy        : Invoking SecurityContextHolderFilter (3/12)
2026-06-10T22:35:16.509-05:00 TRACE 20976 --- [practice-basic-auth] [http-nio-8080-exec-1] o.s.security.web.FilterChainProxy        : Invoking HeaderWriterFilter (4/12)
2026-06-10T22:35:16.511-05:00 TRACE 20976 --- [practice-basic-auth] [http-nio-8080-exec-1] o.s.security.web.FilterChainProxy        : Invoking LogoutFilter (5/12)
2026-06-10T22:35:16.512-05:00 TRACE 20976 --- [practice-basic-auth] [http-nio-8080-exec-1] o.s.s.w.a.logout.LogoutFilter            : Did not match request to Or [PathPattern [GET /logout], PathPattern [POST /logout], PathPattern [PUT /logout], PathPattern [DELETE /logout]]
2026-06-10T22:35:16.512-05:00 TRACE 20976 --- [practice-basic-auth] [http-nio-8080-exec-1] o.s.security.web.FilterChainProxy        : Invoking BasicAuthenticationFilter (6/12)
2026-06-10T22:35:16.513-05:00 TRACE 20976 --- [practice-basic-auth] [http-nio-8080-exec-1] o.s.s.w.a.www.BasicAuthenticationFilter  : Found username 'admin1' in Basic Authorization header
2026-06-10T22:35:16.514-05:00 TRACE 20976 --- [practice-basic-auth] [http-nio-8080-exec-1] .s.s.w.c.SupplierDeferredSecurityContext : Created SecurityContextImpl [Null authentication]
2026-06-10T22:35:16.514-05:00 TRACE 20976 --- [practice-basic-auth] [http-nio-8080-exec-1] o.s.s.authentication.ProviderManager     : Authenticating request with DaoAuthenticationProvider (1/1)
2026-06-10T22:35:16.785-05:00 DEBUG 20976 --- [practice-basic-auth] [http-nio-8080-exec-1] o.s.jdbc.core.JdbcTemplate               : Executing prepared SQL query
2026-06-10T22:35:16.785-05:00 DEBUG 20976 --- [practice-basic-auth] [http-nio-8080-exec-1] o.s.jdbc.core.JdbcTemplate               : Executing prepared SQL statement [SELECT USERNAME, HASHED_PASSWORD, STATUS, CREATED_AT, UPDATED_AT FROM USERS WHERE USERNAME = ?]
2026-06-10T22:35:16.786-05:00 DEBUG 20976 --- [practice-basic-auth] [http-nio-8080-exec-1] o.s.jdbc.datasource.DataSourceUtils      : Fetching JDBC Connection from DataSource
2026-06-10T22:35:16.805-05:00 DEBUG 20976 --- [practice-basic-auth] [http-nio-8080-exec-1] o.s.jdbc.core.JdbcTemplate               : Executing prepared SQL query
2026-06-10T22:35:16.806-05:00 DEBUG 20976 --- [practice-basic-auth] [http-nio-8080-exec-1] o.s.jdbc.core.JdbcTemplate               : Executing prepared SQL statement [SELECT ROLE_NAME FROM USER_ROLES WHERE USERNAME = ?]
2026-06-10T22:35:16.806-05:00 DEBUG 20976 --- [practice-basic-auth] [http-nio-8080-exec-1] o.s.jdbc.datasource.DataSourceUtils      : Fetching JDBC Connection from DataSource
2026-06-10T22:35:16.876-05:00 DEBUG 20976 --- [practice-basic-auth] [http-nio-8080-exec-1] o.s.s.a.dao.DaoAuthenticationProvider    : Authenticated user
2026-06-10T22:35:16.877-05:00 DEBUG 20976 --- [practice-basic-auth] [http-nio-8080-exec-1] o.s.s.w.a.www.BasicAuthenticationFilter  : Set SecurityContextHolder to UsernamePasswordAuthenticationToken [Principal=org.bsr.springboot.practicebasicauth.security.AppUserPrincipal@a3d7328, Credentials=[PROTECTED], Authenticated=true, Details=WebAuthenticationDetails [RemoteIpAddress=0:0:0:0:0:0:0:1, SessionId=null], Granted Authorities=[ROLE_ADMIN, ROLE_USER, FactorGrantedAuthority [authority=FACTOR_PASSWORD, issuedAt=2026-06-11T03:35:16.876029600Z]]]
2026-06-10T22:35:16.877-05:00 TRACE 20976 --- [practice-basic-auth] [http-nio-8080-exec-1] o.s.security.web.FilterChainProxy        : Invoking RequestCacheAwareFilter (7/12)
2026-06-10T22:35:16.877-05:00 TRACE 20976 --- [practice-basic-auth] [http-nio-8080-exec-1] o.s.security.web.FilterChainProxy        : Invoking SecurityContextHolderAwareRequestFilter (8/12)
2026-06-10T22:35:16.878-05:00 TRACE 20976 --- [practice-basic-auth] [http-nio-8080-exec-1] o.s.security.web.FilterChainProxy        : Invoking AnonymousAuthenticationFilter (9/12)
2026-06-10T22:35:16.878-05:00 TRACE 20976 --- [practice-basic-auth] [http-nio-8080-exec-1] o.s.security.web.FilterChainProxy        : Invoking SessionManagementFilter (10/12)
2026-06-10T22:35:16.878-05:00 TRACE 20976 --- [practice-basic-auth] [http-nio-8080-exec-1] o.s.s.w.a.AnonymousAuthenticationFilter  : Did not set SecurityContextHolder since already authenticated UsernamePasswordAuthenticationToken [Principal=org.bsr.springboot.practicebasicauth.security.AppUserPrincipal@a3d7328, Credentials=[PROTECTED], Authenticated=true, Details=WebAuthenticationDetails [RemoteIpAddress=0:0:0:0:0:0:0:1, SessionId=null], Granted Authorities=[ROLE_ADMIN, ROLE_USER, FactorGrantedAuthority [authority=FACTOR_PASSWORD, issuedAt=2026-06-11T03:35:16.876029600Z]]]
2026-06-10T22:35:16.878-05:00 TRACE 20976 --- [practice-basic-auth] [http-nio-8080-exec-1] s.CompositeSessionAuthenticationStrategy : Preparing session with ChangeSessionIdAuthenticationStrategy (1/1)
2026-06-10T22:35:16.878-05:00 TRACE 20976 --- [practice-basic-auth] [http-nio-8080-exec-1] o.s.security.web.FilterChainProxy        : Invoking ExceptionTranslationFilter (11/12)
2026-06-10T22:35:16.878-05:00 TRACE 20976 --- [practice-basic-auth] [http-nio-8080-exec-1] o.s.security.web.FilterChainProxy        : Invoking AuthorizationFilter (12/12)
2026-06-10T22:35:16.879-05:00 TRACE 20976 --- [practice-basic-auth] [http-nio-8080-exec-1] estMatcherDelegatingAuthorizationManager : Authorizing GET /admin/metrics
2026-06-10T22:35:16.879-05:00 TRACE 20976 --- [practice-basic-auth] [http-nio-8080-exec-1] estMatcherDelegatingAuthorizationManager : Checking authorization on GET /admin/metrics using org.springframework.security.authorization.SingleResultAuthorizationManager@5854cbb1
2026-06-10T22:35:16.881-05:00 TRACE 20976 --- [practice-basic-auth] [http-nio-8080-exec-1] o.s.s.w.a.ExceptionTranslationFilter     : Sending UsernamePasswordAuthenticationToken [Principal=org.bsr.springboot.practicebasicauth.security.AppUserPrincipal@a3d7328, Credentials=[PROTECTED], Authenticated=true, Details=WebAuthenticationDetails [RemoteIpAddress=0:0:0:0:0:0:0:1, SessionId=null], Granted Authorities=[ROLE_ADMIN, ROLE_USER, FactorGrantedAuthority [authority=FACTOR_PASSWORD, issuedAt=2026-06-11T03:35:16.876029600Z]]] to access denied handler since access is denied

org.springframework.security.authorization.AuthorizationDeniedException: Access Denied
	at org.springframework.security.web.access.intercept.AuthorizationFilter.doFilter(AuthorizationFilter.java:99) ~[spring-security-web-7.0.5.jar:7.0.5]
	at org.springframework.security.web.ObservationFilterChainDecorator$ObservationFilter.wrapFilter(ObservationFilterChainDecorator.java:244) ~[spring-security-web-7.0.5.jar:7.0.5]
	at org.springframework.security.web.ObservationFilterChainDecorator$ObservationFilter.doFilter(ObservationFilterChainDecorator.java:231) ~[spring-security-web-7.0.5.jar:7.0.5]
	at org.springframework.security.web.ObservationFilterChainDecorator$VirtualFilterChain.doFilter(ObservationFilterChainDecorator.java:141) ~[spring-security-web-7.0.5.jar:7.0.5]
	at org.springframework.security.web.access.ExceptionTranslationFilter.doFilter(ExceptionTranslationFilter.java:126) ~[spring-security-web-7.0.5.jar:7.0.5]
	at org.springframework.security.web.access.ExceptionTranslationFilter.doFilter(ExceptionTranslationFilter.java:120) ~[spring-security-web-7.0.5.jar:7.0.5]
	at org.springframework.security.web.ObservationFilterChainDecorator$ObservationFilter.wrapFilter(ObservationFilterChainDecorator.java:244) ~[spring-security-web-7.0.5.jar:7.0.5]
	at org.springframework.security.web.ObservationFilterChainDecorator$ObservationFilter.doFilter(ObservationFilterChainDecorator.java:231) ~[spring-security-web-7.0.5.jar:7.0.5]
	at org.springframework.security.web.ObservationFilterChainDecorator$VirtualFilterChain.doFilter(ObservationFilterChainDecorator.java:141) ~[spring-security-web-7.0.5.jar:7.0.5]
	at org.springframework.security.web.session.SessionManagementFilter.doFilter(SessionManagementFilter.java:132) ~[spring-security-web-7.0.5.jar:7.0.5]
	at org.springframework.security.web.session.SessionManagementFilter.doFilter(SessionManagementFilter.java:86) ~[spring-security-web-7.0.5.jar:7.0.5]
	at org.springframework.security.web.ObservationFilterChainDecorator$ObservationFilter.wrapFilter(ObservationFilterChainDecorator.java:244) ~[spring-security-web-7.0.5.jar:7.0.5]
	at org.springframework.security.web.ObservationFilterChainDecorator$ObservationFilter.doFilter(ObservationFilterChainDecorator.java:231) ~[spring-security-web-7.0.5.jar:7.0.5]
	at org.springframework.security.web.ObservationFilterChainDecorator$VirtualFilterChain.doFilter(ObservationFilterChainDecorator.java:141) ~[spring-security-web-7.0.5.jar:7.0.5]
	at org.springframework.security.web.authentication.AnonymousAuthenticationFilter.doFilter(AnonymousAuthenticationFilter.java:100) ~[spring-security-web-7.0.5.jar:7.0.5]
	at org.springframework.security.web.ObservationFilterChainDecorator$ObservationFilter.wrapFilter(ObservationFilterChainDecorator.java:244) ~[spring-security-web-7.0.5.jar:7.0.5]
	at org.springframework.security.web.ObservationFilterChainDecorator$ObservationFilter.doFilter(ObservationFilterChainDecorator.java:231) ~[spring-security-web-7.0.5.jar:7.0.5]
	at org.springframework.security.web.ObservationFilterChainDecorator$VirtualFilterChain.doFilter(ObservationFilterChainDecorator.java:141) ~[spring-security-web-7.0.5.jar:7.0.5]
	at org.springframework.security.web.servletapi.SecurityContextHolderAwareRequestFilter.doFilter(SecurityContextHolderAwareRequestFilter.java:181) ~[spring-security-web-7.0.5.jar:7.0.5]
	at org.springframework.security.web.ObservationFilterChainDecorator$ObservationFilter.wrapFilter(ObservationFilterChainDecorator.java:244) ~[spring-security-web-7.0.5.jar:7.0.5]
	at org.springframework.security.web.ObservationFilterChainDecorator$ObservationFilter.doFilter(ObservationFilterChainDecorator.java:231) ~[spring-security-web-7.0.5.jar:7.0.5]
	at org.springframework.security.web.ObservationFilterChainDecorator$VirtualFilterChain.doFilter(ObservationFilterChainDecorator.java:141) ~[spring-security-web-7.0.5.jar:7.0.5]
	at org.springframework.security.web.savedrequest.RequestCacheAwareFilter.doFilter(RequestCacheAwareFilter.java:63) ~[spring-security-web-7.0.5.jar:7.0.5]
	at org.springframework.security.web.ObservationFilterChainDecorator$ObservationFilter.wrapFilter(ObservationFilterChainDecorator.java:244) ~[spring-security-web-7.0.5.jar:7.0.5]
	at org.springframework.security.web.ObservationFilterChainDecorator$ObservationFilter.doFilter(ObservationFilterChainDecorator.java:231) ~[spring-security-web-7.0.5.jar:7.0.5]
	at org.springframework.security.web.ObservationFilterChainDecorator$VirtualFilterChain.doFilter(ObservationFilterChainDecorator.java:141) ~[spring-security-web-7.0.5.jar:7.0.5]
	at org.springframework.security.web.authentication.www.BasicAuthenticationFilter.doFilterInternal(BasicAuthenticationFilter.java:247) ~[spring-security-web-7.0.5.jar:7.0.5]
	at org.springframework.web.filter.OncePerRequestFilter.doFilter(OncePerRequestFilter.java:116) ~[spring-web-7.0.7.jar:7.0.7]
	at org.springframework.security.web.ObservationFilterChainDecorator$ObservationFilter.wrapFilter(ObservationFilterChainDecorator.java:244) ~[spring-security-web-7.0.5.jar:7.0.5]
	at org.springframework.security.web.ObservationFilterChainDecorator$ObservationFilter.doFilter(ObservationFilterChainDecorator.java:231) ~[spring-security-web-7.0.5.jar:7.0.5]
	at org.springframework.security.web.ObservationFilterChainDecorator$VirtualFilterChain.doFilter(ObservationFilterChainDecorator.java:141) ~[spring-security-web-7.0.5.jar:7.0.5]
	at org.springframework.security.web.authentication.logout.LogoutFilter.doFilter(LogoutFilter.java:110) ~[spring-security-web-7.0.5.jar:7.0.5]
	at org.springframework.security.web.authentication.logout.LogoutFilter.doFilter(LogoutFilter.java:96) ~[spring-security-web-7.0.5.jar:7.0.5]
	at org.springframework.security.web.ObservationFilterChainDecorator$ObservationFilter.wrapFilter(ObservationFilterChainDecorator.java:244) ~[spring-security-web-7.0.5.jar:7.0.5]
	at org.springframework.security.web.ObservationFilterChainDecorator$ObservationFilter.doFilter(ObservationFilterChainDecorator.java:231) ~[spring-security-web-7.0.5.jar:7.0.5]
	at org.springframework.security.web.ObservationFilterChainDecorator$VirtualFilterChain.doFilter(ObservationFilterChainDecorator.java:141) ~[spring-security-web-7.0.5.jar:7.0.5]
	at org.springframework.security.web.header.HeaderWriterFilter.doHeadersAfter(HeaderWriterFilter.java:90) ~[spring-security-web-7.0.5.jar:7.0.5]
	at org.springframework.security.web.header.HeaderWriterFilter.doFilterInternal(HeaderWriterFilter.java:75) ~[spring-security-web-7.0.5.jar:7.0.5]
	at org.springframework.web.filter.OncePerRequestFilter.doFilter(OncePerRequestFilter.java:116) ~[spring-web-7.0.7.jar:7.0.7]
	at org.springframework.security.web.ObservationFilterChainDecorator$ObservationFilter.wrapFilter(ObservationFilterChainDecorator.java:244) ~[spring-security-web-7.0.5.jar:7.0.5]
	at org.springframework.security.web.ObservationFilterChainDecorator$ObservationFilter.doFilter(ObservationFilterChainDecorator.java:231) ~[spring-security-web-7.0.5.jar:7.0.5]
	at org.springframework.security.web.ObservationFilterChainDecorator$VirtualFilterChain.doFilter(ObservationFilterChainDecorator.java:141) ~[spring-security-web-7.0.5.jar:7.0.5]
	at org.springframework.security.web.context.SecurityContextHolderFilter.doFilter(SecurityContextHolderFilter.java:82) ~[spring-security-web-7.0.5.jar:7.0.5]
	at org.springframework.security.web.context.SecurityContextHolderFilter.doFilter(SecurityContextHolderFilter.java:69) ~[spring-security-web-7.0.5.jar:7.0.5]
	at org.springframework.security.web.ObservationFilterChainDecorator$ObservationFilter.wrapFilter(ObservationFilterChainDecorator.java:244) ~[spring-security-web-7.0.5.jar:7.0.5]
	at org.springframework.security.web.ObservationFilterChainDecorator$ObservationFilter.doFilter(ObservationFilterChainDecorator.java:231) ~[spring-security-web-7.0.5.jar:7.0.5]
	at org.springframework.security.web.ObservationFilterChainDecorator$VirtualFilterChain.doFilter(ObservationFilterChainDecorator.java:141) ~[spring-security-web-7.0.5.jar:7.0.5]
	at org.springframework.security.web.context.request.async.WebAsyncManagerIntegrationFilter.doFilterInternal(WebAsyncManagerIntegrationFilter.java:62) ~[spring-security-web-7.0.5.jar:7.0.5]
	at org.springframework.web.filter.OncePerRequestFilter.doFilter(OncePerRequestFilter.java:116) ~[spring-web-7.0.7.jar:7.0.7]
	at org.springframework.security.web.ObservationFilterChainDecorator$ObservationFilter.wrapFilter(ObservationFilterChainDecorator.java:244) ~[spring-security-web-7.0.5.jar:7.0.5]
	at org.springframework.security.web.ObservationFilterChainDecorator$ObservationFilter.doFilter(ObservationFilterChainDecorator.java:231) ~[spring-security-web-7.0.5.jar:7.0.5]
	at org.springframework.security.web.ObservationFilterChainDecorator$VirtualFilterChain.doFilter(ObservationFilterChainDecorator.java:141) ~[spring-security-web-7.0.5.jar:7.0.5]
	at org.springframework.security.web.session.DisableEncodeUrlFilter.doFilterInternal(DisableEncodeUrlFilter.java:42) ~[spring-security-web-7.0.5.jar:7.0.5]
	at org.springframework.web.filter.OncePerRequestFilter.doFilter(OncePerRequestFilter.java:116) ~[spring-web-7.0.7.jar:7.0.7]
	at org.springframework.security.web.ObservationFilterChainDecorator$ObservationFilter.wrapFilter(ObservationFilterChainDecorator.java:244) ~[spring-security-web-7.0.5.jar:7.0.5]
	at org.springframework.security.web.ObservationFilterChainDecorator$AroundFilterObservation$SimpleAroundFilterObservation.lambda$wrap$0(ObservationFilterChainDecorator.java:337) ~[spring-security-web-7.0.5.jar:7.0.5]
	at org.springframework.security.web.ObservationFilterChainDecorator$ObservationFilter.doFilter(ObservationFilterChainDecorator.java:228) ~[spring-security-web-7.0.5.jar:7.0.5]
	at org.springframework.security.web.ObservationFilterChainDecorator$VirtualFilterChain.doFilter(ObservationFilterChainDecorator.java:141) ~[spring-security-web-7.0.5.jar:7.0.5]
	at org.springframework.security.web.FilterChainProxy.doFilterInternal(FilterChainProxy.java:237) ~[spring-security-web-7.0.5.jar:7.0.5]
	at org.springframework.security.web.FilterChainProxy.doFilter(FilterChainProxy.java:195) ~[spring-security-web-7.0.5.jar:7.0.5]
	at org.springframework.web.filter.CompositeFilter$VirtualFilterChain.doFilter(CompositeFilter.java:113) ~[spring-web-7.0.7.jar:7.0.7]
	at org.springframework.web.filter.ServletRequestPathFilter.doFilter(ServletRequestPathFilter.java:52) ~[spring-web-7.0.7.jar:7.0.7]
	at org.springframework.web.filter.CompositeFilter$VirtualFilterChain.doFilter(CompositeFilter.java:113) ~[spring-web-7.0.7.jar:7.0.7]
	at org.springframework.web.filter.CompositeFilter.doFilter(CompositeFilter.java:74) ~[spring-web-7.0.7.jar:7.0.7]
	at org.springframework.security.config.annotation.web.configuration.WebSecurityConfiguration$CompositeFilterChainProxy.doFilter(WebSecurityConfiguration.java:317) ~[spring-security-config-7.0.5.jar:7.0.5]
	at org.springframework.web.filter.DelegatingFilterProxy.invokeDelegate(DelegatingFilterProxy.java:355) ~[spring-web-7.0.7.jar:7.0.7]
	at org.springframework.web.filter.DelegatingFilterProxy.doFilter(DelegatingFilterProxy.java:272) ~[spring-web-7.0.7.jar:7.0.7]
	at org.apache.catalina.core.ApplicationFilterChain.doFilter(ApplicationFilterChain.java:107) ~[tomcat-embed-core-11.0.22.jar:11.0.22]
	at org.springframework.web.filter.RequestContextFilter.doFilterInternal(RequestContextFilter.java:100) ~[spring-web-7.0.7.jar:7.0.7]
	at org.springframework.web.filter.OncePerRequestFilter.doFilter(OncePerRequestFilter.java:116) ~[spring-web-7.0.7.jar:7.0.7]
	at org.apache.catalina.core.ApplicationFilterChain.doFilter(ApplicationFilterChain.java:107) ~[tomcat-embed-core-11.0.22.jar:11.0.22]
	at org.springframework.web.filter.FormContentFilter.doFilterInternal(FormContentFilter.java:93) ~[spring-web-7.0.7.jar:7.0.7]
	at org.springframework.web.filter.OncePerRequestFilter.doFilter(OncePerRequestFilter.java:116) ~[spring-web-7.0.7.jar:7.0.7]
	at org.apache.catalina.core.ApplicationFilterChain.doFilter(ApplicationFilterChain.java:107) ~[tomcat-embed-core-11.0.22.jar:11.0.22]
	at org.springframework.web.filter.ServerHttpObservationFilter.doFilterInternal(ServerHttpObservationFilter.java:110) ~[spring-web-7.0.7.jar:7.0.7]
	at org.springframework.web.filter.OncePerRequestFilter.doFilter(OncePerRequestFilter.java:116) ~[spring-web-7.0.7.jar:7.0.7]
	at org.apache.catalina.core.ApplicationFilterChain.doFilter(ApplicationFilterChain.java:107) ~[tomcat-embed-core-11.0.22.jar:11.0.22]
	at org.springframework.web.filter.CharacterEncodingFilter.doFilterInternal(CharacterEncodingFilter.java:199) ~[spring-web-7.0.7.jar:7.0.7]
	at org.springframework.web.filter.OncePerRequestFilter.doFilter(OncePerRequestFilter.java:116) ~[spring-web-7.0.7.jar:7.0.7]
	at org.apache.catalina.core.ApplicationFilterChain.doFilter(ApplicationFilterChain.java:107) ~[tomcat-embed-core-11.0.22.jar:11.0.22]
	at org.apache.catalina.core.StandardWrapperValve.invoke(StandardWrapperValve.java:165) ~[tomcat-embed-core-11.0.22.jar:11.0.22]
	at org.apache.catalina.core.StandardContextValve.invoke(StandardContextValve.java:77) ~[tomcat-embed-core-11.0.22.jar:11.0.22]
	at org.apache.catalina.authenticator.AuthenticatorBase.invoke(AuthenticatorBase.java:492) ~[tomcat-embed-core-11.0.22.jar:11.0.22]
	at org.apache.catalina.core.StandardHostValve.invoke(StandardHostValve.java:113) ~[tomcat-embed-core-11.0.22.jar:11.0.22]
	at org.apache.catalina.valves.ErrorReportValve.invoke(ErrorReportValve.java:83) ~[tomcat-embed-core-11.0.22.jar:11.0.22]
	at org.apache.catalina.core.StandardEngineValve.invoke(StandardEngineValve.java:72) ~[tomcat-embed-core-11.0.22.jar:11.0.22]
	at org.apache.catalina.connector.CoyoteAdapter.service(CoyoteAdapter.java:341) ~[tomcat-embed-core-11.0.22.jar:11.0.22]
	at org.apache.coyote.http11.Http11Processor.service(Http11Processor.java:397) ~[tomcat-embed-core-11.0.22.jar:11.0.22]
	at org.apache.coyote.AbstractProcessorLight.process(AbstractProcessorLight.java:63) ~[tomcat-embed-core-11.0.22.jar:11.0.22]
	at org.apache.coyote.AbstractProtocol$ConnectionHandler.process(AbstractProtocol.java:1272) ~[tomcat-embed-core-11.0.22.jar:11.0.22]
	at org.apache.tomcat.util.net.NioEndpoint$SocketProcessor.doRun(NioEndpoint.java:1801) ~[tomcat-embed-core-11.0.22.jar:11.0.22]
	at org.apache.tomcat.util.net.SocketProcessorBase.run(SocketProcessorBase.java:52) ~[tomcat-embed-core-11.0.22.jar:11.0.22]
	at org.apache.tomcat.util.threads.ThreadPoolExecutor.runWorker(ThreadPoolExecutor.java:946) ~[tomcat-embed-core-11.0.22.jar:11.0.22]
	at org.apache.tomcat.util.threads.ThreadPoolExecutor$Worker.run(ThreadPoolExecutor.java:480) ~[tomcat-embed-core-11.0.22.jar:11.0.22]
	at org.apache.tomcat.util.threads.TaskThread$WrappingRunnable.run(TaskThread.java:57) ~[tomcat-embed-core-11.0.22.jar:11.0.22]
	at java.base/java.lang.Thread.run(Thread.java:1583) ~[na:na]

2026-06-10T22:35:16.893-05:00 TRACE 20976 --- [practice-basic-auth] [http-nio-8080-exec-1] o.s.s.w.header.writers.HstsHeaderWriter  : Not injecting HSTS header since it did not match request to [Is Secure]
2026-06-10T22:35:26.806-05:00 TRACE 20976 --- [practice-basic-auth] [http-nio-8080-exec-3] o.s.security.web.FilterChainProxy        : Trying to match request against DefaultSecurityFilterChain defined as 'securityFilterChain' in [class path resource [org/bsr/springboot/practicebasicauth/security/SecurityConfig.class]] matching [any request] and having filters [DisableEncodeUrl, WebAsyncManagerIntegration, SecurityContextHolder, HeaderWriter, Logout, BasicAuthentication, RequestCacheAware, SecurityContextHolderAwareRequest, AnonymousAuthentication, SessionManagement, ExceptionTranslation, Authorization] (1/1)
2026-06-10T22:35:26.806-05:00 DEBUG 20976 --- [practice-basic-auth] [http-nio-8080-exec-3] o.s.security.web.FilterChainProxy        : Securing GET /api/admin/metrics
2026-06-10T22:35:26.806-05:00 TRACE 20976 --- [practice-basic-auth] [http-nio-8080-exec-3] o.s.security.web.FilterChainProxy        : Invoking DisableEncodeUrlFilter (1/12)
2026-06-10T22:35:26.806-05:00 TRACE 20976 --- [practice-basic-auth] [http-nio-8080-exec-3] o.s.security.web.FilterChainProxy        : Invoking WebAsyncManagerIntegrationFilter (2/12)
2026-06-10T22:35:26.806-05:00 TRACE 20976 --- [practice-basic-auth] [http-nio-8080-exec-3] o.s.security.web.FilterChainProxy        : Invoking SecurityContextHolderFilter (3/12)
2026-06-10T22:35:26.807-05:00 TRACE 20976 --- [practice-basic-auth] [http-nio-8080-exec-3] o.s.security.web.FilterChainProxy        : Invoking HeaderWriterFilter (4/12)
2026-06-10T22:35:26.807-05:00 TRACE 20976 --- [practice-basic-auth] [http-nio-8080-exec-3] o.s.security.web.FilterChainProxy        : Invoking LogoutFilter (5/12)
2026-06-10T22:35:26.807-05:00 TRACE 20976 --- [practice-basic-auth] [http-nio-8080-exec-3] o.s.s.w.a.logout.LogoutFilter            : Did not match request to Or [PathPattern [GET /logout], PathPattern [POST /logout], PathPattern [PUT /logout], PathPattern [DELETE /logout]]
2026-06-10T22:35:26.807-05:00 TRACE 20976 --- [practice-basic-auth] [http-nio-8080-exec-3] o.s.security.web.FilterChainProxy        : Invoking BasicAuthenticationFilter (6/12)
2026-06-10T22:35:26.807-05:00 TRACE 20976 --- [practice-basic-auth] [http-nio-8080-exec-3] o.s.s.w.a.www.BasicAuthenticationFilter  : Found username 'admin1' in Basic Authorization header
2026-06-10T22:35:26.807-05:00 TRACE 20976 --- [practice-basic-auth] [http-nio-8080-exec-3] .s.s.w.c.SupplierDeferredSecurityContext : Created SecurityContextImpl [Null authentication]
2026-06-10T22:35:26.807-05:00 TRACE 20976 --- [practice-basic-auth] [http-nio-8080-exec-3] o.s.s.authentication.ProviderManager     : Authenticating request with DaoAuthenticationProvider (1/1)
2026-06-10T22:35:26.807-05:00 DEBUG 20976 --- [practice-basic-auth] [http-nio-8080-exec-3] o.s.jdbc.core.JdbcTemplate               : Executing prepared SQL query
2026-06-10T22:35:26.807-05:00 DEBUG 20976 --- [practice-basic-auth] [http-nio-8080-exec-3] o.s.jdbc.core.JdbcTemplate               : Executing prepared SQL statement [SELECT USERNAME, HASHED_PASSWORD, STATUS, CREATED_AT, UPDATED_AT FROM USERS WHERE USERNAME = ?]
2026-06-10T22:35:26.807-05:00 DEBUG 20976 --- [practice-basic-auth] [http-nio-8080-exec-3] o.s.jdbc.datasource.DataSourceUtils      : Fetching JDBC Connection from DataSource
2026-06-10T22:35:26.808-05:00 DEBUG 20976 --- [practice-basic-auth] [http-nio-8080-exec-3] o.s.jdbc.core.JdbcTemplate               : Executing prepared SQL query
2026-06-10T22:35:26.808-05:00 DEBUG 20976 --- [practice-basic-auth] [http-nio-8080-exec-3] o.s.jdbc.core.JdbcTemplate               : Executing prepared SQL statement [SELECT ROLE_NAME FROM USER_ROLES WHERE USERNAME = ?]
2026-06-10T22:35:26.808-05:00 DEBUG 20976 --- [practice-basic-auth] [http-nio-8080-exec-3] o.s.jdbc.datasource.DataSourceUtils      : Fetching JDBC Connection from DataSource
2026-06-10T22:35:26.874-05:00 DEBUG 20976 --- [practice-basic-auth] [http-nio-8080-exec-3] o.s.s.a.dao.DaoAuthenticationProvider    : Authenticated user
2026-06-10T22:35:26.874-05:00 DEBUG 20976 --- [practice-basic-auth] [http-nio-8080-exec-3] o.s.s.w.a.www.BasicAuthenticationFilter  : Set SecurityContextHolder to UsernamePasswordAuthenticationToken [Principal=org.bsr.springboot.practicebasicauth.security.AppUserPrincipal@58ccb00b, Credentials=[PROTECTED], Authenticated=true, Details=WebAuthenticationDetails [RemoteIpAddress=0:0:0:0:0:0:0:1, SessionId=null], Granted Authorities=[ROLE_ADMIN, ROLE_USER, FactorGrantedAuthority [authority=FACTOR_PASSWORD, issuedAt=2026-06-11T03:35:26.874211600Z]]]
2026-06-10T22:35:26.875-05:00 TRACE 20976 --- [practice-basic-auth] [http-nio-8080-exec-3] o.s.security.web.FilterChainProxy        : Invoking RequestCacheAwareFilter (7/12)
2026-06-10T22:35:26.875-05:00 TRACE 20976 --- [practice-basic-auth] [http-nio-8080-exec-3] o.s.security.web.FilterChainProxy        : Invoking SecurityContextHolderAwareRequestFilter (8/12)
2026-06-10T22:35:26.875-05:00 TRACE 20976 --- [practice-basic-auth] [http-nio-8080-exec-3] o.s.security.web.FilterChainProxy        : Invoking AnonymousAuthenticationFilter (9/12)
2026-06-10T22:35:26.875-05:00 TRACE 20976 --- [practice-basic-auth] [http-nio-8080-exec-3] o.s.security.web.FilterChainProxy        : Invoking SessionManagementFilter (10/12)
2026-06-10T22:35:26.875-05:00 TRACE 20976 --- [practice-basic-auth] [http-nio-8080-exec-3] o.s.s.w.a.AnonymousAuthenticationFilter  : Did not set SecurityContextHolder since already authenticated UsernamePasswordAuthenticationToken [Principal=org.bsr.springboot.practicebasicauth.security.AppUserPrincipal@58ccb00b, Credentials=[PROTECTED], Authenticated=true, Details=WebAuthenticationDetails [RemoteIpAddress=0:0:0:0:0:0:0:1, SessionId=null], Granted Authorities=[ROLE_ADMIN, ROLE_USER, FactorGrantedAuthority [authority=FACTOR_PASSWORD, issuedAt=2026-06-11T03:35:26.874211600Z]]]
2026-06-10T22:35:26.875-05:00 TRACE 20976 --- [practice-basic-auth] [http-nio-8080-exec-3] s.CompositeSessionAuthenticationStrategy : Preparing session with ChangeSessionIdAuthenticationStrategy (1/1)
2026-06-10T22:35:26.875-05:00 TRACE 20976 --- [practice-basic-auth] [http-nio-8080-exec-3] o.s.security.web.FilterChainProxy        : Invoking ExceptionTranslationFilter (11/12)
2026-06-10T22:35:26.875-05:00 TRACE 20976 --- [practice-basic-auth] [http-nio-8080-exec-3] o.s.security.web.FilterChainProxy        : Invoking AuthorizationFilter (12/12)
2026-06-10T22:35:26.875-05:00 TRACE 20976 --- [practice-basic-auth] [http-nio-8080-exec-3] estMatcherDelegatingAuthorizationManager : Authorizing GET /api/admin/metrics
2026-06-10T22:35:26.876-05:00 TRACE 20976 --- [practice-basic-auth] [http-nio-8080-exec-3] estMatcherDelegatingAuthorizationManager : Checking authorization on GET /api/admin/metrics using AuthorityAuthorizationManager[authorities=[ROLE_ADMIN]]
2026-06-10T22:35:26.877-05:00 DEBUG 20976 --- [practice-basic-auth] [http-nio-8080-exec-3] o.s.security.web.FilterChainProxy        : Secured GET /api/admin/metrics
2026-06-10T22:35:26.878-05:00 DEBUG 20976 --- [practice-basic-auth] [http-nio-8080-exec-3] o.s.web.servlet.DispatcherServlet        : GET "/api/admin/metrics", parameters={}
2026-06-10T22:35:26.882-05:00 DEBUG 20976 --- [practice-basic-auth] [http-nio-8080-exec-3] s.b.w.a.e.w.WebMvcEndpointHandlerMapping : Mapped to Actuator web endpoint 'metrics'
2026-06-10T22:35:26.894-05:00 DEBUG 20976 --- [practice-basic-auth] [http-nio-8080-exec-3] m.m.a.RequestResponseBodyMethodProcessor : Read "application/octet-stream" to []
2026-06-10T22:35:26.902-05:00 DEBUG 20976 --- [practice-basic-auth] [http-nio-8080-exec-3] m.m.a.RequestResponseBodyMethodProcessor : Using 'application/vnd.spring-boot.actuator.v3+json', given [*/*] and supported [application/vnd.spring-boot.actuator.v3+json, application/vnd.spring-boot.actuator.v2+json, application/json]
2026-06-10T22:35:26.903-05:00 DEBUG 20976 --- [practice-basic-auth] [http-nio-8080-exec-3] m.m.a.RequestResponseBodyMethodProcessor : Writing [org.springframework.boot.micrometer.metrics.actuate.endpoint.MetricsEndpoint$MetricNamesDescriptor@6 (truncated)...]
2026-06-10T22:35:26.907-05:00 DEBUG 20976 --- [practice-basic-auth] [http-nio-8080-exec-3] o.s.web.servlet.DispatcherServlet        : Completed 200 OK
2026-06-10T22:35:26.908-05:00 TRACE 20976 --- [practice-basic-auth] [http-nio-8080-exec-3] o.s.s.w.header.writers.HstsHeaderWriter  : Not injecting HSTS header since it did not match request to [Is Secure]
2026-06-10T22:35:45.384-05:00 TRACE 20976 --- [practice-basic-auth] [http-nio-8080-exec-4] o.s.security.web.FilterChainProxy        : Trying to match request against DefaultSecurityFilterChain defined as 'securityFilterChain' in [class path resource [org/bsr/springboot/practicebasicauth/security/SecurityConfig.class]] matching [any request] and having filters [DisableEncodeUrl, WebAsyncManagerIntegration, SecurityContextHolder, HeaderWriter, Logout, BasicAuthentication, RequestCacheAware, SecurityContextHolderAwareRequest, AnonymousAuthentication, SessionManagement, ExceptionTranslation, Authorization] (1/1)
2026-06-10T22:35:45.385-05:00 DEBUG 20976 --- [practice-basic-auth] [http-nio-8080-exec-4] o.s.security.web.FilterChainProxy        : Securing GET /api/admin/metrics
2026-06-10T22:35:45.385-05:00 TRACE 20976 --- [practice-basic-auth] [http-nio-8080-exec-4] o.s.security.web.FilterChainProxy        : Invoking DisableEncodeUrlFilter (1/12)
2026-06-10T22:35:45.385-05:00 TRACE 20976 --- [practice-basic-auth] [http-nio-8080-exec-4] o.s.security.web.FilterChainProxy        : Invoking WebAsyncManagerIntegrationFilter (2/12)
2026-06-10T22:35:45.385-05:00 TRACE 20976 --- [practice-basic-auth] [http-nio-8080-exec-4] o.s.security.web.FilterChainProxy        : Invoking SecurityContextHolderFilter (3/12)
2026-06-10T22:35:45.385-05:00 TRACE 20976 --- [practice-basic-auth] [http-nio-8080-exec-4] o.s.security.web.FilterChainProxy        : Invoking HeaderWriterFilter (4/12)
2026-06-10T22:35:45.385-05:00 TRACE 20976 --- [practice-basic-auth] [http-nio-8080-exec-4] o.s.security.web.FilterChainProxy        : Invoking LogoutFilter (5/12)
2026-06-10T22:35:45.385-05:00 TRACE 20976 --- [practice-basic-auth] [http-nio-8080-exec-4] o.s.s.w.a.logout.LogoutFilter            : Did not match request to Or [PathPattern [GET /logout], PathPattern [POST /logout], PathPattern [PUT /logout], PathPattern [DELETE /logout]]
2026-06-10T22:35:45.385-05:00 TRACE 20976 --- [practice-basic-auth] [http-nio-8080-exec-4] o.s.security.web.FilterChainProxy        : Invoking BasicAuthenticationFilter (6/12)
2026-06-10T22:35:45.385-05:00 TRACE 20976 --- [practice-basic-auth] [http-nio-8080-exec-4] o.s.s.w.a.www.BasicAuthenticationFilter  : Found username 'admin1' in Basic Authorization header
2026-06-10T22:35:45.385-05:00 TRACE 20976 --- [practice-basic-auth] [http-nio-8080-exec-4] .s.s.w.c.SupplierDeferredSecurityContext : Created SecurityContextImpl [Null authentication]
2026-06-10T22:35:45.385-05:00 TRACE 20976 --- [practice-basic-auth] [http-nio-8080-exec-4] o.s.s.authentication.ProviderManager     : Authenticating request with DaoAuthenticationProvider (1/1)
2026-06-10T22:35:45.385-05:00 DEBUG 20976 --- [practice-basic-auth] [http-nio-8080-exec-4] o.s.jdbc.core.JdbcTemplate               : Executing prepared SQL query
2026-06-10T22:35:45.385-05:00 DEBUG 20976 --- [practice-basic-auth] [http-nio-8080-exec-4] o.s.jdbc.core.JdbcTemplate               : Executing prepared SQL statement [SELECT USERNAME, HASHED_PASSWORD, STATUS, CREATED_AT, UPDATED_AT FROM USERS WHERE USERNAME = ?]
2026-06-10T22:35:45.385-05:00 DEBUG 20976 --- [practice-basic-auth] [http-nio-8080-exec-4] o.s.jdbc.datasource.DataSourceUtils      : Fetching JDBC Connection from DataSource
2026-06-10T22:35:45.386-05:00 DEBUG 20976 --- [practice-basic-auth] [http-nio-8080-exec-4] o.s.jdbc.core.JdbcTemplate               : Executing prepared SQL query
2026-06-10T22:35:45.386-05:00 DEBUG 20976 --- [practice-basic-auth] [http-nio-8080-exec-4] o.s.jdbc.core.JdbcTemplate               : Executing prepared SQL statement [SELECT ROLE_NAME FROM USER_ROLES WHERE USERNAME = ?]
2026-06-10T22:35:45.386-05:00 DEBUG 20976 --- [practice-basic-auth] [http-nio-8080-exec-4] o.s.jdbc.datasource.DataSourceUtils      : Fetching JDBC Connection from DataSource
2026-06-10T22:35:45.454-05:00 DEBUG 20976 --- [practice-basic-auth] [http-nio-8080-exec-4] o.s.s.a.dao.DaoAuthenticationProvider    : Authenticated user
2026-06-10T22:35:45.454-05:00 DEBUG 20976 --- [practice-basic-auth] [http-nio-8080-exec-4] o.s.s.w.a.www.BasicAuthenticationFilter  : Set SecurityContextHolder to UsernamePasswordAuthenticationToken [Principal=org.bsr.springboot.practicebasicauth.security.AppUserPrincipal@42344efe, Credentials=[PROTECTED], Authenticated=true, Details=WebAuthenticationDetails [RemoteIpAddress=0:0:0:0:0:0:0:1, SessionId=null], Granted Authorities=[ROLE_ADMIN, ROLE_USER, FactorGrantedAuthority [authority=FACTOR_PASSWORD, issuedAt=2026-06-11T03:35:45.454668300Z]]]
2026-06-10T22:35:45.454-05:00 TRACE 20976 --- [practice-basic-auth] [http-nio-8080-exec-4] o.s.security.web.FilterChainProxy        : Invoking RequestCacheAwareFilter (7/12)
2026-06-10T22:35:45.454-05:00 TRACE 20976 --- [practice-basic-auth] [http-nio-8080-exec-4] o.s.security.web.FilterChainProxy        : Invoking SecurityContextHolderAwareRequestFilter (8/12)
2026-06-10T22:35:45.454-05:00 TRACE 20976 --- [practice-basic-auth] [http-nio-8080-exec-4] o.s.security.web.FilterChainProxy        : Invoking AnonymousAuthenticationFilter (9/12)
2026-06-10T22:35:45.454-05:00 TRACE 20976 --- [practice-basic-auth] [http-nio-8080-exec-4] o.s.security.web.FilterChainProxy        : Invoking SessionManagementFilter (10/12)
2026-06-10T22:35:45.455-05:00 TRACE 20976 --- [practice-basic-auth] [http-nio-8080-exec-4] o.s.s.w.a.AnonymousAuthenticationFilter  : Did not set SecurityContextHolder since already authenticated UsernamePasswordAuthenticationToken [Principal=org.bsr.springboot.practicebasicauth.security.AppUserPrincipal@42344efe, Credentials=[PROTECTED], Authenticated=true, Details=WebAuthenticationDetails [RemoteIpAddress=0:0:0:0:0:0:0:1, SessionId=null], Granted Authorities=[ROLE_ADMIN, ROLE_USER, FactorGrantedAuthority [authority=FACTOR_PASSWORD, issuedAt=2026-06-11T03:35:45.454668300Z]]]
2026-06-10T22:35:45.455-05:00 TRACE 20976 --- [practice-basic-auth] [http-nio-8080-exec-4] s.CompositeSessionAuthenticationStrategy : Preparing session with ChangeSessionIdAuthenticationStrategy (1/1)
2026-06-10T22:35:45.455-05:00 TRACE 20976 --- [practice-basic-auth] [http-nio-8080-exec-4] o.s.security.web.FilterChainProxy        : Invoking ExceptionTranslationFilter (11/12)
2026-06-10T22:35:45.455-05:00 TRACE 20976 --- [practice-basic-auth] [http-nio-8080-exec-4] o.s.security.web.FilterChainProxy        : Invoking AuthorizationFilter (12/12)
2026-06-10T22:35:45.455-05:00 TRACE 20976 --- [practice-basic-auth] [http-nio-8080-exec-4] estMatcherDelegatingAuthorizationManager : Authorizing GET /api/admin/metrics
2026-06-10T22:35:45.455-05:00 TRACE 20976 --- [practice-basic-auth] [http-nio-8080-exec-4] estMatcherDelegatingAuthorizationManager : Checking authorization on GET /api/admin/metrics using AuthorityAuthorizationManager[authorities=[ROLE_ADMIN]]
2026-06-10T22:35:45.455-05:00 DEBUG 20976 --- [practice-basic-auth] [http-nio-8080-exec-4] o.s.security.web.FilterChainProxy        : Secured GET /api/admin/metrics
2026-06-10T22:35:45.455-05:00 DEBUG 20976 --- [practice-basic-auth] [http-nio-8080-exec-4] o.s.web.servlet.DispatcherServlet        : GET "/api/admin/metrics", parameters={}
2026-06-10T22:35:45.455-05:00 DEBUG 20976 --- [practice-basic-auth] [http-nio-8080-exec-4] s.b.w.a.e.w.WebMvcEndpointHandlerMapping : Mapped to Actuator web endpoint 'metrics'
2026-06-10T22:35:45.456-05:00 DEBUG 20976 --- [practice-basic-auth] [http-nio-8080-exec-4] m.m.a.RequestResponseBodyMethodProcessor : Read "application/octet-stream" to []
2026-06-10T22:35:45.456-05:00 DEBUG 20976 --- [practice-basic-auth] [http-nio-8080-exec-4] m.m.a.RequestResponseBodyMethodProcessor : Using 'application/vnd.spring-boot.actuator.v3+json', given [*/*] and supported [application/vnd.spring-boot.actuator.v3+json, application/vnd.spring-boot.actuator.v2+json, application/json]
2026-06-10T22:35:45.456-05:00 DEBUG 20976 --- [practice-basic-auth] [http-nio-8080-exec-4] m.m.a.RequestResponseBodyMethodProcessor : Writing [org.springframework.boot.micrometer.metrics.actuate.endpoint.MetricsEndpoint$MetricNamesDescriptor@4 (truncated)...]
2026-06-10T22:35:45.456-05:00 DEBUG 20976 --- [practice-basic-auth] [http-nio-8080-exec-4] o.s.web.servlet.DispatcherServlet        : Completed 200 OK
2026-06-10T22:35:45.457-05:00 TRACE 20976 --- [practice-basic-auth] [http-nio-8080-exec-4] o.s.s.w.header.writers.HstsHeaderWriter  : Not injecting HSTS header since it did not match request to [Is Secure]
2026-06-10T22:36:15.359-05:00 DEBUG 20976 --- [practice-basic-auth] [SpringApplicationShutdownHook] o.s.b.a.ApplicationAvailabilityBean      : Application availability state ReadinessState changed from ACCEPTING_TRAFFIC to REFUSING_TRAFFIC
2026-06-10T22:36:15.359-05:00 DEBUG 20976 --- [practice-basic-auth] [SpringApplicationShutdownHook] ConfigServletWebServerApplicationContext : Closing org.springframework.boot.web.server.servlet.context.AnnotationConfigServletWebServerApplicationContext@7be58f16, started on Wed Jun 10 22:34:45 CDT 2026
2026-06-10T22:36:15.361-05:00 DEBUG 20976 --- [practice-basic-auth] [SpringApplicationShutdownHook] o.s.c.support.DefaultLifecycleProcessor  : Stopping beans in phase 2147482623
2026-06-10T22:36:15.362-05:00  INFO 20976 --- [practice-basic-auth] [SpringApplicationShutdownHook] o.s.boot.tomcat.GracefulShutdown         : Commencing graceful shutdown. Waiting for active requests to complete
2026-06-10T22:36:15.368-05:00  INFO 20976 --- [practice-basic-auth] [tomcat-shutdown] o.s.boot.tomcat.GracefulShutdown         : Graceful shutdown complete
2026-06-10T22:36:15.368-05:00 DEBUG 20976 --- [practice-basic-auth] [SpringApplicationShutdownHook] o.s.c.support.DefaultLifecycleProcessor  : Stopping beans in phase 2147481599
2026-06-10T22:36:15.368-05:00 DEBUG 20976 --- [practice-basic-auth] [tomcat-shutdown] o.s.c.support.DefaultLifecycleProcessor  : Bean 'webServerGracefulShutdown' completed its stop procedure
2026-06-10T22:36:15.369-05:00 DEBUG 20976 --- [practice-basic-auth] [SpringApplicationShutdownHook] o.s.c.support.DefaultLifecycleProcessor  : Bean 'webServerStartStop' completed its stop procedure
2026-06-10T22:36:15.369-05:00 DEBUG 20976 --- [practice-basic-auth] [SpringApplicationShutdownHook] o.s.c.support.DefaultLifecycleProcessor  : Stopping beans in phase 1073741823
2026-06-10T22:36:15.369-05:00 DEBUG 20976 --- [practice-basic-auth] [SpringApplicationShutdownHook] o.s.c.support.DefaultLifecycleProcessor  : Bean 'applicationTaskExecutor' completed its stop procedure
2026-06-10T22:36:15.369-05:00 DEBUG 20976 --- [practice-basic-auth] [SpringApplicationShutdownHook] o.s.c.support.DefaultLifecycleProcessor  : Stopping beans in phase -2147483647
2026-06-10T22:36:15.370-05:00 DEBUG 20976 --- [practice-basic-auth] [SpringApplicationShutdownHook] o.s.c.support.DefaultLifecycleProcessor  : Bean 'springBootLoggingLifecycle' completed its stop procedure
2026-06-10T22:36:15.371-05:00 DEBUG 20976 --- [practice-basic-auth] [SpringApplicationShutdownHook] o.s.j.e.a.AnnotationMBeanExporter        : Unregistering JMX-exposed beans on shutdown
2026-06-10T22:36:15.371-05:00 DEBUG 20976 --- [practice-basic-auth] [SpringApplicationShutdownHook] o.s.j.e.a.AnnotationMBeanExporter        : Unregistering JMX-exposed beans
2026-06-10T22:36:15.373-05:00  INFO 20976 --- [practice-basic-auth] [SpringApplicationShutdownHook] com.zaxxer.hikari.HikariDataSource       : HikariPool-1 - Shutdown initiated...
2026-06-10T22:36:15.374-05:00  INFO 20976 --- [practice-basic-auth] [SpringApplicationShutdownHook] com.zaxxer.hikari.HikariDataSource       : HikariPool-1 - Shutdown completed.
2026-06-10T22:36:15.374-05:00 DEBUG 20976 --- [practice-basic-auth] [SpringApplicationShutdownHook] o.s.s.concurrent.ThreadPoolTaskExecutor  : Shutting down ExecutorService 'applicationTaskExecutor'
2026-06-10T22:36:15.375-05:00 DEBUG 20976 --- [practice-basic-auth] [SpringApplicationShutdownHook] o.s.b.f.support.DisposableBeanAdapter    : Custom destroy method 'close' on bean with name 'simpleMeterRegistry' completed
